48.33
2.89
94.03
67.33
37.46
23.89
54.33
21.65
62.52
2.10
60.78
9.14
12.47
17.87
60.65
19.07
11.68
5.09
28.89
11.37
51.38
8.68
77.30
40.88
20.04
23.50
14.92
74.29
91.14
99.84
48.79
65.28
19.68
67.12
43.61
29.24
16.44
24.34
12.28
1.73
45.32
21.27
64.73
48.09
86.72
83.23
12.33
65.46
82.89
9.90
53.18
21.31
63.54
33.10
41.89
31.45
52.46
71.87
24.71
77.00
47.22
78.91
88.00
18.54
11.09
33.58
1.03
85.55
13.81
54.13
77.91
14.58
83.71
94.94
13.66
15.95
22.90
29.39
89.80
63.93
26.51
83.88
72.38
66.98
19.57
40.66
46.84
53.08
22.76
41.18
12.63
33.14
24.15
13.69
5.36
52.39
11.10
39.97
62.85
90.11
5.32
84.84
69.24
5.08
8.01
69.44
22.85
87.19
62.52
52.10
43.06
29.43
24.23
91.58
91.71
53.09
53.30
22.47
90.00
100.40
45.89
23.84
100.38
4.23
46.96
27.95
66.86
78.45
94.54
60.76
87.54
15.47
99.85
54.80
46.97
45.33
34.79
38.59
3.41
10.38
97.18
75.44
26.43
14.85
27.00
17.41
12.19
75.40
48.66
53.33
11.93
61.34
50.73
32.07
16.19
25.86
29.18
73.75
53.55
18.53
5.46
17.96
74.07
63.64
11.73
19.94
59.20
100.66
60.60
5.36
90.00
25.11
79.28
79.49
19.99
10.98
99.70
65.59
13.75
3.77
22.68
8.68
95.91
23.34
90.81
42.60
56.45
69.31
62.07
3.82
6.15
4.73
12.60
14.99
27.96
72.30
60.71
75.20
41.35
46.70
95.93
92.56
23.80
100.43
66.67
17.29
52.77
35.83
59.53
77.17
99.83
9.77
53.20
64.60
57.21
22.47
88.92
96.64
51.81
18.35
70.05
99.21
80.42
96.33
98.59
58.18
78.25
63.92
55.03
60.84
16.23
13.91
92.84
15.13
14.18
24.09
50.30
25.56
51.91
100.68
9.94
57.67
25.07
83.75
23.50
8.53
26.16
38.98
81.78
55.21
1.07
47.78
82.96
52.31
19.48
73.57
70.71
35.29
5.18
52.03
53.02
100.76
77.03
26.05
55.75
52.53
32.42
30.26
26.58
41.66
31.87
71.68
79.00
87.81
22.98
90.09
22.31
100.87
48.12
1.74
30.76
71.53
9.59
78.79
63.74
28.47
81.49
43.88
50.17
81.61
12.50
24.22
73.79
47.22
93.61
78.73
2.98
76.34
17.95
54.86
25.02
14.31
66.82
52.92
91.75
29.76
95.26
11.91
43.78
58.02
28.13
94.52
66.49
7.90
78.56
78.99
36.17
93.71
11.96
80.30
82.80
96.88
38.22
42.17
41.90
80.77
6.19
43.87
49.79
78.02
33.75
80.20
80.58
37.51
45.96
58.71
59.48
93.18
77.81
61.78
70.56
24.71
41.63
83.63
61.21
1.86
88.08
45.42
74.08
53.06
16.10
38.44
56.04
45.36
60.82
86.30
15.04
37.97
42.38
65.22
80.76
58.12
49.32
35.01
61.34
88.95
45.84
85.94
18.10
52.25
2.40
43.30
63.03
1.64
68.37
1.00
11.81
55.40
69.41
93.83
12.12
56.84
41.83
11.82
26.62
11.11
65.34
38.75
56.32
28.33
44.82
79.83
94.36
92.40
85.39
94.40
96.19
19.25
85.76
41.72
28.17
73.27
79.67
17.18
59.37
17.86
58.53
61.11
1.40
7.32
5.04
58.70
18.04
11.36
24.43
21.15
75.89
42.71
32.66
28.08
89.66
72.75
15.83
7.29
69.08
38.06
30.84
35.26
91.76
18.11
16.98
26.46
8.82
14.74
43.77
52.15
13.90
75.38
21.93
60.99
93.10
16.26
45.61
3.96
65.04
6.64
14.21
80.44
99.13
80.86
77.89
56.94
16.74
65.06
100.44
49.77
69.63
27.49
8.79
80.86
32.45
48.15
33.51
12.40
31.48
44.25
52.40
29.40
58.68
15.22
28.10
35.61
36.27
5.34
31.35
39.93
31.76
77.95
21.19
13.92
60.91
58.46
84.33
19.01
72.37
82.78
48.03
47.35
57.69
2.23
10.51
73.21
46.51
72.67
16.70
65.05
9.19
59.95
69.78
21.18
3.57
23.72
72.32
57.84
77.24
45.20
15.32
67.96
57.65
71.94
42.71
100.72
22.74
72.86
14.12
65.08
24.46
4.07
6.02
78.02
91.90
78.99
89.22
56.07
84.57
38.61
7.61
60.18
24.28
86.10
56.00
18.44
74.57
70.86
98.82
27.77
59.28
15.60
57.10
18.86
87.58
8.19
46.54
30.19
43.10
85.90
80.63
36.99
74.06
63.10
9.22
74.66
72.51
83.62
10.90
19.59
30.39
21.27
89.99
83.78
83.70
49.81
77.70
41.59
20.06
27.30
22.26
66.43
39.60
88.46
95.18
97.50
71.88
17.67
4.76
84.98
94.40
6.94
93.06
78.36
99.95
94.65
24.43
8.08
69.03
34.10
75.80
28.02
28.54
24.24
34.95
76.74
80.65
15.00
41.99
57.43
76.94
47.35
44.62
94.39
27.71
55.54
36.20
99.81
21.66
76.62
59.84
74.93
45.98
9.82
94.84
23.81
41.76
89.53
33.48
59.32
47.95
68.28
7.67
64.31
1.33
79.43
100.98
73.21
32.97
10.07
45.61
51.47
87.52
85.97
10.63
25.48
47.05
73.08
93.35
95.79
98.12
72.65
13.96
20.11
64.19
5.18
25.26
92.78
44.50
94.55
88.63
91.97
17.33
60.80
81.49
13.19
59.56
74.78
33.92
6.88
27.79
10.94
98.06
10.99
27.25
98.76
41.65
28.43
18.02
89.49
3.37
84.87
50.94
93.98
84.30
6.21
29.24
23.50
47.13
12.72
86.35
57.13
18.74
7.56
82.23
33.83
68.04
5.77
64.11
98.84
94.64
60.06
21.50
2.65
43.11
42.01
21.64
52.68
84.79
82.20
2.63
45.31
81.84
29.85
35.25
29.50
75.43
1.46
73.71
59.74
29.79
68.18
50.90
80.72
78.46
90.16
16.97
46.31
100.06
19.58
36.67
96.17
59.08
14.60
12.11
90.09
20.36
79.94
40.05
15.33
19.19
31.34
32.15
45.60
12.53
50.67
11.60
79.46
51.59
28.99
16.39
56.38
38.44
17.81
54.87
97.09
26.75
89.46
37.45
49.38
23.05
33.89
4.35
39.65
62.82
62.58
22.24
70.28
75.97
23.61
74.24
54.95
11.31
75.30
90.18
59.86
41.12
2.90
1.35
17.05
47.42
32.87
100.72
92.70
17.18
83.61
48.11
38.63
37.60
10.02
11.93
86.30
16.77
19.03
27.40
30.49
28.83
17.03
16.15
4.75
24.25
28.92
76.78
95.78
42.68
23.75
46.57
5.15
26.09
54.65
3.63
71.46
57.23
56.71
39.43
84.79
5.92
17.01
85.89
49.09
27.75
94.31
39.53
92.53
12.20
19.40
43.80
53.55
22.79
35.16
27.36
74.86
86.10
42.83
5.66
45.74
9.86
51.98
68.11
62.97
15.52
81.98
22.98
100.23
35.04
9.70
14.51
23.91
6.49
43.54
28.93
17.53
18.22
39.70
54.71
40.30
8.44
36.51
7.74
39.00
97.74
50.48
30.98
26.46
5.90
86.39
79.69
58.03
24.45
62.46
90.88
23.98
70.28
18.09
80.15
89.19
32.91
11.29
49.56
10.48
33.54
7.43
26.43
44.34
55.82
36.82
50.53
49.36
38.87
79.89
23.43
28.36
66.40
96.04
82.13
42.17
6.94
27.04
23.09
97.22
74.68
23.28
47.92
81.69
13.18
42.59
18.23
7.86
79.57
63.48
92.83
20.08
8.27
27.01
50.00
2.88
36.31
31.19
16.98
76.29
32.67
43.85
28.25
63.80
84.20
15.11
94.49
79.85
80.66
61.65
10.21
28.49
2.24
12.76
13.88
11.06
7.50
53.79
68.84
71.03
74.14
33.86
6.47
9.77
30.75
39.32
87.39
77.87
8.89
6.27
41.03
25.16
70.25
13.76
92.67
15.78
66.27
44.26
78.70
6.45
52.73
78.15
59.18
17.69
53.13
19.45
32.68
34.57
78.44
24.11
13.65
4.88
3.09
17.24
49.60
56.41
69.24
38.51
76.45
71.63
71.71
100.36
51.23
9.17
10.88
49.05
92.61
10.80
15.09
19.57
70.05
36.44
44.69
10.85
10.58
42.03
88.39
59.12
45.18
39.18
91.67
55.36
50.51
8.52
67.96
74.01
5.99
56.74
26.20
9.78
15.81
25.52
21.03
17.38
73.10
33.68
37.38
55.57
37.12
3.64
3.54
98.07
17.74
93.44
56.92
23.52
21.12
79.34
56.42
68.48
61.56
4.01
19.45
85.08
27.33
20.12
74.57
74.82
17.95
71.95
99.96
84.74
9.55
81.54
85.07
99.18
1.45
79.25
83.73
68.60
68.35
77.44
36.49
64.00
40.23
20.88
13.35
98.63
42.24
8.09
48.34
66.82
61.25
100.34
57.52
7.91
97.47
67.74
54.53
45.19
7.80
27.72
12.36
69.07
22.55
10.01
62.48
87.12
100.34
7.88
7.46
59.09
33.90
15.94
33.88
39.54
8.34
82.04
89.10
37.39
41.54
62.78
87.26
28.29
37.61
36.25
80.53
37.21
30.45
46.19
43.76
3.91
84.11
69.57
91.80
70.20
97.46
81.89
11.58
15.83
47.79
73.73
44.97
82.80
14.49
14.28
2.97
29.38
79.10
4.68
10.48
98.12
19.75
61.56
39.03
64.98
64.01
39.66
58.96
32.73
45.88
67.87
20.89
24.66
7.74
79.82
90.20
86.62
10.03
7.18
22.68
2.52
1.80
6.16
56.18
86.54
68.61
40.53
38.41
31.55
6.52
25.68
27.35
2.49
27.67
67.87
56.85
26.88
27.72
30.65
42.17
83.67
68.79
84.23
24.26
19.05
81.20
60.63
82.99
18.56
41.47
85.81
11.88
29.98
34.28
15.98
79.89
63.51
43.22
46.45
5.24
43.55
13.87
12.48
68.41
73.94
4.56
28.82
81.28
74.25
29.95
21.47
30.71
42.60
12.70
19.65
34.89
25.88
20.86
6.32
24.50
40.35
33.76
84.40
71.88
80.54
58.75
33.81
78.41
36.35
90.70
29.08
45.14
28.50
21.39
86.28
13.59
10.00
67.48
47.55
67.92
22.18
51.88
61.14
76.35
91.52
96.58
54.54
93.51
4.90
23.14
48.01
92.57
45.03
34.36
42.57
65.81
29.79
13.37
10.15
37.59
91.04
68.91
52.18
97.86
87.45
90.92
88.12
94.01
54.59
66.58
27.81
4.36
23.73
16.33
46.24
54.38
31.14
89.46
69.95
55.88
98.44
42.99
36.66
16.24
27.39
96.15
100.54
16.47
35.90
5.59
59.94
49.83
70.73
13.44
69.43
35.18
48.64
81.27
6.56
8.95
98.03
85.15
1.68
3.98
69.86
32.34
82.43
91.25
63.95
48.86
30.59
92.80
3.69
87.69
43.08
3.43
45.59
5.11
9.93
89.37
94.94
56.76
7.28
3.37
9.56
3.73
1.23
99.24
33.58
92.83
11.61
91.92
4.71
11.89
57.25
29.08
6.40
16.61
22.93
64.67
83.46
65.43
1.81
7.06
55.78
6.13
47.17
85.57
70.29
52.70
22.97
82.05
57.89
12.88
6.79
65.33
15.78
13.95
13.26
36.53
18.68
22.96
76.13
27.66
85.43
96.34
10.90
67.74
72.48
16.76
85.40
3.51
40.32
7.56
32.67
44.20
27.75
44.14
48.70
89.95
7.78
18.83
64.85
62.41
13.60
16.92
66.89
26.34
99.38
6.73
27.20
63.92
45.93
10.63
26.78
41.35
97.40
38.10
7.36
12.38
6.74
15.75
79.70
87.84
48.52
4.45
17.48
64.76
47.51
61.48
67.28
5.77
66.17
33.51
27.51
2.70
61.21
98.06
15.81
28.25
33.72
50.16
93.06
57.99
84.54
47.11
65.38
47.80
27.26
25.24
47.35
98.11
13.41
99.72
80.14
48.95
23.83
63.07
61.92
16.67
8.58
70.24
3.93
35.03
27.60
59.85
20.46
73.24
37.76
10.17
29.30
64.11
76.98
45.42
44.50
10.32
69.30
82.24
58.27
29.97
25.00
23.60
32.24
19.72
34.65
7.17
25.52
13.96
56.09
51.16
72.31
7.53
14.74
68.73
90.27
41.65
92.95
94.09
9.22
76.35
35.16
4.02
19.94
78.13
50.65
99.17
15.86
72.20
17.58
90.51
36.23
94.33
70.06
87.50
19.37
42.42
95.19
1.21
29.84
44.23
81.53
41.95
83.28
59.97
96.92
79.91
11.65
85.38
92.55
65.59
70.67
1.70
83.26
72.03
9.40
65.78
78.04
51.17
42.08
65.31
12.34
71.03
49.92
53.94
88.30
93.67
22.12
35.73
2.31
31.21
88.54
69.28
82.79
41.73
13.18
11.68
7.07
96.03
100.94
49.52
20.08
9.16
99.29
9.39
22.14
48.19
77.60
73.69
28.81
74.28
14.14
43.33
91.41
81.48
14.45
17.66
24.26
34.98
99.11
39.57
28.88
15.80
44.58
97.50
16.61
34.60
53.26
87.71
96.61
78.60
55.52
96.21
98.65
92.71
28.60
63.80
2.11
91.15
2.86
44.33
19.04
19.16
6.66
2.66
2.87
59.55
9.42
100.94
24.26
54.39
48.04
53.53
2.67
25.94
5.40
88.50
86.09
20.79
78.49
100.44
10.26
58.42
92.58
66.50
25.46
17.29
65.08
27.42
83.73
1.13
94.06
26.75
66.58
24.93
94.94
44.01
32.74
56.83
6.58
15.06
8.71
55.66
67.22
92.27
89.35
46.51
15.24
53.08
68.43
22.94
36.79
77.32
75.31
7.89
66.12
69.59
61.09
34.01
71.21
39.37
10.13
47.68
41.53
93.51
7.99
53.09
27.21
21.56
21.87
21.88
97.55
22.49
89.05
48.00
55.60
30.09
37.17
31.68
21.22
53.24
14.92
24.50
87.44
33.14
29.28
51.74
49.98
21.23
23.19
10.15
10.12
36.84
90.03
24.93
10.77
68.37
53.90
9.02
63.07
10.73
4.45
17.18
10.72
36.93
6.15
1.41
68.16
84.04
59.97
4.88
51.90
46.82
67.87
14.34
62.69
70.08
19.92
73.24
82.48
33.03
75.87
18.43
56.27
16.73
59.34
13.30
48.75
26.28
61.36
48.15
18.11
40.40
69.50
85.22
22.02
50.92
91.93
35.95
43.53
58.52
26.46
14.19
28.01
98.21
99.05
97.51
78.44
5.32
49.87
8.00
66.42
50.84
74.23
81.66
29.44
35.58
47.27
17.82
5.32
65.74
89.16
59.05
25.55
16.11
16.30
27.03
16.47
80.55
35.44
60.20
65.63
17.60
43.28
21.62
17.77
67.67
26.62
46.07
23.59
15.75
42.75
88.57
52.12
88.64
2.83
11.11
33.05
48.04
65.58
12.81
84.06
64.09
87.15
35.71
85.30
13.77
54.38
95.98
26.64
93.10
89.08
60.47
2.06
95.78
27.32
58.44
98.55
49.66
15.13
48.28
43.00
20.97
49.33
6.07
99.02
39.31
92.64
23.50
26.56
13.07
80.90
69.56
91.46
22.22
34.61
32.93
42.56
96.65
31.18
59.33
94.21
51.69
7.01
83.89
48.74
31.84
50.34
80.57
95.24
79.15
75.55
25.50
92.93
27.94
58.36
31.62
14.09
19.27
21.02
68.68
14.67
76.99
53.15
45.58
15.45
19.89
29.53
83.27
26.22
87.72
76.69
9.02
36.06
53.67
89.77
55.32
57.59
34.99
77.37
85.54
97.19
97.65
92.91
4.51
47.20
30.97
41.10
50.27
68.75
96.11
84.04
1.92
41.16
84.19
97.14
50.71
46.82
5.02
16.31
80.10
65.78
52.66
3.47
6.25
78.20
92.26
12.03
88.15
81.18
74.11
56.02
40.14
30.55
70.22
54.02
62.21
91.03
11.76
6.75
44.01
98.94
16.30
7.23
83.94
50.42
83.40
37.91
36.40
57.80
87.44
41.12
22.21
19.09
89.15
17.38
98.44
94.13
11.84
22.49
18.11
28.05
33.12
88.77
80.45
69.02
40.76
9.03
19.31
10.25
39.33
74.76
91.80
32.72
49.85
90.18
36.26
59.80
38.38
66.09
23.36
12.81
17.48
96.52
13.85
55.35
92.94
51.44
13.05
94.19
8.02
16.28
97.14
7.41
83.29
43.69
11.84
50.75
76.73
65.23
18.94
19.02
25.45
47.13
58.85
18.03
17.96
68.18
58.17
98.04
27.93
99.53
29.27
51.44
79.70
21.46
20.04
89.05
36.45
76.61
91.44
8.52
27.60
79.55
27.23
12.15
10.96
26.78
36.62
6.06
96.75
20.94
65.01
15.18
69.23
63.77
62.67
11.89
93.02
88.99
37.43
22.17
45.89
21.66
13.41
94.73
54.50
1.31
11.28
90.65
90.14
1.78
71.91
76.42
40.89
55.58
98.86
8.09
62.11
43.57
98.71
2.06
42.98
76.23
22.24
97.21
1.81
47.17
62.38
46.56
70.97
36.04
11.86
34.51
18.10
26.17
32.03
83.56
45.80
23.19
35.81
86.65
84.18
90.70
34.40
40.04
24.79
34.07
80.28
72.45
97.79
20.54
38.99
53.41
36.48
49.91
77.75
64.23
52.37
85.40
86.39
63.39
26.59
49.89
80.12
4.10
40.79
61.61
82.96
78.65
64.07
65.25
30.33
4.15
8.41
45.07
55.79
22.97
24.32
95.72
72.84
83.05
94.07
11.36
39.95
39.22
49.47
90.21
62.51
99.04
54.45
66.07
60.05
23.57
58.21
62.15
73.96
72.94
69.89
69.83
33.33
77.52
43.33
62.77
9.34
81.65
23.06
4.46
82.22
24.03
18.77
50.69
11.02
90.71
14.41
63.00
8.70
3.10
77.73
8.74
29.87
12.76
84.27
25.41
22.64
80.48
15.35
78.50
75.22
56.00
21.00
19.87
2.57
69.85
68.76
42.08
48.11
2.90
48.07
63.37
29.15
95.77
27.90
27.87
7.07
85.26
81.91
49.61
38.61
80.79
68.20
18.85
21.68
44.83
33.11
99.19
93.44
24.27
26.41
78.69
9.59
7.26
7.80
46.36
68.68
37.48
49.09
3.58
99.69
35.33
63.02
54.20
8.97
21.31
78.02
30.21
61.69
29.49
90.11
10.96
3.03
100.22
19.05
63.35
29.84
35.33
24.27
61.09
22.62
20.30
87.95
88.89
97.46
53.69
48.29
66.51
61.98
82.09
44.24
66.38
77.91
47.04
90.24
47.26
20.33
92.89
2.03
34.77
53.39
14.54
36.83
97.05
33.88
81.47
79.63
20.71
34.78
8.03
51.42
22.70
40.33
15.37
30.76
9.33
47.72
50.57
3.18
7.75
26.72
14.49
93.00
6.73
74.37
62.10
39.41
40.08
14.17
67.23
45.59
64.96
66.06
15.20
17.99
85.07
43.08
9.11
50.52
26.55
22.31
14.99
67.91
5.87
90.66
31.48
9.17
14.34
2.35
64.55
92.88
35.45
31.77
92.98
57.71
91.90
69.16
60.59
35.25
23.46
38.44
20.89
16.31
62.96
72.12
79.23
61.53
73.18
28.80
87.52
55.78
35.16
83.73
36.63
14.47
14.99
42.32
72.07
73.34
69.28
8.81
79.85
52.83
69.84
15.29
40.37
51.87
7.90
64.75
95.55
89.83
70.75
99.59
22.60
17.63
28.05
21.72
38.07
10.40
86.75
13.83
30.23
98.38
47.28
43.43
26.29
19.18
37.03
77.95
43.47
79.99
68.94
19.98
19.77
61.19
96.77
29.37
43.95
40.21
25.52
7.46
31.38
47.24
10.19
84.12
33.22
4.19
22.87
70.47
23.80
67.23
16.74
62.57
25.97
77.12
37.71
58.93
4.07
8.20
24.54
4.83
33.42
9.36
26.84
94.16
52.85
28.12
84.64
50.72
10.82
10.97
51.25
66.01
5.44
49.64
91.00
20.10
22.76
81.82
84.12
7.07
24.50
5.07
8.98
8.71
100.24
97.36
83.00
65.51
79.95
28.96
40.33
44.17
77.21
65.20
58.28
5.85
59.03
6.49
84.40
97.66
12.60
31.26
21.01
69.93
11.09
71.19
89.55
49.53
36.42
7.58
77.99
81.07
56.57
28.96
2.60
10.56
43.06
87.97
23.08
86.94
75.31
10.03
2.07
41.80
46.93
85.52
97.23
24.24
18.86
81.19
40.29
13.16
13.04
91.74
17.11
54.17
97.70
28.77
64.83
66.74
56.21
89.69
61.66
19.72
64.74
86.65
36.24
12.68
91.94
29.05
27.31
97.06
67.50
28.94
93.06
85.16
89.84
21.12
51.80
34.70
68.90
7.51
96.09
26.41
40.37
61.91
68.28
42.17
15.25
71.26
96.73
79.96
56.27
32.24
94.10
11.12
22.03
85.60
41.81
39.64
21.20
24.18
39.12
58.17
34.52
61.26
51.43
58.66
7.00
84.72
76.45
100.34
18.67
28.06
16.49
46.61
15.01
7.14
49.63
79.78
42.07
17.93
64.72
22.07
2.94
73.55
25.30
93.42
85.17
48.27
33.79
74.54
69.63
28.17
20.67
10.37
55.01
14.62
80.96
88.29
74.63
84.88
27.42
17.40
61.36
17.51
65.76
41.53
77.19
71.67
10.37
73.63
40.17
20.07
13.82
67.56
27.01
20.09
34.70
20.94
56.17
12.19
9.23
25.17
23.57
74.70
8.21
26.85
18.97
11.65
67.97
97.01
61.15
81.35
52.00
15.25
18.51
20.89
1.40
3.55
3.95
50.94
1.45
18.84
44.49
44.00
99.31
60.18
79.11
12.60
48.16
98.09
76.05
46.88
30.77
96.22
33.81
20.96
56.70
13.94
61.68
90.02
9.01
49.39
44.07
85.11
26.91
28.67
67.64
15.23
35.81
49.74
64.49
63.90
92.56
5.26
73.69
26.44
59.04
12.97
46.70
4.58
37.90
62.38
3.47
19.94
15.92
34.03
87.95
75.37
50.53
55.71
29.78
2.46
10.89
6.94
48.43
58.30
19.90
25.61
86.89
47.98
47.00
83.35
47.85
36.09
72.10
38.88
74.71
80.75
41.09
8.26
64.73
39.16
22.56
12.13
36.10
3.29
47.81
54.19
93.43
97.51
20.51
52.40
98.23
6.01
62.97
28.14
63.74
86.61
28.17
79.40
82.75
26.26
67.85
4.64
7.55
33.49
85.58
58.82
95.17
90.68
31.45
25.31
77.28
27.62
94.87
51.11
72.25
83.88
64.43
41.59
49.86
98.19
88.47
26.65
14.95
83.47
20.20
85.39
44.02
34.60
95.34
96.54
17.70
44.55
96.83
83.12
33.91
84.03
14.20
26.61
38.66
27.36
26.37
12.71
75.95
32.43
21.62
60.83
10.90
19.08
14.03
5.73
48.98
84.05
33.38
89.59
11.54
94.28
20.10
48.06
90.78
18.02
28.34
88.94
82.54
84.69
59.62
12.95
92.46
83.78
51.66
19.92
64.78
76.95
4.64
60.59
16.82
67.29
16.03
11.29
7.00
70.57
10.45
14.71
47.04
95.96
97.56
2.41
47.93
68.27
82.76
54.78
14.66
48.48
46.64
57.00
24.08
71.23
47.52
2.22
57.82
7.72
99.61
21.87
6.09
29.93
27.63
56.09
20.45
24.74
65.35
50.25
71.51
15.07
22.40
44.29
64.76
42.98
80.44
42.47
12.34
22.66
93.86
68.84
73.82
16.47
5.34
23.53
89.74
60.74
89.70
28.28
24.48
81.99
16.88
93.35
6.50
2.54
49.98
27.92
99.56
20.87
47.92
58.60
43.71
99.70
84.20
28.77
70.39
13.01
44.82
37.22
21.35
61.99
66.27
12.07
35.55
91.33
89.00
99.80
55.30
7.86
70.27
93.14
79.09
28.61
80.97
56.02
10.59
43.01
81.20
29.44
59.03
95.28
99.18
22.65
35.84
75.89
29.71
54.81
13.59
100.54
82.96
74.89
19.82
78.19
6.16
86.31
42.31
38.26
100.91
2.53
80.18
16.19
83.53
85.02
45.07
3.80
43.48
64.70
35.88
86.96
13.37
55.62
23.58
66.45
45.61
17.21
99.18
37.81
41.38
22.97
74.62
12.85
5.79
21.48
36.33
78.21
2.24
7.32
45.71
73.68
18.43
53.89
24.48
42.77
89.40
72.18
93.40
31.96
2.42
24.27
66.59
57.33
31.86
43.01
27.06
4.05
15.43
67.15
30.29
94.66
28.92
58.43
59.78
19.14
26.06
3.80
72.38
28.71
25.80
15.51
17.19
20.54
92.99
36.83
48.90
48.95
75.01
9.09
4.14
44.07
57.55
55.76
4.57
19.81
49.23
52.82
23.13
73.62
55.63
2.79
9.41
59.96
12.22
28.01
78.29
84.45
47.50
81.76
13.19
66.71
86.04
9.83
20.36
69.95
22.44
39.75
25.54
11.15
93.08
47.20
32.59
66.92
99.66
30.29
35.34
27.43
15.95
15.51
85.33
74.90
14.91
98.29
45.10
72.99
49.15
40.11
76.14
25.01
3.34
93.04
16.91
33.58
74.71
96.92
55.60
91.92
51.01
28.82
27.11
65.43
6.56
34.90
43.14
6.18
21.32
7.46
72.74
20.61
20.43
75.50
23.96
48.14
60.72
94.86
46.57
5.03
80.09
27.75
63.81
35.95
73.16
8.45
53.06
68.76
21.50
97.35
98.53
7.65
24.71
30.99
26.97
45.96
60.98
34.51
47.71
91.06
61.48
96.96
58.94
99.41
33.63
1.83
69.20
67.82
62.25
49.85
6.68
87.03
83.36
93.27
99.29
35.91
55.28
87.25
36.44
88.33
94.00
45.59
78.49
17.21
80.57
34.02
54.48
91.21
39.77
60.68
67.34
29.64
33.19
41.58
64.40
6.65
9.06
32.80
87.99
31.93
7.42
26.06
91.29
92.68
19.85
80.58
49.72
39.37
49.79
83.47
20.89
34.13
59.33
83.80
55.42
16.54
85.08
75.75
95.00
54.72
8.94
41.96
42.91
53.51
95.88
100.28
43.30
100.15
65.84
48.35
67.15
62.01
58.25
91.74
77.58
10.70
88.36
2.89
2.05
22.72
75.49
94.92
5.53
24.63
5.59
85.03
42.99
25.06
95.76
54.83
62.21
32.71
44.73
76.19
62.82
73.17
83.08
99.07
22.74
42.07
5.66
53.03
85.63
30.76
50.80
75.92
15.73
17.17
70.24
98.03
90.76
2.86
52.93
41.86
73.16
4.08
3.40
74.63
30.08
96.46
27.24
75.33
70.43
53.43
61.29
85.85
69.23
67.24
47.02
35.46
85.86
20.35
40.44
37.65
59.19
17.47
67.55
85.40
11.88
20.16
57.10
90.08
4.09
75.53
49.08
88.36
7.22
65.68
78.28
19.56
42.37
80.26
29.85
74.46
17.66
15.52
55.34
79.67
7.18
48.61
69.40
1.69
44.09
27.21
64.65
45.32
51.10
14.22
37.39
32.43
100.53
25.85
78.45
55.44
5.49
15.38
77.30
65.54
74.83
28.39
21.36
11.42
25.37
49.50
11.02
94.84
2.54
21.94
33.85
18.68
58.51
26.00
22.91
33.85
64.86
69.95
38.38
88.44
61.46
30.36
90.95
45.40
72.15
17.02
18.70
12.12
22.86
20.57
97.33
76.05
16.07
15.49
6.32
28.06
61.42
83.78
96.92
39.93
52.04
18.37
41.70
5.53
97.22
14.69
54.37
90.41
16.27
43.19
76.58
65.66
10.18
88.07
77.61
75.11
17.86
29.92
55.53
19.71
48.61
40.46
70.72
44.92
27.03
48.33
72.43
71.95
80.35
58.53
87.78
18.61
49.10
20.88
6.32
12.12
34.11
70.44
12.34
90.65
50.07
11.98
32.14
55.60
81.67
16.05
93.10
33.16
12.46
49.75
93.81
90.13
22.66
47.92
5.37
30.32
87.45
24.93
86.17
14.86
21.13
28.08
2.57
17.50
5.01
22.20
65.40
79.67
27.51
83.24
91.77
86.97
18.66
17.99
95.86
23.16
24.79
94.23
62.64
64.28
3.71
32.10
76.35
21.55
66.38
94.72
27.93
78.87
50.07
13.67
51.96
97.82
42.54
70.27
89.69
84.06
87.06
57.77
66.85
46.34
27.88
66.62
78.67
9.54
75.08
28.68
85.73
85.54
80.59
26.05
2.47
18.62
23.05
19.95
83.86
9.08
76.31
56.15
66.79
87.31
23.59
98.00
12.09
31.15
23.23
14.14
16.25
26.53
63.15
78.07
68.84
64.19
94.84
12.98
88.48
76.99
83.73
88.11
13.03
46.17
37.63
38.47
2.91
51.79
2.56
43.60
79.62
17.12
13.51
58.67
24.44
13.15
17.39
65.67
63.79
94.45
78.64
67.61
95.77
75.53
1.86
20.94
67.45
9.96
35.49
55.20
83.03
85.73
81.97
10.77
43.93
33.13
93.59
92.68
56.02
7.86
2.64
48.42
9.49
62.40
75.80
7.64
22.07
91.68
79.85
30.22
97.52
8.93
44.06
6.75
15.87
50.20
10.78
11.57
13.63
57.33
21.45
15.76
98.24
65.27
90.84
98.50
10.19
43.78
38.32
90.38
44.95
53.31
95.05
67.13
12.57
92.51
8.56
31.96
27.29
46.65
76.99
81.79
30.96
75.78
91.55
69.57
10.52
30.46
70.46
17.90
23.95
38.52
16.47
57.61
88.77
50.57
4.35
40.50
43.08
44.77
9.16
67.47
54.56
70.78
69.15
92.13
27.50
35.05
66.26
84.01
37.13
79.58
30.80
80.95
47.40
27.08
13.04
62.23
15.51
18.61
34.44
84.47
69.84
93.47
76.46
50.29
83.31
9.71
27.84
13.32
22.53
72.01
24.93
55.72
43.82
20.68
53.35
86.21
86.21
31.55
6.25
95.08
67.36
97.44
74.64
47.94
85.00
19.56
64.94
14.41
12.98
5.47
22.95
9.29
60.67
48.33
21.84
59.14
84.69
71.58
11.96
8.58
55.65
3.02
7.29
38.09
90.40
68.84
21.31
71.87
3.17
48.16
11.99
19.97
52.46
67.98
14.83
45.72
47.51
62.25
23.48
90.03
76.13
87.27
1.51
66.99
43.71
26.23
37.48
56.08
42.08
15.13
91.04
5.22
87.49
39.97
59.38
48.73
46.06
14.22
85.76
31.25
3.12
64.96
25.15
64.68
28.66
92.08
58.33
69.25
21.26
22.75
29.37
21.16
35.29
93.38
63.96
2.63
48.81
19.56
55.78
8.89
78.79
80.12
83.06
97.25
17.97
26.61
4.15
28.38
36.66
16.59
77.03
89.24
93.31
59.00
13.49
14.09
33.96
20.70
23.46
83.88
75.12
93.31
87.83
46.46
11.82
30.91
87.82
93.23
60.68
62.32
18.26
36.52
36.80
39.44
23.64
10.67
12.60
75.98
84.39
30.54
34.42
13.46
64.47
85.75
46.64
4.26
47.65
76.59
97.42
20.97
1.50
59.30
15.90
7.75
96.21
100.39
28.83
95.46
51.25
86.25
85.01
40.83
13.96
64.48
15.23
43.72
87.40
69.55
74.83
70.40
7.40
98.34
57.98
75.47
62.71
92.72
90.87
16.36
7.39
84.11
94.45
10.08
67.41
63.27
15.99
24.58
71.71
68.64
28.16
60.39
88.41
61.11
27.00
55.34
24.08
86.46
21.21
32.08
49.64
2.31
35.29
89.16
17.25
15.38
27.75
6.39
70.09
52.45
91.68
52.50
64.63
75.13
57.64
38.36
96.79
67.87
47.32
43.85
68.33
43.45
25.75
32.19
34.11
12.29
12.80
75.36
11.26
75.02
74.34
21.41
86.27
7.73
62.55
80.81
77.86
99.49
10.52
15.41
13.24
11.60
24.98
49.87
38.82
56.29
55.21
16.91
21.24
43.26
47.41
34.94
32.23
12.89
39.25
50.45
6.81
4.69
40.42
39.70
41.03
81.60
29.89
34.01
29.21
44.30
90.76
35.52
100.67
36.69
64.15
44.85
74.79
42.55
76.93
76.55
86.18
40.79
40.20
34.63
100.69
36.23
91.69
36.48
57.09
16.25
5.09
32.53
25.64
52.13
56.49
84.11
88.01
53.47
100.27
80.71
94.06
57.86
81.29
12.72
50.88
19.52
75.89
42.47
38.04
66.66
16.26
8.30
27.44
65.34
1.34
13.52
95.68
19.35
82.81
56.40
18.03
16.34
6.05
84.28
38.05
94.23
7.18
13.63
74.37
89.13
88.91
94.68
41.70
81.61
61.09
24.17
96.57
36.39
7.12
16.84
14.58
31.07
77.29
51.77
3.17
17.88
84.47
36.37
22.79
41.83
44.36
71.88
65.37
10.18
99.01
89.29
75.14
30.25
31.92
74.90
31.40
93.60
1.02
25.30
16.69
19.14
12.01
40.19
14.95
82.26
37.92
54.27
44.33
14.88
21.53
21.27
18.39
65.19
54.14
36.06
9.92
23.24
99.47
84.79
86.23
35.29
14.94
36.60
13.33
19.15
25.04
39.21
65.56
40.09
60.52
99.68
47.27
78.38
9.17
55.75
3.04
20.25
94.76
74.21
78.57
56.91
76.11
45.04
70.32
42.24
21.32
33.95
74.93
98.25
36.85
83.18
32.21
35.77
3.52
3.74
40.36
62.63
18.77
91.75
64.79
8.36
93.08
50.39
79.28
9.98
82.56
90.44
50.05
47.71
5.89
56.89
13.87
21.70
78.38
65.25
48.30
18.23
98.72
29.16
74.68
5.81
83.15
7.47
2.44
79.21
71.54
18.30
72.33
22.04
27.93
42.36
64.51
74.01
43.10
98.45
97.60
7.28
44.75
22.43
9.66
57.86
18.27
32.63
30.45
22.78
48.27
4.05
6.19
58.19
90.11
81.62
66.71
55.27
92.21
11.97
60.50
12.08
61.49
96.36
98.27
1.45
5.21
14.80
92.34
19.19
56.75
87.32
32.39
40.28
73.89
82.18
100.04
95.08
8.29
20.23
36.88
44.06
43.61
97.52
17.66
50.69
28.68
29.01
36.85
43.36
11.14
20.28
79.13
4.39
45.28
4.09
18.58
64.63
85.91
57.48
12.67
21.91
26.59
4.28
52.85
77.08
30.71
69.47
59.17
27.30
15.71
16.26
14.68
84.52
32.49
23.35
20.86
18.54
94.04
69.79
26.94
54.16
14.26
8.33
33.91
77.34
41.24
68.44
34.29
90.38
15.55
60.40
37.42
39.05
91.57
31.32
1.15
45.42
86.16
25.66
17.23
29.00
9.75
50.39
12.10
2.78
65.55
83.84
90.77
52.68
56.83
7.90
7.14
59.11
96.86
10.59
9.58
3.32
14.08
77.17
74.78
44.86
5.24
82.82
15.30
23.33
9.38
66.60
20.07
15.79
21.45
89.05
13.49
98.17
78.30
13.10
39.60
100.21
3.66
50.62
77.54
22.95
72.48
52.69
75.93
44.69
26.06
13.86
83.00
50.59
30.29
40.44
25.40
81.58
20.99
8.68
87.21
61.71
22.49
86.04
36.11
35.31
28.02
39.58
17.78
56.35
83.39
44.96
2.08
82.49
17.94
64.54
40.45
22.73
4.44
46.65
60.11
12.41
89.93
74.23
23.23
21.61
47.39
84.58
44.47
96.80
39.04
8.13
86.18
9.30
81.39
98.69
4.05
4.54
7.54
81.80
98.36
76.24
88.75
2.68
77.36
25.70
45.13
80.42
58.62
24.24
28.62
93.04
14.80
95.80
3.76
61.68
19.14
14.71
52.33
13.66
1.67
91.06
45.86
3.66
9.73
27.80
21.36
19.01
34.71
28.36
71.94
6.52
81.70
9.45
49.21
37.70
16.26
20.96
49.12
5.37
3.33
50.94
56.63
45.25
51.12
71.10
3.79
70.88
96.41
79.41
23.12
92.57
67.33
90.69
38.17
31.65
75.23
47.03
41.03
22.31
11.84
71.32
43.37
56.85
48.04
31.10
93.63
45.31
80.93
91.38
31.78
60.44
10.34
22.09
29.50
17.41
8.51
29.59
98.09
38.04
45.20
16.43
67.19
8.57
40.07
98.64
78.30
25.49
64.50
31.08
68.49
89.28
2.87
23.75
54.24
17.51
25.14
39.82
52.65
70.86
61.84
2.81
60.53
91.29
79.90
63.54
34.68
84.50
82.41
22.23
15.70
24.06
3.19
5.37
10.71
92.81
2.22
60.61
55.77
87.79
51.55
12.19
50.53
6.10
3.58
52.62
19.50
42.50
32.92
40.83
3.32
20.51
77.81
8.45
30.01
85.22
59.75
96.96
6.00
71.55
13.55
87.33
12.87
76.05
100.22
66.30
26.23
26.46
53.71
64.98
98.01
90.49
74.86
56.83
8.04
64.36
10.36
67.58
47.40
82.79
55.78
7.47
13.72
5.86
20.59
21.18
72.79
71.11
6.78
22.93
23.71
64.40
9.35
5.94
11.44
65.78
47.57
8.91
60.40
51.54
88.84
32.17
70.39
2.46
65.08
27.34
35.97
44.15
3.29
93.38
18.01
3.25
42.60
75.03
9.04
16.28
20.98
24.28
59.35
2.47
25.40
65.51
42.13
82.02
94.87
46.46
43.48
61.95
31.72
11.04
61.62
87.80
91.86
25.28
93.15
6.50
72.67
81.86
48.01
75.62
63.09
14.41
60.06
21.09
62.10
91.59
5.53
57.28
55.06
33.02
15.04
74.42
84.47
27.67
17.33
93.44
78.81
36.97
95.96
74.91
3.63
74.05
69.32
15.80
58.38
39.44
79.80
10.06
57.25
12.80
31.91
77.41
26.48
57.78
29.47
12.06
47.48
11.79
93.50
84.47
82.59
5.41
30.83
51.36
17.37
63.57
96.44
11.54
53.59
20.59
21.43
28.87
6.43
5.86
24.70
93.87
12.31
40.16
43.38
89.85
53.60
63.76
4.88
18.24
30.82
82.62
20.07
87.28
24.11
96.82
65.04
86.56
91.65
59.13
7.91
22.34
49.60
23.21
28.33
43.93
29.19
55.48
55.02
55.77
47.70
10.22
15.38
68.80
78.20
52.66
17.90
64.19
33.34
18.81
19.80
27.64
97.15
18.45
80.59
61.07
9.49
76.06
30.95
13.07
98.65
26.90
74.69
90.30
26.54
35.46
8.29
14.36
82.35
59.47
42.09
18.40
27.21
97.46
75.33
37.47
64.31
17.16
36.88
20.69
4.85
23.97
58.98
68.24
19.48
26.79
80.70
27.76
57.96
2.37
48.42
63.60
20.61
28.80
52.84
27.51
2.66
80.42
78.00
96.67
7.38
20.81
38.23
31.88
9.21
73.74
12.66
85.24
79.51
5.91
54.79
71.58
79.43
21.06
78.83
8.13
3.15
84.19
89.61
95.58
99.02
90.56
76.41
53.92
85.94
99.94
46.61
3.14
7.63
61.67
53.21
80.86
9.96
32.06
36.97
80.62
5.44
24.10
9.50
75.24
61.00
16.91
25.64
43.02
22.11
75.45
82.14
48.49
26.49
9.95
69.79
97.41
71.33
95.91
20.30
22.18
96.01
35.14
70.48
55.69
80.27
61.70
23.76
51.66
96.41
28.50
86.70
90.61
9.12
29.42
22.12
76.02
29.66
24.80
24.38
85.81
100.81
59.06
90.44
95.98
96.15
83.01
10.93
7.74
5.67
80.25
76.46
95.02
80.48
99.58
21.48
92.91
79.21
14.19
25.90
37.63
29.05
60.44
1.42
84.81
16.32
77.13
70.10
44.63
51.65
46.93
53.18
37.00
64.89
67.33
54.68
90.36
2.43
69.70
68.31
42.64
52.70
1.28
26.12
4.53
52.73
62.79
89.93
91.85
55.25
48.65
14.59
17.39
70.84
37.90
50.03
27.78
4.55
78.21
30.16
15.86
32.17
15.72
24.43
13.62
11.23
91.53
16.87
76.81
63.99
23.70
7.44
70.51
27.53
95.54
13.81
88.22
26.74
37.01
65.69
26.50
23.67
73.50
1.90
30.40
40.74
85.90
66.99
81.05
26.55
94.80
97.76
29.95
21.70
23.23
16.14
18.96
1.19
29.52
93.09
33.67
72.42
69.08
4.08
45.99
82.08
50.80
85.88
44.41
72.53
77.19
4.17
84.78
19.59
48.32
35.60
66.17
86.03
44.53
41.66
3.10
16.47
12.59
70.07
15.62
82.08
76.59
88.87
80.93
15.97
30.32
28.85
100.06
30.67
6.58
88.89
48.37
71.14
6.02
7.35
49.19
60.72
42.63
98.76
79.25
59.57
11.60
48.24
30.38
9.99
85.87
1.33
66.31
83.67
96.14
7.68
24.00
20.43
97.96
58.05
96.73
45.89
66.50
33.03
37.48
14.68
62.66
58.08
98.52
3.29
51.35
72.70
11.75
17.97
62.99
97.68
64.08
90.73
42.30
8.07
6.48
44.23
80.08
11.20
40.06
1.99
5.84
55.92
94.68
82.91
69.17
60.09
77.48
1.11
34.13
16.29
51.31
11.72
40.45
18.16
41.97
62.28
45.13
67.46
2.09
99.23
99.96
59.41
18.06
41.64
81.29
40.45
83.34
20.97
73.95
91.34
62.98
54.39
64.03
23.54
100.39
60.97
87.12
30.90
58.95
39.32
8.19
63.32
96.98
26.67
68.83
30.47
10.47
68.67
7.58
78.91
67.98
87.78
85.62
8.04
78.56
88.36
65.31
17.13
10.64
28.46
40.05
72.07
98.36
26.71
78.13
21.00
91.59
2.03
36.03
99.69
46.17
99.62
42.50
5.27
35.38
3.45
25.63
21.97
88.10
35.19
54.79
13.04
62.60
50.58
11.72
22.53
90.60
16.10
82.26
73.23
15.83
83.27
27.58
77.01
68.02
13.91
45.19
5.18
79.58
37.23
42.87
50.53
13.46
68.66
31.40
19.64
15.86
86.62
42.15
29.87
100.54
94.38
26.36
77.62
27.66
27.55
29.72
19.75
85.48
29.91
71.27
56.36
87.14
85.62
83.82
1.57
73.82
30.79
30.41
7.05
81.08
70.63
66.60
5.43
4.43
25.25
58.79
58.03
10.18
21.38
98.61
46.25
15.08
15.61
13.09
26.80
54.89
14.61
89.12
99.15
91.44
82.33
94.98
22.12
90.57
81.05
60.37
17.54
31.52
1.28
50.18
3.97
18.23
90.01
81.21
41.27
4.27
57.30
21.39
18.45
61.62
64.29
1.02
28.78
23.63
60.40
12.33
61.15
24.55
8.32
16.09
98.08
5.98
35.06
22.59
10.90
80.61
98.75
79.22
13.14
53.83
52.16
99.80
92.01
46.33
56.08
3.44
55.88
22.82
27.92
50.18
72.98
80.51
17.19
32.02
17.71
59.71
10.12
17.30
55.31
22.31
44.28
7.19
36.47
95.92
14.25
63.78
54.15
89.49
23.91
49.75
80.61
22.75
19.37
25.73
24.38
53.77
40.91
9.67
46.62
11.53
9.37
71.95
67.77
65.64
65.60
72.33
63.51
26.13
10.59
72.38
2.63
83.93
75.70
18.66
99.83
25.01
21.25
17.82
57.39
54.89
70.07
13.30
84.04
34.20
3.29
42.62
45.31
62.08
89.56
35.99
76.47
91.11
49.08
20.05
40.02
76.61
51.05
62.35
54.59
22.64
72.15
45.50
53.59
33.66
39.44
77.13
100.89
43.26
94.24
96.80
72.53
75.30
23.70
9.32
25.43
91.79
51.86
27.03
45.45
70.53
3.06
88.88
90.92
51.56
75.92
23.69
84.07
50.79
88.00
2.15
6.54
90.60
97.26
11.14
22.05
56.53
28.39
13.57
17.97
8.34
8.17
47.04
25.57
54.63
54.96
53.89
72.37
2.31
77.46
23.67
17.19
39.20
10.77
6.82
73.44
79.85
66.31
63.27
57.58
3.29
74.62
62.22
83.61
40.66
8.26
67.29
95.90
59.98
8.40
29.35
11.94
36.49
85.52
38.38
16.60
2.24
62.33
88.84
47.35
80.24
29.31
28.48
27.02
5.93
98.05
98.68
17.69
4.52
88.80
70.38
47.67
93.08
37.40
45.04
94.20
8.09
64.26
7.81
37.17
67.62
28.97
30.12
81.61
96.28
13.25
64.18
64.42
88.29
27.97
60.35
83.08
53.98
31.80
16.24
4.78
24.73
78.58
5.36
44.55
51.12
48.75
55.52
87.87
73.82
3.44
95.81
95.34
42.09
16.53
60.76
9.59
25.44
67.96
47.35
8.33
14.81
70.48
96.67
89.58
60.71
51.64
57.28
50.21
21.22
90.76
12.96
65.10
44.31
39.00
55.08
23.55
14.42
43.68
24.99
58.09
87.69
55.88
19.41
98.95
88.83
36.21
22.39
95.67
95.60
31.52
89.11
11.39
54.59
28.49
3.94
31.37
28.21
72.14
28.20
1.93
48.92
59.57
40.48
13.67
29.56
4.99
74.17
23.73
30.84
18.63
64.00
56.98
9.96
6.15
8.07
71.84
36.06
58.89
23.18
96.59
18.03
54.12
6.19
92.62
81.27
95.36
88.31
58.50
77.28
1.23
64.39
57.05
100.98
83.74
27.20
74.88
23.11
75.19
37.91
79.72
61.41
27.77
8.95
40.30
93.68
49.37
24.44
1.77
23.86
12.33
6.40
42.99
65.76
26.26
92.12
36.43
68.23
99.01
20.26
3.06
82.86
34.36
89.12
33.89
10.62
73.27
97.36
30.26
28.40
76.57
75.01
81.04
81.09
45.08
19.76
27.16
25.00
53.61
63.16
3.70
78.55
33.41
4.95
11.92
89.59
39.05
72.42
20.49
75.06
87.21
49.15
98.89
70.01
95.27
23.77
71.72
52.63
74.96
54.07
52.36
26.63
92.07
63.17
82.83
61.81
9.05
7.55
66.13
23.20
15.29
33.91
30.49
23.42
89.57
19.85
99.14
56.49
39.61
87.65
49.69
58.32
16.82
47.85
81.58
24.57
53.01
66.32
64.71
98.78
10.81
51.66
87.83
32.13
32.99
78.13
50.42
72.44
5.68
62.31
24.48
68.37
42.16
33.73
45.29
78.70
2.01
3.35
74.48
55.80
3.38
65.73
94.51
71.54
92.25
95.82
5.46
37.80
43.35
85.18
17.25
62.41
39.62
40.29
57.39
92.33
38.91
83.02
4.08
23.47
74.74
69.89
43.58
90.65
59.58
74.69
93.76
6.24
39.45
14.25
9.55
37.71
61.80
4.97
7.98
9.83
54.71
68.32
71.24
61.80
74.99
63.79
43.99
9.22
12.36
4.36
28.15
87.79
5.45
72.96
1.95
94.64
86.53
22.69
11.19
53.35
59.63
28.57
59.51
37.14
35.10
24.15
94.66
13.15
19.27
80.35
25.71
37.59
65.22
64.16
53.72
26.41
29.63
17.59
97.48
63.45
16.77
96.43
41.31
76.84
1.15
85.79
40.11
62.69
20.51
81.27
61.46
8.20
51.99
37.51
64.05
27.18
14.30
21.92
66.54
70.86
91.55
37.21
76.57
16.19
49.32
88.69
1.80
94.57
55.66
4.73
85.17
29.33
15.82
47.93
56.80
6.27
33.63
2.06
69.53
45.93
20.59
40.43
57.99
29.38
30.03
75.68
56.10
46.04
94.58
9.26
63.67
32.67
95.04
35.96
88.97
76.26
24.68
70.81
83.06
34.70
19.07
70.75
7.78
97.34
9.28
41.51
36.30
72.96
28.08
78.98
6.77
59.65
78.20
90.80
55.43
7.20
70.77
32.27
50.00
32.67
30.27
22.07
70.92
25.86
46.78
68.99
12.26
90.04
1.13
90.58
94.54
3.68
97.24
48.51
93.22
54.92
33.69
11.01
15.57
34.59
48.73
99.51
50.94
88.40
21.60
46.56
10.18
9.74
96.54
83.86
70.29
50.67
50.87
92.12
19.57
10.84
75.18
71.44
23.01
99.06
53.01
51.61
24.33
80.77
12.80
58.26
7.33
14.16
28.51
86.11
21.39
81.97
32.80
78.61
11.41
58.34
71.18
28.41
69.67
10.53
13.34
22.03
51.77
5.24
95.04
74.69
15.00
81.12
53.90
93.45
8.02
97.15
46.79
8.70
62.27
61.43
55.11
62.96
26.20
73.37
59.24
30.73
82.35
11.34
45.80
90.92
80.09
92.60
39.50
8.28
10.79
16.20
55.50
53.44
11.81
43.18
21.25
59.29
81.26
35.67
68.00
89.51
47.36
36.71
41.11
23.21
44.59
91.17
31.13
57.56
36.15
55.51
49.66
76.94
1.07
24.36
36.93
9.16
14.51
11.25
58.96
98.56
56.82
21.87
85.64
16.71
78.00
35.94
24.77
31.30
44.22
34.23
3.14
39.86
20.64
22.46
59.09
96.98
26.25
4.00
3.82
7.44
61.41
52.82
49.60
35.72
26.59
83.53
28.35
10.36
27.07
75.97
43.40
1.27
49.75
17.39
94.74
93.20
43.55
96.56
20.74
99.58
3.77
86.66
45.66
1.38
100.73
100.73
71.37
66.08
91.67
56.30
47.50
82.26
8.79
26.83
11.77
69.21
54.37
29.08
53.58
14.29
68.08
90.04
9.54
58.87
61.02
8.75
29.75
51.65
28.86
7.34
44.11
24.22
78.58
18.95
93.22
29.02
43.08
87.11
30.03
17.80
43.94
48.34
81.77
49.79
39.97
8.33
25.71
90.78
53.90
62.05
91.43
28.07
98.10
81.39
10.90
20.41
80.80
79.71
65.94
75.80
19.92
75.26
66.64
99.54
33.67
51.83
16.48
82.08
85.68
94.17
34.67
79.90
60.29
30.41
82.23
9.79
37.58
97.41
45.41
37.31
41.12
88.93
4.36
46.18
87.94
47.21
37.80
30.77
17.97
2.52
6.93
36.79
85.30
93.51
24.57
32.65
91.20
77.53
42.07
17.90
4.46
76.05
4.73
69.74
64.30
85.97
80.49
4.73
11.46
35.74
44.71
24.55
78.35
21.63
10.86
78.13
18.64
26.31
28.08
69.07
10.84
71.81
56.95
93.08
31.47
79.94
1.66
92.61
81.34
83.01
24.95
70.49
57.89
83.90
41.10
45.16
53.65
3.89
8.77
81.43
81.70
89.64
34.25
64.12
57.35
5.20
2.37
20.82
26.11
26.75
11.74
27.23
16.46
98.38
31.60
62.84
75.16
21.66
18.47
16.60
46.73
71.40
76.08
71.93
97.74
10.41
47.52
70.55
72.43
6.17
10.68
84.75
61.66
67.03
99.87
1.84
33.23
45.46
54.02
86.15
67.24
81.27
27.91
86.76
93.62
43.11
19.44
62.30
60.29
47.39
15.40
48.39
65.68
68.21
79.37
13.98
47.61
45.28
9.20
6.17
11.12
75.62
75.11
19.26
64.21
72.80
8.86
24.04
90.55
98.35
96.91
18.05
26.10
8.83
90.89
97.35
92.17
27.69
37.35
12.04
79.41
10.49
69.65
27.58
45.96
42.80
57.80
3.43
52.05
19.78
31.19
18.80
61.95
72.79
46.92
4.56
67.84
53.42
76.00
23.60
32.60
8.27
7.46
58.52
97.02
8.37
24.14
32.20
63.70
51.55
13.57
47.64
96.92
5.93
5.94
44.97
69.40
59.25
51.93
79.09
38.19
17.51
38.35
43.41
35.89
91.36
54.69
92.25
61.27
52.34
52.90
44.59
36.74
69.68
45.74
53.88
84.56
37.43
70.92
71.07
33.90
30.30
93.94
47.43
70.52
97.94
30.44
97.91
81.21
25.49
13.66
77.84
15.70
80.64
20.06
76.88
17.97
58.14
99.93
4.32
43.44
54.58
66.36
82.31
82.08
93.24
55.50
93.16
58.87
5.85
66.69
17.24
74.85
1.93
91.02
49.41
68.10
92.36
79.85
79.62
11.39
71.83
23.24
13.20
4.51
3.64
30.15
56.56
67.32
77.68
40.15
50.15
23.58
42.16
96.95
27.86
11.11
39.66
53.48
80.45
45.00
65.05
11.36
25.18
77.34
92.92
7.29
78.94
12.49
19.68
44.67
6.80
53.29
89.39
89.23
24.45
90.13
22.59
14.61
98.70
89.45
43.02
88.89
98.76
65.75
66.36
28.09
78.93
23.42
2.79
84.71
51.84
5.90
35.77
97.00
100.58
61.62
79.83
39.64
76.41
92.06
7.33
62.88
2.74
2.03
2.42
93.16
82.86
85.29
42.85
83.94
98.43
36.29
24.96
60.30
6.56
27.32
47.72
52.36
29.04
37.34
9.58
77.91
86.10
59.42
35.68
7.87
44.96
38.96
27.71
74.85
69.60
50.12
41.31
64.66
14.24
99.15
68.27
27.89
19.41
68.31
66.75
23.81
46.69
61.52
99.75
24.54
100.34
48.20
48.42
9.82
78.26
89.90
20.11
34.76
77.10
16.67
24.07
20.36
94.08
50.09
34.71
11.09
1.29
23.21
87.63
16.95
11.61
32.54
94.39
14.63
7.76
100.06
38.20
73.66
13.32
9.85
32.10
80.09
38.92
23.20
82.94
22.01
22.53
47.59
99.91
68.29
78.35
43.66
57.17
47.67
51.86
26.76
21.39
47.17
1.65
19.73
26.20
6.57
16.39
19.59
4.36
2.91
36.64
7.03
98.09
48.13
19.38
27.77
64.50
81.43
23.80
12.71
51.98
13.32
8.95
95.61
19.92
36.85
58.40
16.62
32.82
50.52
28.78
2.50
52.16
65.56
15.88
24.41
33.90
12.47
84.32
40.99
99.56
15.19
54.45
15.21
28.89
26.34
37.09
35.83
72.54
56.00
88.52
87.38
53.24
17.27
63.53
65.55
11.93
10.09
73.18
22.04
18.14
26.43
58.83
57.23
41.49
21.69
93.49
21.49
56.90
78.09
56.29
6.93
59.11
57.65
24.62
71.57
10.04
24.21
34.55
73.32
9.58
14.92
9.30
28.08
81.35
14.90
35.79
18.46
13.11
58.34
65.97
84.32
32.58
65.08
99.54
44.94
36.98
82.38
9.78
5.44
10.63
39.02
90.46
46.27
78.27
20.12
70.28
77.94
17.94
60.54
14.06
8.95
17.46
25.31
5.11
42.90
100.24
68.68
26.45
6.41
66.12
80.24
95.09
10.41
54.13
75.99
87.31
38.36
91.68
32.02
99.69
8.67
7.49
95.36
30.10
61.97
74.74
37.72
12.64
46.41
15.24
80.21
18.43
47.13
15.79
27.26
71.54
88.56
15.42
16.31
87.43
55.57
46.71
30.43
6.22
45.20
85.44
5.49
82.06
11.96
47.10
21.72
2.51
1.49
46.12
39.34
8.11
3.40
82.35
56.92
21.84
26.97
16.89
58.66
97.01
4.73
84.96
16.83
2.29
21.29
1.69
59.94
21.84
38.49
63.76
64.20
87.75
88.44
26.10
92.04
94.90
14.31
67.16
20.22
83.28
9.11
77.49
83.04
25.51
21.68
12.71
69.50
93.80
24.52
7.14
25.10
78.06
34.32
83.13
73.79
23.02
62.93
58.49
66.22
28.65
57.18
31.60
92.81
32.41
5.50
17.31
21.65
15.85
85.00
31.94
7.59
39.04
22.33
21.83
3.03
62.23
86.64
55.17
78.57
56.46
9.51
84.13
11.59
85.64
90.22
1.59
50.87
57.50
17.90
99.19
93.93
13.38
77.00
97.66
83.56
3.32
44.29
97.23
61.77
58.41
65.40
99.29
92.23
54.18
59.14
68.67
12.65
94.03
42.21
87.57
15.57
52.77
7.32
43.00
87.03
22.72
28.50
20.09
56.77
78.45
100.82
34.10
94.04
60.43
92.74
42.50
76.67
50.96
62.98
90.27
55.02
87.31
43.26
32.48
83.18
55.83
30.82
21.43
100.47
75.55
51.02
93.19
84.90
13.04
36.59
3.51
29.40
60.42
96.29
13.11
28.55
84.35
64.25
70.51
9.67
94.68
17.92
24.45
23.76
85.49
29.96
28.50
80.86
63.11
8.11
55.60
17.80
3.12
3.54
8.21
64.17
67.98
32.84
60.76
2.33
82.64
15.47
71.64
47.28
59.46
14.78
71.30
31.56
5.67
15.64
57.28
48.43
47.56
67.83
62.62
77.05
32.10
23.89
2.56
10.87
80.60
68.19
98.15
17.14
25.54
81.38
26.37
21.28
73.02
43.11
12.11
84.24
94.29
83.09
78.05
2.97
93.35
6.94
90.73
87.15
87.94
28.02
84.91
10.06
29.40
48.79
9.25
89.44
58.73
61.30
27.73
8.83
30.44
5.81
95.12
30.54
12.32
78.65
14.85
26.10
98.89
22.06
2.21
47.68
40.38
5.77
22.66
34.01
42.19
42.12
72.92
72.70
64.05
57.00
68.52
58.81
18.68
24.24
66.67
97.48
37.60
13.65
88.58
2.97
54.45
22.02
14.56
80.33
12.33
92.24
37.27
8.17
5.04
45.61
63.76
93.37
56.05
87.74
74.65
14.71
37.24
8.41
52.52
10.84
54.22
68.42
92.49
6.45
28.12
93.28
81.02
10.69
39.04
90.30
38.95
13.69
45.68
19.61
30.01
72.52
44.84
29.27
98.83
6.11
74.43
74.50
17.98
50.36
91.44
43.48
44.84
11.55
33.31
67.97
69.60
63.25
21.41
38.35
82.84
73.85
66.28
12.18
93.21
77.63
65.36
10.84
1.94
8.90
48.37
75.47
3.46
41.41
88.82
90.13
73.99
50.74
41.21
5.10
63.83
48.31
56.40
25.40
68.66
55.49
64.08
84.71
25.04
64.57
60.60
53.12
62.53
1.72
65.23
11.24
32.57
92.14
33.94
5.12
42.29
10.30
30.28
85.19
74.67
49.66
82.91
47.06
78.85
92.69
18.44
90.96
5.69
100.60
20.45
13.10
23.16
25.01
86.74
41.28
25.16
77.76
37.13
9.28
96.10
95.28
63.63
56.46
33.92
4.06
49.48
13.22
49.35
42.44
65.72
18.46
33.49
15.89
63.83
65.59
54.13
19.39
14.98
76.61
8.78
21.21
51.19
51.77
26.97
7.71
82.03
94.39
54.05
49.46
48.38
41.32
72.77
7.24
23.62
98.65
92.85
91.55
31.75
13.13
54.09
39.00
24.87
19.04
41.27
59.40
44.94
49.16
9.81
65.82
18.60
8.40
71.42
24.80
48.22
52.22
23.37
38.71
37.21
19.49
56.58
99.27
6.73
38.59
67.97
99.44
3.21
7.33
82.73
88.77
60.19
82.37
56.73
8.87
1.39
77.08
26.41
27.77
37.67
28.40
97.51
3.73
68.26
6.71
41.99
65.04
70.81
24.76
24.92
17.61
35.41
21.45
10.76
58.15
67.30
28.38
37.15
25.88
22.32
70.73
82.34
30.52
84.64
47.11
54.50
14.67
23.21
29.14
88.83
79.98
85.47
71.88
38.10
69.36
98.75
10.66
85.07
40.88
76.33
17.64
85.79
53.13
10.95
51.56
100.01
2.35
17.23
20.53
21.98
88.08
13.66
6.54
31.30
62.97
59.26
88.39
86.17
21.93
58.72
85.87
95.50
20.26
46.82
13.75
49.43
46.47
79.13
5.78
87.61
7.30
26.46
72.38
1.73
84.55
4.71
52.14
40.91
19.45
30.99
18.15
88.78
96.68
71.89
51.16
74.65
77.54
8.60
42.12
87.52
5.29
10.58
31.99
84.90
8.85
95.24
15.38
18.60
55.62
46.58
79.35
52.74
47.57
25.60
57.69
48.50
4.92
25.72
94.94
27.78
70.02
81.13
23.89
17.79
9.84
32.11
87.38
18.21
21.68
44.59
9.83
63.58
59.24
77.25
98.62
90.21
61.99
63.93
76.04
2.04
37.21
17.19
65.04
61.33
100.97
93.19
24.85
88.11
82.46
61.91
70.44
43.40
98.31
44.54
5.98
13.90
22.52
91.37
72.08
17.92
98.84
11.15
30.96
33.31
42.72
8.43
63.26
60.81
24.24
28.80
60.63
25.40
68.44
85.92
42.94
99.70
35.10
80.66
46.11
51.83
94.55
80.08
70.89
48.35
49.18
13.14
42.91
51.26
21.84
14.87
36.23
90.50
68.44
22.60
99.82
95.68
62.23
60.34
77.54
96.13
68.48
25.47
61.20
28.30
74.04
15.89
94.88
87.29
45.88
82.18
93.23
95.58
38.37
15.19
7.25
36.31
23.53
93.88
51.07
45.64
87.08
19.00
84.87
13.45
35.22
52.94
20.97
35.88
5.67
57.38
11.76
84.10
23.59
32.24
7.77
58.01
87.83
4.45
93.75
4.35
29.87
6.96
3.56
89.21
30.98
8.76
92.23
34.06
50.55
81.10
74.07
9.74
17.37
99.06
14.07
86.71
70.61
91.20
64.58
36.07
8.50
2.85
93.36
90.38
91.41
31.76
95.94
20.37
63.50
17.14
14.19
81.19
22.67
96.17
24.71
99.51
98.52
81.19
29.60
46.18
87.75
84.14
21.11
97.90
20.93
46.15
49.36
26.36
35.96
13.80
28.01
47.70
70.62
78.90
13.16
13.79
85.14
32.43
20.82
90.51
2.26
98.34
4.91
36.62
49.81
61.44
14.52
17.92
14.69
21.03
52.56
93.39
20.99
44.37
11.62
89.08
53.54
85.64
34.97
26.22
31.69
12.16
46.53
19.16
11.81
8.16
63.69
86.25
18.63
19.28
43.14
23.54
59.05
99.02
5.67
94.86
75.83
46.36
58.02
94.45
17.64
68.05
13.02
91.11
92.10
1.23
47.60
76.14
35.42
11.05
89.23
40.95
86.51
37.41
48.71
40.45
88.62
2.88
83.94
17.42
6.34
47.76
89.21
5.46
91.73
10.62
41.05
57.93
65.94
64.92
88.89
59.09
37.69
96.25
36.98
70.96
71.24
98.48
96.66
48.94
78.99
94.77
4.53
75.26
74.42
55.70
34.94
70.85
77.45
43.46
86.92
5.48
46.45
33.00
12.56
2.28
67.25
31.13
43.58
16.31
41.35
35.45
68.02
28.08
41.96
47.79
24.53
69.97
29.21
22.60
53.60
94.28
33.43
32.74
92.00
94.68
8.46
48.25
26.59
38.93
91.50
33.82
4.42
98.67
93.10
32.82
4.63
93.91
100.08
9.77
2.97
10.54
23.88
46.67
38.85
97.66
17.41
16.03
94.47
30.63
20.49
47.42
78.82
40.54
23.16
99.74
64.52
25.52
74.63
83.60
72.21
25.56
19.17
12.11
97.62
61.37
18.07
37.06
67.09
84.91
13.84
19.24
82.95
69.68
63.71
46.98
38.09
94.96
98.52
100.88
67.35
28.52
27.88
89.51
42.94
57.74
54.01
21.78
53.68
71.86
14.93
90.00
13.65
42.51
2.62
29.30
46.44
80.40
87.50
5.98
11.87
66.09
79.64
11.15
10.67
28.21
22.35
27.49
29.67
27.09
73.53
70.43
82.46
17.03
34.82
42.07
99.19
68.19
79.34
93.02
92.85
43.22
27.36
66.09
19.95
81.53
14.57
53.63
49.53
3.36
57.49
4.13
88.80
80.55
33.08
32.94
42.67
98.35
78.91
83.66
43.10
42.78
5.88
71.64
80.83
37.97
53.07
51.74
10.99
8.14
44.67
69.54
61.78
9.93
55.21
14.83
25.74
75.98
81.50
38.46
62.65
38.63
23.15
94.14
74.93
13.04
74.24
38.60
81.91
53.16
23.89
36.67
18.15
60.02
23.49
30.35
22.23
38.64
5.76
14.12
79.70
10.78
60.00
3.26
86.64
47.74
8.46
37.26
20.55
28.50
77.41
99.07
4.91
72.39
52.55
70.66
12.89
45.21
23.04
77.99
5.44
98.79
3.76
84.37
49.46
38.41
46.44
68.24
95.86
44.07
61.27
22.88
16.93
23.23
99.81
41.93
39.98
65.53
42.40
38.73
87.17
11.02
96.15
18.90
24.88
96.23
69.79
43.37
10.93
45.00
63.88
52.13
36.70
46.85
10.28
95.00
69.58
62.19
59.30
85.86
26.59
67.78
44.01
59.08
61.48
72.61
30.74
39.88
96.13
77.63
40.64
95.01
35.61
37.05
40.66
15.62
62.15
62.56
27.26
36.98
76.80
88.00
45.64
68.63
45.52
14.37
46.57
96.47
76.67
84.89
38.77
34.99
24.10
73.38
89.75
8.06
100.78
44.61
66.95
30.31
48.13
31.47
70.44
13.87
41.46
100.11
33.76
47.40
13.45
56.89
33.36
8.23
83.87
80.69
37.04
30.93
75.83
79.19
16.39
59.44
68.42
46.26
53.75
90.89
89.13
12.94
24.15
8.63
21.80
77.22
4.04
86.90
63.09
79.93
27.42
73.44
35.21
24.61
90.39
6.64
11.18
42.50
97.13
11.90
15.74
9.56
71.28
65.99
17.94
69.23
7.18
86.53
35.79
93.74
37.58
80.05
24.13
16.30
67.31
20.86
21.74
50.05
85.14
45.25
9.89
9.02
80.12
83.91
12.94
87.26
90.01
81.58
44.85
15.79
55.94
79.44
38.56
75.00
73.73
7.32
63.94
28.58
23.98
23.11
79.98
33.34
43.48
80.14
22.65
46.43
56.90
58.29
18.75
11.96
17.83
81.43
20.78
65.53
8.48
98.15
53.28
6.38
4.20
39.34
22.70
6.29
58.49
68.05
84.10
74.38
61.89
84.30
69.27
79.07
38.55
74.22
57.05
95.69
89.11
47.74
79.94
99.40
86.59
11.06
2.83
8.81
29.56
5.77
12.80
46.34
20.73
1.03
45.11
52.62
96.74
70.55
54.74
76.63
98.79
39.25
38.99
74.32
17.78
32.83
74.16
20.31
95.62
15.30
61.03
53.03
56.65
7.55
93.07
4.41
33.76
67.42
57.27
100.36
84.58
52.11
10.98
9.14
70.39
47.84
59.89
27.49
23.54
17.07
14.33
94.90
26.84
69.59
100.12
83.08
43.22
57.00
82.21
68.04
40.53
53.78
96.14
2.24
20.41
18.54
50.10
40.74
76.40
19.93
20.23
70.99
66.95
50.13
52.85
17.04
22.33
53.54
62.31
12.51
4.99
71.92
31.94
62.28
76.33
50.69
29.96
33.54
49.19
67.45
98.79
60.44
30.01
84.48
76.86
54.13
74.55
35.51
40.87
3.84
20.83
3.87
23.14
74.40
25.25
63.75
11.61
93.96
25.13
48.13
16.64
58.49
25.99
7.03
84.46
57.75
53.88
89.17
18.20
72.48
21.83
26.01
75.66
51.83
21.43
44.90
55.60
16.46
77.71
64.46
73.96
66.90
1.69
97.24
24.65
5.87
72.51
97.36
17.57
13.90
17.26
48.96
80.38
2.45
18.93
62.47
12.13
48.75
49.83
23.68
47.80
99.04
56.44
90.38
38.65
18.91
45.09
59.93
11.96
93.93
53.00
90.27
59.66
8.57
37.30
82.35
21.31
29.94
41.60
17.30
92.09
94.71
3.92
60.76
65.93
33.78
53.01
12.58
67.65
80.46
27.44
63.26
28.91
70.89
23.49
97.10
32.33
54.58
98.05
14.12
18.81
5.20
15.73
93.65
54.71
68.28
18.94
84.25
92.25
63.51
57.58
30.35
30.62
21.26
35.60
75.62
51.30
11.09
89.59
27.50
39.45
58.90
33.69
48.94
64.98
25.72
47.22
6.26
30.70
1.80
94.93
34.77
31.60
21.22
73.31
34.21
62.23
63.23
93.89
15.34
9.86
82.01
9.96
5.24
2.68
22.28
74.12
28.32
69.37
6.96
82.19
28.60
17.67
40.15
43.84
64.50
86.64
15.12
54.74
12.18
26.47
91.99
6.39
8.82
16.00
71.51
53.03
22.76
31.74
99.10
65.43
30.74
46.07
13.21
25.06
23.49
51.86
76.55
54.29
13.34
90.93
18.58
48.82
60.76
66.56
96.43
89.19
53.36
90.14
59.97
9.99
21.97
31.08
6.69
14.42
65.97
20.26
37.92
91.29
21.27
14.51
3.98
37.49
17.57
93.76
26.46
32.08
28.53
40.49
23.70
66.91
12.54
69.34
84.75
27.30
3.10
69.07
22.40
46.29
29.37
81.95
78.12
69.04
4.69
85.42
15.89
18.62
95.56
2.86
99.24
44.33
87.61
8.22
22.10
69.97
77.98
17.64
32.72
41.66
31.98
4.97
8.74
58.79
50.46
23.58
41.24
92.28
2.90
37.61
28.85
30.74
10.69
23.44
56.67
52.45
69.84
76.77
67.36
29.95
74.31
15.55
48.20
88.24
86.17
56.96
75.46
51.12
29.19
58.76
95.27
56.60
51.98
83.45
9.85
77.35
11.36
55.14
20.76
65.93
58.63
75.61
4.35
31.10
30.52
69.24
52.04
100.63
88.87
83.44
14.29
15.37
94.00
81.93
46.78
35.88
4.86
78.89
91.51
25.19
75.74
2.31
91.32
27.22
2.54
5.13
38.30
98.37
66.82
20.45
14.59
7.19
47.66
60.60
15.21
19.61
20.13
1.20
62.23
90.76
1.38
40.88
98.36
87.12
89.09
74.26
53.96
92.30
55.13
10.88
86.16
37.05
9.56
82.14
39.66
40.64
4.22
73.30
83.13
81.27
31.17
41.49
21.70
39.51
70.87
71.85
43.91
13.79
32.10
39.08
9.87
19.89
25.85
3.24
39.01
68.80
98.40
64.27
25.66
54.71
82.66
91.58
25.41
59.89
65.28
31.60
11.42
76.15
45.73
93.00
94.19
58.47
78.40
78.18
27.28
33.86
8.02
79.69
23.01
97.88
100.09
68.23
31.52
77.22
4.27
43.41
88.81
56.97
3.43
17.03
4.02
40.14
45.93
6.02
8.39
50.61
9.56
49.66
19.30
5.17
50.05
15.66
99.07
46.03
97.57
17.65
41.17
25.67
34.71
83.88
45.88
46.04
6.75
73.54
16.06
16.44
29.86
63.71
78.07
59.55
28.43
24.75
11.22
74.74
65.33
13.33
22.69
39.03
24.06
73.19
89.96
63.63
8.28
11.45
13.85
88.37
65.06
12.62
87.14
14.85
5.41
75.21
83.63
71.47
32.79
33.16
10.94
55.69
74.68
57.49
53.28
57.42
1.95
72.98
83.34
4.53
57.11
19.02
5.99
38.69
5.51
66.28
2.36
79.62
18.11
52.28
60.05
30.52
44.64
26.04
13.58
65.82
25.81
73.93
68.18
60.34
90.95
35.50
71.27
32.99
6.66
47.55
10.98
87.47
22.97
74.42
98.04
95.34
61.04
47.34
1.42
91.42
37.99
86.29
77.04
1.05
73.06
28.80
9.28
1.20
15.11
3.44
10.49
62.81
25.11
91.31
64.58
10.15
8.97
23.83
83.05
78.48
100.28
47.74
53.20
14.88
77.79
7.39
57.66
49.81
51.10
79.65
68.25
39.70
20.62
17.77
3.86
84.95
45.52
61.08
21.61
2.09
42.63
28.25
64.84
9.90
11.39
68.08
15.62
63.72
29.66
7.04
12.29
59.14
25.85
1.34
70.39
33.19
12.42
88.14
33.79
90.41
41.77
88.34
15.84
9.69
12.20
38.57
41.94
63.58
86.79
60.25
17.93
18.55
8.39
66.48
77.50
20.29
16.25
8.31
97.22
19.83
83.18
21.21
38.90
89.44
32.59
14.98
58.49
19.58
60.22
32.43
67.32
76.44
54.11
64.53
58.99
100.51
86.56
81.40
19.66
5.97
88.61
39.19
13.83
36.58
53.29
94.37
1.67
99.34
22.49
100.89
46.11
88.66
14.73
51.05
39.76
92.97
20.88
80.11
63.48
68.87
52.63
49.29
13.04
87.01
60.34
84.16
100.99
94.96
32.59
16.91
62.40
45.63
4.67
1.81
68.75
25.86
60.91
98.39
32.15
27.61
64.10
98.06
76.76
97.95
1.51
25.44
88.71
40.87
59.29
51.53
75.23
70.24
97.73
85.69
78.07
93.41
56.24
31.12
22.87
4.16
26.53
70.62
9.43
8.26
12.17
36.84
92.21
56.71
74.54
30.62
5.35
39.42
26.29
26.13
36.77
14.52
63.43
21.92
45.84
68.73
78.30
58.11
78.27
2.83
46.31
88.11
83.45
31.38
88.75
1.84
66.48
39.88
4.30
33.64
52.36
67.05
28.79
40.99
54.54
27.77
24.82
70.35
54.62
44.29
90.10
13.18
6.87
22.76
63.15
72.86
23.54
4.31
76.54
30.49
73.34
57.11
91.90
23.97
74.87
28.85
83.72
28.38
23.72
97.54
72.22
7.33
96.70
4.32
89.49
23.47
31.49
38.33
12.78
34.78
82.61
16.22
98.49
6.03
100.89
1.47
67.61
65.57
75.82
12.17
59.23
18.04
38.92
79.56
32.34
87.94
11.92
78.22
35.14
44.58
47.33
45.55
40.92
75.62
17.25
22.23
42.02
1.47
31.94
26.69
16.12
79.02
61.22
21.38
7.21
97.85
82.75
91.68
14.17
80.59
25.95
76.71
99.71
16.52
86.59
61.93
63.55
12.56
78.84
91.73
71.27
86.05
50.83
91.36
19.13
60.35
13.45
87.42
13.03
77.00
42.54
4.14
65.94
40.76
31.67
35.03
6.28
11.31
60.22
1.17
99.89
81.04
21.85
2.17
77.91
51.12
61.09
7.36
85.77
96.00
73.80
46.11
43.85
7.11
25.48
32.31
19.90
38.23
26.35
58.69
35.72
15.41
66.08
54.93
14.65
95.59
32.12
63.02
9.20
60.07
35.76
82.97
9.16
40.29
70.00
57.27
24.95
38.09
12.57
19.60
69.63
63.61
47.27
82.54
100.49
80.79
68.02
32.50
98.96
51.59
10.90
87.01
39.13
39.20
100.09
2.32
68.09
46.32
42.31
37.28
8.38
59.57
28.04
1.48
69.09
14.26
29.21
19.86
95.47
95.42
96.64
30.74
17.78
78.67
35.97
89.76
95.35
9.58
63.65
1.27
27.14
25.30
2.06
15.48
75.82
61.86
85.91
70.25
36.41
16.71
11.30
92.59
36.70
43.98
33.43
66.39
66.49
69.10
55.23
70.64
67.62
59.84
2.00
56.52
3.26
14.72
28.95
65.59
6.11
70.03
47.63
31.68
34.91
94.49
48.72
51.71
77.22
43.33
15.00
55.59
44.83
57.71
12.77
72.89
16.63
49.22
81.47
26.40
75.52
64.26
17.75
71.78
98.46
42.15
5.87
85.67
31.11
83.18
1.48
27.73
61.64
2.07
16.06
17.40
67.78
32.20
41.35
95.47
25.98
72.97
84.23
94.25
33.57
85.89
6.62
69.61
83.47
29.92
7.11
75.52
13.06
31.01
83.39
32.97
23.89
54.90
7.85
90.59
21.41
22.69
53.48
13.69
14.36
75.05
98.13
35.78
58.64
94.02
22.76
10.98
83.62
31.17
6.65
95.13
2.56
72.68
77.43
10.98
34.40
14.81
6.11
91.43
55.66
49.28
60.41
56.03
48.00
1.69
96.01
16.64
9.28
20.54
81.84
70.11
23.21
4.74
73.13
37.16
27.73
18.11
21.97
10.02
52.14
72.42
17.69
67.74
22.12
27.45
6.71
89.74
62.47
34.36
52.00
80.14
67.26
98.50
54.01
79.62
81.43
87.89
8.51
20.55
44.87
8.16
97.35
63.46
15.32
80.98
64.17
27.85
65.69
8.25
92.68
13.45
95.46
52.96
13.59
32.96
39.21
97.47
89.91
73.80
84.24
37.78
51.41
20.59
82.16
23.72
94.01
34.53
86.01
92.94
99.67
59.66
82.67
37.97
80.09
80.08
24.37
12.32
89.09
97.85
39.79
50.73
57.84
62.01
45.65
47.74
23.71
12.31
54.22
84.91
19.42
12.52
95.15
92.98
71.78
58.48
11.33
80.21
68.83
71.39
91.76
14.99
1.58
64.31
2.92
72.58
62.46
15.40
35.23
9.09
81.90
10.12
87.73
14.46
82.02
88.57
41.37
5.80
10.54
27.95
16.53
29.84
56.92
30.46
14.15
25.01
30.64
29.39
91.49
5.83
19.18
77.66
90.58
98.61
24.07
3.84
62.50
1.85
63.11
40.06
100.96
28.00
26.66
55.94
62.21
61.57
26.73
90.48
44.76
22.59
86.63
13.40
45.88
82.59
33.37
61.30
66.78
22.26
33.98
80.30
35.99
76.31
27.39
88.29
14.88
17.80
65.46
48.27
88.68
36.58
25.31
6.14
8.82
44.50
95.95
37.95
47.96
53.77
50.45
57.28
13.83
67.63
80.71
75.14
77.08
3.72
4.38
58.56
46.70
2.59
93.24
14.16
56.29
22.31
100.41
75.04
31.30
65.27
29.51
40.55
96.12
87.09
6.27
68.61
69.62
63.46
40.09
4.08
100.10
46.00
25.59
70.64
40.82
56.83
71.57
47.98
4.61
64.02
11.78
67.92
26.48
2.53
25.31
6.88
95.81
67.75
31.44
1.83
2.31
80.14
25.43
7.32
86.80
29.29
15.50
63.85
17.68
8.49
70.19
58.23
5.75
75.78
21.50
76.72
13.80
80.20
98.81
22.70
10.30
16.86
94.38
71.87
29.87
60.42
52.50
90.40
40.72
91.43
38.32
97.06
41.61
75.62
67.86
58.89
22.41
49.34
48.76
48.11
38.52
77.26
47.45
15.69
67.06
63.21
76.82
41.52
72.07
74.14
7.47
73.79
91.05
25.83
15.60
28.07
31.85
5.62
57.93
24.95
9.18
54.69
8.18
8.97
14.06
38.99
59.90
50.88
62.71
43.65
54.13
69.79
96.53
13.86
21.55
9.35
1.24
66.26
27.15
67.84
6.09
49.11
75.72
21.02
58.76
47.82
25.15
75.65
58.56
96.92
57.84
82.13
89.75
12.20
69.73
5.64
35.75
76.24
54.77
94.88
44.09
18.86
93.62
69.46
79.64
8.77
47.62
11.11
12.85
80.87
77.38
6.01
29.87
34.34
87.15
67.81
12.72
39.22
25.00
1.26
59.70
11.85
18.56
23.46
30.66
73.46
76.34
8.91
1.64
67.46
66.46
86.17
1.05
36.48
26.18
52.14
99.29
26.54
86.21
10.51
21.49
30.16
18.62
87.77
91.65
16.13
58.48
18.26
11.89
22.04
58.77
83.68
63.81
74.33
94.88
77.18
67.52
58.24
22.96
71.18
47.17
22.16
14.42
20.67
72.37
51.32
7.73
15.05
45.80
33.50
31.00
91.45
6.44
2.85
49.67
47.77
80.14
88.81
11.88
87.79
57.94
28.51
39.33
10.85
95.30
10.03
47.05
16.81
78.65
96.53
46.15
26.30
97.37
85.55
51.19
94.94
94.94
100.73
80.44
47.53
60.69
87.00
36.48
100.11
34.34
25.57
55.58
57.45
62.96
59.17
57.98
37.14
12.25
73.45
21.16
45.87
57.44
18.71
40.74
27.23
46.69
28.57
7.11
83.29
17.78
32.27
62.47
16.91
82.28
76.96
38.78
3.44
9.00
18.49
79.52
21.68
69.90
79.84
90.66
25.06
86.57
97.38
29.82
10.70
78.88
81.87
83.38
16.36
32.41
63.51
74.75
66.29
80.04
32.54
8.65
4.97
80.46
38.71
11.70
39.76
73.67
65.52
18.83
56.45
6.96
88.85
80.84
97.35
26.81
85.11
33.88
6.34
20.98
47.67
48.92
81.18
21.60
44.43
19.04
59.03
98.19
92.32
81.00
20.13
63.74
41.45
50.52
12.36
81.02
44.63
23.11
55.74
12.70
6.82
53.64
17.04
77.38
94.63
55.88
85.94
44.51
15.70
78.10
21.55
15.07
56.05
42.25
49.64
19.21
6.65
1.18
85.80
83.99
88.77
96.86
86.28
80.90
53.97
74.08
24.92
10.90
19.24
54.06
74.70
58.02
23.82
17.83
87.84
55.86
89.51
63.93
85.28
66.76
39.20
13.18
55.39
58.20
87.23
42.21
17.75
37.87
96.60
6.02
45.39
97.89
93.55
92.80
7.55
18.97
51.28
17.66
92.63
23.45
78.14
11.99
17.82
11.00
60.43
55.35
19.03
67.60
73.58
14.34
21.53
7.71
5.78
25.91
40.12
29.32
80.02
14.30
98.55
58.77
35.65
72.86
78.67
99.17
66.13
17.06
10.40
8.11
97.14
33.49
2.31
40.21
55.64
48.19
62.32
4.98
60.09
7.05
69.88
5.96
65.64
49.60
66.13
13.54
20.47
17.02
89.41
75.56
19.62
84.86
78.04
95.13
27.72
44.17
46.38
15.26
12.33
34.05
21.97
93.52
20.92
53.81
77.55
33.88
87.83
8.65
2.98
43.72
4.18
83.11
19.51
15.49
86.24
45.30
29.56
45.43
81.60
11.86
19.82
95.24
65.30
2.60
70.54
58.21
3.92
14.76
46.04
35.53
12.07
58.24
80.72
80.08
34.54
97.10
89.47
28.39
84.87
27.85
29.02
35.32
11.95
35.28
39.20
19.64
74.67
82.48
22.94
34.99
14.68
5.07
1.66
37.88
22.75
87.76
1.74
91.30
16.33
4.05
67.31
89.83
47.04
9.55
70.43
15.38
60.15
78.81
45.98
98.86
47.95
45.72
19.55
58.24
85.27
12.29
37.03
65.37
44.28
75.30
30.36
90.46
10.84
5.22
8.15
31.88
71.72
27.63
42.58
25.04
71.92
62.39
92.04
42.21
89.96
24.07
58.53
79.03
2.48
83.65
2.54
99.28
7.71
35.28
65.04
50.65
36.20
59.80
68.61
50.84
10.20
43.37
74.92
90.47
71.44
100.85
49.28
73.80
38.38
97.96
20.03
32.78
87.89
47.75
94.23
52.62
87.62
4.90
13.10
93.35
31.84
37.95
51.38
79.51
13.52
2.72
84.31
93.43
14.74
37.43
26.32
25.41
6.27
94.76
25.03
1.04
80.39
11.43
27.21
22.11
50.64
35.32
72.41
47.58
91.67
4.39
40.04
4.49
60.91
54.39
85.90
95.70
73.44
20.34
76.90
40.57
88.82
31.93
24.47
99.46
53.46
1.74
22.41
34.27
12.72
59.95
60.46
3.19
4.18
36.37
53.23
48.10
99.79
54.01
27.97
17.50
48.63
1.18
60.12
15.49
4.78
97.23
1.64
27.76
90.40
23.38
27.99
90.07
3.44
67.65
33.28
24.34
95.16
6.23
5.93
84.56
11.55
57.91
6.23
9.97
30.24
16.73
69.16
84.97
34.22
1.49
9.33
5.67
79.01
20.92
49.57
99.15
60.60
35.92
41.06
56.96
28.39
8.91
73.35
3.77
28.99
87.71
42.18
83.34
92.87
18.37
73.42
23.86
75.81
13.03
26.44
77.14
17.86
62.82
70.61
61.76
21.06
2.96
29.07
34.89
96.32
98.74
51.05
64.83
16.13
16.77
96.24
55.08
26.37
8.06
73.87
36.31
55.78
20.04
10.93
62.16
9.88
57.89
58.26
6.34
7.98
55.15
2.75
75.50
19.59
54.24
28.38
58.71
1.51
99.76
66.46
15.32
13.60
55.99
16.30
28.45
5.52
36.19
49.16
36.58
22.84
76.58
99.55
21.20
20.54
81.02
99.93
50.78
47.38
58.48
85.95
9.67
84.62
74.92
55.90
35.52
70.56
12.20
22.40
7.25
35.48
83.35
18.37
27.51
37.18
66.35
44.62
84.81
92.37
96.00
48.55
47.95
94.17
56.47
23.28
15.50
61.75
20.20
25.58
9.61
61.46
23.11
74.19
7.39
17.95
13.05
79.56
2.74
16.12
10.21
52.41
90.03
84.66
50.60
65.38
28.67
55.94
17.43
99.76
24.54
31.33
58.86
88.41
33.74
10.06
42.06
71.68
72.07
36.60
37.15
60.29
58.72
46.11
51.70
32.81
62.60
32.72
54.10
23.40
37.70
39.56
35.71
38.02
85.53
29.44
86.88
44.04
29.44
96.67
66.10
9.95
34.14
23.44
20.53
46.42
42.85
12.03
69.26
74.29
78.04
4.05
19.97
49.40
5.57
33.26
13.43
36.12
23.55
16.99
49.68
65.44
32.97
6.72
45.43
7.96
6.47
7.35
82.98
19.23
89.42
13.38
66.20
23.29
89.67
26.85
26.84
28.59
94.54
90.24
15.59
42.05
16.37
69.47
62.17
49.64
72.62
9.71
46.80
50.62
72.72
60.60
22.90
11.99
23.83
65.99
65.36
66.14
89.09
63.91
79.78
56.47
38.61
53.34
68.53
96.97
80.02
35.41
12.11
41.54
40.11
6.68
83.22
88.82
21.21
56.94
35.03
90.70
69.72
27.85
59.56
34.94
43.79
72.12
91.60
25.37
88.27
31.38
18.46
97.91
37.79
29.43
62.01
77.28
22.05
46.40
65.50
91.07
100.62
100.07
16.10
75.61
45.86
71.99
88.22
82.19
77.94
92.29
98.32
58.24
49.43
67.28
1.08
39.88
93.96
61.87
89.78
68.54
8.63
71.76
24.66
36.17
91.20
52.95
9.09
31.50
16.77
32.63
91.10
47.11
98.13
62.84
84.02
21.74
20.83
24.02
98.99
37.27
23.10
47.77
17.23
66.28
96.31
28.58
73.03
80.72
31.62
58.88
29.21
88.14
9.93
21.62
90.11
5.95
11.49
2.24
16.65
24.97
70.22
34.68
76.30
54.13
42.69
95.16
21.86
99.23
33.76
83.17
70.18
16.72
44.46
97.38
7.04
12.49
9.96
11.80
35.65
64.90
88.70
93.96
54.76
31.45
32.26
98.00
73.29
69.09
84.34
74.50
85.70
64.17
61.84
40.79
76.69
37.97
83.35
59.50
13.38
11.03
40.71
35.43
81.06
9.25
53.30
78.47
26.88
39.82
5.01
10.33
56.86
64.34
76.01
44.30
16.76
46.40
75.38
28.17
46.61
34.95
1.99
85.64
95.06
11.58
86.11
94.07
34.11
44.31
64.99
92.43
75.46
33.05
85.14
77.05
52.51
61.82
39.77
57.84
58.26
2.61
11.15
72.39
35.47
98.49
55.52
33.51
98.63
19.93
81.76
94.29
7.09
22.01
97.15
25.67
56.64
30.32
52.55
47.89
15.04
83.31
11.37
32.26
85.79
97.23
80.87
14.50
30.05
2.83
17.57
76.38
43.50
28.13
90.06
11.82
50.27
68.21
12.78
31.59
16.95
28.93
25.90
99.49
93.40
23.95
64.48
3.30
43.16
22.56
85.71
48.88
55.25
57.30
25.13
63.72
72.12
19.16
18.39
81.47
45.45
52.84
79.24
66.01
30.36
55.02
18.46
69.67
93.98
49.59
12.18
10.29
93.72
17.01
24.98
74.09
13.43
43.57
94.44
56.70
32.79
52.68
42.16
15.53
4.41
88.42
4.74
62.56
50.70
32.04
13.93
60.28
82.78
24.57
85.51
88.08
55.09
67.20
43.47
80.26
56.29
83.20
13.95
87.78
84.04
100.71
83.57
86.32
72.08
75.83
1.04
15.07
9.12
7.18
21.18
14.95
92.20
80.29
72.21
61.67
43.20
63.47
15.75
5.08
40.05
50.58
31.34
22.68
48.64
59.95
44.20
32.78
96.15
74.06
29.54
100.93
48.49
24.93
93.59
14.67
15.82
35.53
77.16
37.04
16.55
34.76
37.09
13.79
34.55
39.37
11.46
84.96
49.06
3.29
31.75
90.99
39.88
100.24
35.21
23.96
13.50
1.51
59.46
54.36
41.81
19.39
4.63
88.38
8.43
90.53
89.68
20.17
88.09
1.95
66.87
72.30
21.89
50.88
36.21
71.97
16.65
8.96
19.21
30.44
28.52
35.74
40.26
20.34
46.54
62.73
11.43
64.81
19.18
43.80
26.13
82.35
63.09
80.85
25.38
35.19
62.96
99.05
38.47
1.79
46.26
46.54
10.11
72.28
35.77
43.92
35.25
76.60
48.34
69.12
98.74
97.87
74.95
62.66
79.28
61.05
93.52
91.74
8.58
75.23
6.72
39.38
13.09
9.00
54.49
39.98
12.18
100.46
44.34
63.36
21.66
68.73
27.68
5.20
8.70
7.15
46.59
30.62
82.94
8.08
8.75
75.15
32.20
78.04
87.14
69.58
74.17
63.59
55.96
5.44
71.04
48.57
11.88
96.82
48.90
19.82
52.08
42.77
25.93
62.03
17.92
13.93
63.63
12.74
55.95
33.71
49.61
76.50
20.52
83.69
70.73
74.03
63.23
91.44
25.28
91.20
97.02
70.32
93.00
61.01
88.97
41.81
66.74
52.27
86.59
25.30
87.87
27.54
61.23
27.37
61.73
27.19
54.51
47.98
20.79
63.50
23.96
24.61
9.40
70.98
12.18
4.17
77.39
75.30
57.14
2.23
79.50
48.62
14.25
7.05
35.87
79.63
78.55
31.03
42.48
83.22
32.84
45.39
33.30
38.16
84.25
24.12
65.91
66.58
85.70
80.30
64.58
60.95
49.22
90.32
32.79
82.98
81.68
49.10
41.43
40.00
49.77
56.23
2.94
63.35
9.33
77.94
45.56
72.96
90.70
67.73
23.93
1.66
41.11
95.26
86.53
12.55
65.06
27.81
80.62
7.95
20.85
37.05
9.15
27.54
18.53
7.70
15.69
23.63
39.15
48.48
71.72
89.47
97.34
22.02
54.88
22.50
85.86
81.77
79.92
4.76
5.35
11.02
4.95
97.26
79.65
52.09
80.93
21.84
44.55
25.40
99.24
70.10
2.45
45.03
100.68
96.02
4.94
1.17
60.59
5.81
10.93
43.67
9.13
72.27
70.04
32.63
90.44
4.24
52.86
73.36
1.11
32.08
27.06
12.20
85.92
6.11
49.81
93.74
20.26
47.38
5.18
96.01
94.00
73.61
6.08
59.36
28.03
37.01
61.48
48.88
65.81
88.79
28.77
48.99
81.91
2.57
18.00
85.58
43.61
16.17
24.83
35.81
97.04
39.16
46.61
70.06
90.77
55.33
58.39
98.67
40.27
36.14
26.42
83.24
88.33
57.73
12.80
91.16
67.45
31.39
27.43
31.87
53.19
50.58
2.20
34.76
16.38
77.09
49.96
70.55
99.60
12.28
49.37
8.26
32.29
48.15
7.14
64.84
22.30
56.83
73.00
1.38
91.78
34.59
84.64
50.53
1.52
35.85
64.45
52.20
82.54
42.61
22.08
95.66
23.45
26.29
73.84
27.30
87.82
2.78
26.95
97.07
94.81
65.29
34.86
2.78
41.80
91.46
93.36
51.98
79.14
85.89
38.99
20.02
40.61
10.18
42.50
98.13
59.41
23.07
52.94
65.58
24.25
72.02
95.57
22.57
83.87
86.73
47.15
53.58
24.95
52.20
23.93
11.44
61.48
49.70
39.80
42.81
47.90
11.72
59.28
23.72
11.15
91.88
90.20
18.03
12.29
85.22
14.95
18.42
83.67
53.23
86.35
99.71
58.60
75.88
50.41
87.08
54.52
59.81
31.01
24.22
5.44
97.45
40.51
7.51
66.08
86.36
11.14
24.75
60.27
34.14
28.17
36.78
2.39
98.24
82.87
70.21
2.74
92.28
58.55
79.01
2.56
6.58
95.16
6.68
38.93
76.00
13.69
11.19
17.41
92.18
12.04
95.15
5.06
3.86
17.88
60.57
70.95
42.58
73.61
28.68
48.27
49.51
20.27
95.40
49.75
2.48
61.73
52.00
84.51
74.16
26.83
73.59
12.46
37.44
98.34
39.19
5.97
76.81
43.43
26.02
50.38
4.55
37.70
33.66
86.93
47.06
66.52
21.08
34.23
87.38
85.04
35.32
79.33
3.52
25.10
12.94
12.03
20.85
4.61
39.48
28.26
83.89
87.22
26.38
16.34
74.20
20.28
5.98
70.84
20.60
5.30
82.53
10.15
8.69
16.23
7.65
46.17
57.51
66.20
4.02
76.01
53.16
36.39
81.39
97.54
52.09
18.43
5.64
16.19
99.02
67.12
20.09
91.97
84.76
31.80
70.76
40.68
19.35
90.82
99.43
21.30
4.60
51.22
23.85
49.28
1.16
78.25
68.74
20.62
3.61
93.63
61.13
84.53
57.13
24.06
4.25
17.39
44.41
83.69
15.83
95.74
46.04
65.65
54.23
93.33
77.96
21.94
4.55
63.16
38.72
100.61
29.56
15.50
19.27
57.76
29.88
99.20
69.55
70.58
41.48
90.83
91.69
94.81
19.39
99.22
7.53
77.58
97.26
13.01
1.53
90.56
88.69
80.06
100.39
94.36
58.30
37.38
19.58
32.91
100.81
40.33
10.64
18.04
73.08
98.98
82.29
15.39
55.75
42.56
20.19
17.78
6.43
41.70
10.63
57.35
14.86
10.74
58.99
59.58
9.78
1.31
93.12
78.01
6.24
77.37
46.94
8.21
77.02
99.56
3.61
19.99
14.00
24.61
21.42
72.31
24.30
4.60
49.27
66.91
65.71
13.20
61.15
77.51
72.46
100.81
31.86
38.12
75.80
16.27
40.23
10.46
91.81
86.52
16.07
9.63
70.30
47.12
16.97
95.29
11.12
59.62
89.66
24.71
18.46
19.58
42.19
70.38
61.24
80.29
13.73
41.37
16.14
68.48
2.28
85.23
4.47
10.81
92.43
46.32
50.28
53.50
81.75
59.11
49.36
4.87
49.81
62.94
91.85
44.59
88.17
93.75
61.94
67.73
9.17
30.18
36.02
7.73
7.43
7.70
17.89
61.32
24.06
92.44
55.62
16.96
16.78
92.53
67.97
46.33
84.25
49.72
23.18
94.35
5.05
12.16
89.05
63.01
67.07
40.11
57.03
31.61
39.98
30.23
86.85
6.06
42.21
27.20
97.64
22.74
81.05
2.10
56.57
42.67
66.59
43.08
24.86
18.40
34.96
73.42
12.16
80.11
64.85
40.71
26.90
6.58
5.73
81.70
1.22
54.94
23.13
84.89
88.82
21.24
98.23
64.50
99.22
27.14
96.07
37.45
26.44
94.12
18.02
87.59
40.24
17.36
65.55
57.86
84.41
11.43
78.18
18.05
86.88
16.85
46.63
36.33
2.96
36.82
8.84
40.59
4.49
6.66
28.14
10.32
2.33
94.66
7.49
6.39
57.68
15.56
15.94
7.26
65.38
57.97
2.73
75.92
15.54
27.41
27.75
25.97
76.29
58.22
69.57
11.30
42.61
20.96
79.90
12.18
40.40
82.93
30.45
67.17
90.48
42.25
85.55
26.41
77.16
67.32
14.08
54.22
87.58
26.27
84.95
7.58
21.90
18.51
10.63
11.97
74.39
40.56
14.86
22.85
17.69
16.77
50.97
9.57
41.19
27.24
25.22
23.87
92.74
38.57
33.05
72.87
34.46
90.10
25.99
57.07
12.74
78.18
10.71
84.08
31.90
90.86
13.41
95.62
67.92
41.91
46.59
46.06
47.76
84.25
37.21
3.94
17.97
51.64
65.97
19.35
17.43
57.85
53.40
13.23
77.98
3.99
8.56
74.58
67.70
21.34
45.71
50.86
73.01
62.03
36.50
32.84
44.95
66.70
77.25
53.20
67.52
34.81
34.22
89.32
39.55
45.62
49.28
10.93
95.61
6.26
76.90
97.19
89.79
66.95
45.48
74.43
33.96
75.27
12.25
22.29
22.14
22.13
51.18
53.30
86.36
60.25
32.34
15.14
54.01
15.47
90.30
3.78
32.31
10.41
71.19
2.94
37.37
26.82
54.18
82.45
88.93
64.57
20.15
71.17
77.40
6.77
37.37
87.85
35.33
55.04
84.21
71.44
30.33
38.31
3.77
23.84
28.71
37.70
57.83
34.10
70.03
69.25
93.61
67.76
55.31
5.42
73.91
64.28
74.11
72.72
82.24
54.11
56.09
44.71
33.89
64.10
100.03
33.88
85.96
86.23
76.55
41.79
72.51
10.60
63.87
30.76
58.11
91.19
12.79
10.47
46.64
15.25
32.31
92.12
21.50
34.81
4.77
80.09
88.22
100.79
21.67
32.53
74.01
3.10
92.05
88.37
47.32
87.25
16.46
47.56
47.64
16.21
44.27
85.21
37.72
89.11
11.96
47.72
96.05
81.04
15.78
45.84
78.86
100.26
80.76
90.87
90.84
36.21
58.06
28.90
50.99
73.02
24.95
81.21
35.66
3.58
83.93
60.75
91.39
29.66
3.11
34.45
44.42
21.37
61.94
13.84
76.08
6.44
47.48
24.78
37.35
16.01
34.73
34.61
8.64
8.58
38.98
59.68
73.40
27.88
12.36
86.81
100.87
2.33
57.13
42.68
28.22
71.31
38.70
5.92
15.79
96.54
20.04
68.55
8.54
14.61
28.18
79.77
13.26
95.12
26.99
12.59
39.68
60.36
58.84
46.45
36.55
92.76
3.54
52.37
34.21
79.67
12.41
95.34
22.89
87.85
75.11
66.61
50.66
19.02
100.10
19.18
27.31
60.12
11.03
66.57
82.47
78.09
95.41
58.59
21.34
76.21
24.65
76.83
70.97
47.61
14.12
2.26
37.23
10.80
54.66
65.50
93.20
86.04
29.00
47.21
76.18
89.49
8.72
7.01
84.49
1.02
31.74
19.31
68.43
64.16
92.79
77.25
63.58
63.23
18.90
60.16
18.81
48.50
9.03
42.86
26.33
80.54
1.75
18.74
59.39
53.82
100.91
55.33
80.52
55.42
91.16
58.65
66.25
17.25
71.47
60.61
76.85
68.59
61.71
76.32
11.09
2.51
10.36
92.01
42.50
18.45
63.05
7.10
98.23
88.55
10.91
23.39
21.85
31.25
4.39
91.50
70.47
46.07
51.49
48.49
91.94
48.50
9.39
69.43
17.35
97.30
5.22
39.15
2.03
69.98
10.24
83.73
45.91
74.44
92.45
61.98
64.76
6.06
39.77
11.66
98.55
89.09
27.82
1.56
100.80
96.46
24.50
95.02
12.00
17.22
26.97
48.25
22.74
12.26
86.32
53.55
10.84
33.54
24.76
14.07
27.65
67.34
62.04
41.62
20.65
40.03
68.44
53.31
86.11
40.71
97.80
26.56
5.14
92.91
2.57
92.47
44.39
59.11
84.42
99.61
71.90
30.07
65.49
83.66
16.83
90.61
44.43
25.49
63.75
7.68
11.61
16.51
76.19
19.79
21.69
45.90
91.08
64.80
68.32
74.90
72.56
50.95
50.33
11.08
5.12
75.93
89.30
98.61
71.74
26.82
43.26
26.81
67.52
52.87
16.59
88.08
17.66
52.12
43.00
6.29
77.93
17.53
9.53
3.33
8.04
83.42
85.90
43.70
97.76
47.40
61.13
39.93
55.70
34.62
58.08
20.33
4.32
47.20
15.15
37.50
84.52
4.15
79.97
77.00
79.59
14.65
13.45
9.91
34.26
6.94
16.51
68.18
46.25
11.03
56.68
80.38
38.49
55.90
60.50
88.70
72.28
19.58
33.52
59.70
94.34
86.52
46.25
88.32
10.34
48.87
63.23
97.05
39.29
81.88
10.33
74.11
18.27
94.53
79.21
12.58
30.56
79.15
53.20
6.93
8.00
96.89
8.83
51.59
48.42
31.87
26.55
2.74
48.00
63.19
83.47
22.11
12.88
70.74
4.52
27.94
21.83
56.22
44.97
14.16
13.59
3.15
25.29
20.94
12.43
87.80
3.70
2.27
63.75
17.47
16.51
97.18
76.53
61.60
5.40
80.53
56.62
19.89
1.88
58.86
4.70
48.53
9.63
40.84
18.27
20.63
87.05
20.21
94.55
94.62
55.51
51.45
39.79
80.35
97.25
16.12
65.03
12.13
49.71
61.76
45.92
95.27
62.04
9.41
66.97
24.74
69.52
18.19
81.41
80.85
68.81
64.34
40.84
6.75
38.96
61.59
27.72
38.84
95.53
52.73
47.61
77.90
35.24
31.25
5.20
12.13
46.13
9.51
53.12
73.68
8.38
71.94
71.71
44.46
54.52
65.30
85.48
94.41
41.91
58.23
62.08
89.54
29.50
66.93
84.34
63.66
82.11
89.70
96.34
69.59
68.42
64.32
1.90
53.02
35.92
7.88
18.04
49.43
56.33
57.49
72.46
11.73
54.50
73.37
1.35
49.29
6.17
20.76
39.97
28.77
74.66
98.67
92.79
17.73
78.27
48.64
54.17
88.96
22.66
100.95
61.82
9.47
36.37
17.28
52.37
17.02
9.95
61.41
86.07
12.52
76.73
12.31
20.56
15.65
35.83
93.96
5.32
35.58
21.40
72.21
12.44
19.08
75.83
35.57
77.93
6.45
73.92
59.63
71.04
2.40
27.91
30.76
44.39
41.25
49.87
97.46
12.71
55.43
38.05
20.90
82.66
90.89
76.05
5.09
41.35
63.27
11.49
4.37
81.31
26.15
41.42
94.91
3.62
62.08
26.48
24.70
59.83
38.34
67.42
28.94
2.08
84.54
38.08
1.93
29.90
44.71
96.18
69.58
26.03
31.52
56.94
41.13
19.09
60.32
15.18
62.79
25.14
37.88
58.20
34.90
47.96
57.72
99.57
70.71
88.31
70.65
63.63
9.17
35.68
20.68
74.19
92.17
16.17
21.39
4.79
80.00
14.42
24.24
27.08
77.24
98.82
69.38
3.98
81.23
61.51
4.24
91.78
91.24
36.34
28.19
19.40
3.24
78.78
91.63
49.07
21.92
87.70
52.37
80.34
91.80
68.29
30.04
1.84
25.39
45.54
4.38
80.26
62.48
21.25
98.16
97.20
4.52
67.00
98.52
100.21
43.04
14.01
92.33
95.70
47.50
13.43
28.36
56.14
14.43
29.86
86.22
79.91
5.12
24.76
3.34
70.28
73.45
3.02
29.21
5.50
38.93
79.56
13.43
17.39
17.28
94.60
26.39
87.25
25.09
12.88
53.90
39.63
43.44
35.54
63.56
64.31
67.47
85.92
21.03
68.48
71.59
22.88
86.04
29.60
28.05
41.17
52.75
10.81
59.33
95.46
88.67
94.03
11.27
98.62
23.18
25.05
16.65
5.93
48.86
80.85
53.13
37.51
31.28
27.61
31.31
6.03
81.52
44.07
27.56
12.77
66.61
1.79
26.79
34.39
60.30
72.48
38.96
52.68
35.25
52.24
97.36
11.45
9.79
79.21
82.81
57.21
79.80
95.80
30.91
64.60
91.73
98.39
53.98
99.04
76.51
14.77
25.92
4.91
51.41
1.32
93.77
99.35
30.93
85.12
30.21
6.55
75.15
47.34
48.01
21.45
90.91
100.91
22.82
27.09
73.92
9.58
6.75
39.25
24.16
95.16
62.38
17.88
78.10
52.43
27.25
91.32
51.58
90.80
78.56
4.91
20.04
94.53
44.89
97.42
12.95
3.49
91.67
36.41
10.67
40.50
61.20
11.41
92.93
46.81
30.67
56.35
76.34
25.88
42.85
64.33
13.31
16.97
28.41
40.26
100.39
20.01
13.01
65.30
68.57
62.99
83.23
5.95
58.84
18.97
21.66
5.13
72.44
87.24
36.06
86.61
43.91
75.08
35.73
77.52
47.63
25.22
86.26
95.82
9.30
5.62
57.42
36.85
82.04
66.43
33.74
99.50
92.59
25.69
57.92
62.99
100.37
77.64
21.29
73.54
80.85
45.14
5.26
50.09
46.91
5.71
47.93
46.98
21.17
94.04
79.99
4.17
66.78
82.78
14.64
96.92
6.63
29.19
57.27
24.58
70.59
94.02
98.11
45.91
41.03
75.47
59.80
55.83
97.61
26.37
33.78
83.44
68.40
24.95
11.14
95.58
7.00
73.56
82.26
28.33
13.44
77.14
53.60
94.49
95.25
66.78
100.53
32.05
26.81
30.77
83.44
69.36
7.68
33.90
28.65
12.37
18.25
50.55
12.34
78.61
99.41
12.13
4.45
66.31
100.75
30.16
50.58
89.67
28.80
16.77
98.31
68.65
50.21
23.98
67.34
97.99
83.37
80.48
99.05
100.82
69.92
19.71
45.13
42.46
44.44
20.87
92.15
97.37
49.16
96.61
15.78
23.26
94.98
38.52
32.11
46.04
26.49
80.05
13.73
43.80
76.86
34.32
25.78
16.19
41.02
26.32
27.85
65.96
42.25
100.13
97.32
40.75
5.33
42.17
85.77
6.21
20.46
1.10
53.51
54.27
17.17
23.81
21.56
100.41
61.99
9.77
19.88
1.46
8.07
75.34
14.29
26.54
38.14
8.84
54.01
57.11
9.30
12.73
3.71
96.08
60.77
13.33
25.17
27.27
43.99
8.79
16.98
24.68
36.14
38.33
54.23
46.66
13.42
6.79
21.60
67.11
28.20
41.50
68.96
21.59
87.99
91.95
17.12
42.13
15.77
23.61
87.40
15.48
75.45
59.27
48.59
4.74
60.93
8.33
44.46
35.34
49.19
5.41
29.22
53.00
14.29
35.37
6.25
3.75
15.26
67.72
97.41
54.47
37.53
22.26
12.55
5.71
67.28
14.92
10.63
51.92
62.93
90.23
90.05
42.58
1.48
78.83
33.44
37.78
25.54
73.99
15.09
16.26
70.44
27.00
91.86
75.73
38.50
95.67
36.51
37.30
41.65
65.54
71.00
40.02
56.31
68.93
26.56
18.71
99.30
76.81
17.46
63.68
93.65
76.30
68.75
82.98
74.02
76.46
42.03
32.10
87.47
10.57
28.99
93.12
9.58
32.98
42.42
23.82
53.18
95.61
76.30
13.94
19.24
23.71
98.61
75.35
39.33
82.07
18.93
24.99
51.34
46.98
73.05
3.88
55.02
5.42
17.65
8.44
93.63
77.02
64.68
26.31
40.40
18.93
65.43
26.99
27.01
30.32
52.65
74.64
8.15
22.97
27.29
65.91
77.86
40.85
76.96
86.15
46.84
62.88
95.64
82.22
15.31
14.64
2.43
73.09
44.26
74.15
18.28
83.99
30.16
42.21
42.91
5.48
38.82
72.93
18.75
72.17
18.50
90.46
90.17
24.26
31.03
21.50
6.22
63.38
55.03
97.06
37.01
16.82
44.50
40.89
39.34
30.64
97.06
5.77
71.14
73.62
2.40
62.73
67.20
29.56
5.76
25.86
41.75
1.03
14.95
85.44
98.29
82.50
83.00
77.01
73.76
25.88
10.21
52.55
34.11
3.71
74.52
19.93
60.91
85.83
3.46
29.28
30.74
48.43
54.73
21.59
23.56
98.85
37.52
52.05
92.96
2.99
56.51
1.64
5.14
73.84
6.50
14.62
73.10
77.43
99.47
90.35
73.43
23.76
39.54
16.54
30.09
22.17
84.72
1.53
98.99
13.43
10.97
41.90
10.26
96.29
32.74
17.04
55.30
43.87
29.23
6.65
94.54
44.67
60.10
7.73
100.50
20.48
84.24
2.30
27.26
86.64
60.80
50.74
38.06
8.52
73.65
14.50
72.96
47.33
75.63
98.44
8.13
10.89
49.05
93.23
77.96
17.50
27.81
49.98
40.84
77.90
7.20
91.74
58.24
5.24
46.52
46.76
18.80
94.62
79.79
46.34
87.57
22.36
12.18
98.24
84.69
100.24
44.94
75.79
73.52
79.58
6.53
14.73
68.73
91.26
15.85
53.76
76.65
20.95
22.88
15.03
50.49
88.86
6.55
100.85
30.07
100.95
32.01
13.53
29.88
68.68
2.50
89.85
57.47
7.08
57.37
82.07
64.59
82.37
18.93
85.77
68.32
12.61
61.35
35.92
40.07
13.97
87.29
5.31
64.17
98.07
25.57
71.33
5.79
38.74
95.53
55.80
98.75
75.24
57.45
22.68
54.77
16.79
22.54
87.31
93.83
28.87
80.14
71.26
24.89
95.47
66.59
2.76
70.58
78.01
10.24
50.41
4.95
12.55
44.74
19.66
2.68
22.88
12.75
97.83
7.12
63.63
3.17
34.45
85.00
9.46
33.01
25.65
65.73
4.17
87.82
21.52
2.50
30.70
50.48
54.69
91.59
71.13
47.35
24.12
36.20
6.91
75.69
28.04
69.68
66.92
85.71
35.28
80.10
34.95
58.27
37.97
78.41
46.01
36.27
70.63
79.94
50.58
38.12
21.40
30.82
97.78
79.38
75.93
87.40
65.76
63.03
58.03
86.53
15.03
43.06
20.17
63.83
23.71
66.41
13.85
47.15
3.39
2.44
63.60
88.66
56.46
22.20
27.34
94.78
14.74
62.44
71.13
34.36
72.75
93.83
90.33
24.69
38.66
39.06
17.64
12.13
97.50
54.03
26.82
10.43
6.95
51.71
34.20
84.11
90.72
71.12
34.32
46.08
22.36
75.65
16.72
35.66
19.81
16.94
66.04
10.22
100.49
27.03
26.45
86.43
88.06
18.13
88.04
73.18
86.56
86.47
59.06
27.65
54.96
84.37
15.69
42.89
100.70
21.38
76.19
42.71
69.79
64.78
18.82
26.39
26.00
19.19
45.75
15.72
39.96
96.50
73.98
46.91
24.92
8.52
27.70
89.35
74.19
25.98
6.93
70.28
3.00
74.32
51.63
27.63
94.37
1.16
54.48
59.34
68.87
60.95
73.75
100.37
16.03
19.32
50.45
26.87
79.83
52.34
19.41
93.88
69.77
84.14
35.56
33.55
39.16
46.20
49.68
11.36
8.33
73.94
86.93
16.57
68.23
88.45
19.76
10.08
9.90
76.17
9.84
14.11
58.08
12.43
65.85
5.15
67.13
75.93
42.90
82.18
78.81
99.80
45.46
11.84
72.39
100.12
99.67
77.75
13.04
57.09
40.15
52.70
88.64
60.18
49.38
91.47
36.57
20.15
43.83
98.77
61.30
78.11
68.23
57.36
89.05
67.89
92.07
64.82
98.68
45.09
63.62
33.50
91.96
47.11
49.26
37.03
21.16
6.28
62.69
55.27
90.49
91.38
2.87
11.68
40.50
35.17
90.86
14.91
36.41
93.81
32.58
94.07
7.86
89.62
52.94
73.49
1.23
63.25
20.35
29.86
68.85
61.93
27.55
45.56
51.71
29.86
22.89
13.52
99.68
61.41
2.47
20.75
61.82
32.32
25.28
63.27
54.84
35.63
72.39
96.41
42.56
66.95
23.03
39.13
57.49
90.30
7.09
15.06
91.18
29.16
74.59
65.78
18.36
47.80
14.15
6.60
75.24
27.50
76.03
55.80
74.13
38.23
27.41
80.02
19.12
96.33
67.78
52.84
77.53
22.93
91.83
58.29
76.21
2.54
80.56
19.78
89.96
56.72
38.29
13.50
91.13
84.73
7.05
70.12
53.52
48.70
50.36
56.05
70.79
86.49
29.72
65.71
48.56
89.46
44.32
17.82
45.50
49.88
46.77
40.76
19.98
27.70
66.84
57.10
60.33
96.65
26.52
81.53
50.63
79.35
46.28
51.46
62.77
82.20
98.28
83.10
35.53
79.92
16.92
12.25
65.34
97.17
5.64
32.45
37.32
26.39
18.22
87.01
25.85
3.29
6.97
47.14
48.54
22.18
7.28
45.26
36.59
23.12
10.59
1.91
50.45
100.99
22.99
35.10
14.17
79.25
57.15
4.65
18.89
98.33
25.10
44.70
42.94
27.62
53.80
32.57
37.26
12.61
23.29
74.72
91.45
61.61
21.43
79.41
22.79
75.57
15.14
54.03
20.76
44.28
10.76
84.20
27.58
50.69
24.83
49.46
27.50
11.33
20.88
5.09
57.57
57.77
67.62
18.77
6.42
79.02
80.18
57.69
83.21
25.64
70.47
36.23
75.33
46.03
19.17
60.04
74.17
26.36
56.90
38.22
2.68
100.19
33.37
8.32
58.11
82.12
100.35
30.78
3.64
2.36
10.34
86.74
98.88
81.36
57.03
78.70
49.59
58.04
19.11
86.75
92.51
67.65
45.94
61.05
73.90
55.51
85.25
26.56
10.45
82.31
63.52
31.51
90.90
64.08
40.73
24.59
28.36
18.24
17.94
11.14
45.22
54.00
19.37
66.95
44.96
61.51
98.07
92.25
23.44
4.41
33.24
86.08
20.44
82.39
72.65
79.20
68.35
22.14
49.97
48.49
83.55
20.44
85.80
91.09
68.06
69.92
23.48
70.68
34.88
23.62
55.14
1.49
73.60
28.75
97.81
22.78
63.57
87.58
59.93
33.73
25.31
35.66
41.20
37.04
32.53
55.22
65.71
54.90
75.57
83.43
55.03
93.43
94.02
14.77
39.02
25.38
18.58
74.13
45.22
43.96
12.16
87.45
64.66
64.00
39.59
94.52
51.50
1.65
5.04
62.83
3.97
73.32
43.60
13.16
62.26
36.02
76.86
23.82
4.74
75.92
69.55
37.70
70.41
5.61
69.63
25.53
30.62
66.28
17.87
76.94
36.28
12.19
21.88
12.85
8.34
12.03
57.35
96.99
14.61
10.69
74.57
15.20
11.40
4.68
68.48
65.31
44.04
11.44
11.74
39.80
89.17
25.86
15.34
33.36
66.77
55.05
76.05
20.64
87.88
24.60
98.52
100.99
16.88
19.77
46.67
72.22
67.86
82.46
70.47
70.33
21.92
16.70
70.63
14.20
100.20
55.74
91.87
36.65
17.81
62.08
5.74
51.72
82.92
50.23
79.74
34.96
98.42
16.05
89.21
26.59
19.52
62.34
1.07
57.41
46.31
36.86
68.69
90.29
89.38
63.36
68.96
54.13
36.56
84.55
74.26
26.31
52.86
94.90
96.72
4.88
15.48
46.43
93.01
22.04
42.07
7.37
75.94
84.82
92.64
77.98
67.59
94.49
37.14
92.70
6.24
35.07
56.81
65.61
91.07
5.69
38.90
49.39
89.21
65.76
60.69
28.10
76.76
31.94
27.06
24.79
40.08
97.75
24.99
82.65
34.92
65.58
87.18
89.82
63.55
3.03
60.39
45.24
7.58
17.07
61.47
97.03
2.76
83.66
64.31
95.55
16.45
98.67
19.22
75.65
41.71
83.36
86.40
14.61
24.26
91.48
61.93
71.59
53.06
3.83
7.21
86.98
58.43
38.73
58.65
13.67
3.92
70.46
13.27
9.58
15.82
11.67
33.05
18.62
8.79
2.92
57.67
31.24
13.06
74.09
80.66
11.51
55.66
18.23
44.79
15.69
56.23
51.57
44.09
57.28
68.55
72.47
34.38
52.29
73.05
39.49
33.68
18.52
49.46
28.79
18.88
77.82
9.21
81.91
84.62
68.92
16.56
36.47
37.15
92.28
59.39
78.46
82.66
22.17
89.69
59.41
39.96
90.30
94.65
28.14
52.36
38.11
82.79
3.11
79.38
69.55
98.54
90.51
37.00
50.53
82.00
97.46
100.82
16.42
59.48
83.71
58.00
38.22
9.36
22.63
48.25
57.95
71.83
82.87
4.50
51.70
93.48
84.40
59.66
40.11
16.40
34.06
2.32
10.80
21.45
83.67
71.09
61.72
92.59
56.02
2.43
51.69
74.43
1.36
27.97
79.23
31.70
14.57
70.25
68.07
27.58
15.86
47.87
22.57
93.99
44.70
45.31
95.40
18.49
20.82
92.28
54.18
19.33
6.85
1.75
33.98
28.93
52.16
11.36
94.48
67.76
41.87
39.02
15.22
29.06
53.84
35.93
18.17
45.76
68.99
2.87
23.50
74.99
20.74
93.52
95.49
35.07
73.62
40.99
44.37
34.85
57.06
54.56
8.89
73.12
14.92
5.91
34.47
79.08
7.37
13.37
93.19
2.20
6.20
37.26
85.50
39.26
90.66
77.90
34.12
59.53
27.69
74.20
93.06
84.78
30.30
71.04
73.44
14.50
20.91
19.64
96.30
69.87
86.97
46.89
68.01
40.72
62.02
79.22
17.93
9.10
8.91
63.29
98.25
84.32
93.43
35.13
58.14
27.83
63.75
18.45
53.71
13.39
51.37
22.39
99.56
8.88
15.35
22.27
12.82
34.29
51.78
73.80
44.71
58.81
37.50
42.63
10.34
23.02
10.47
78.23
13.57
85.62
94.12
3.29
37.41
29.72
72.60
62.81
7.62
36.28
75.10
95.08
35.60
85.66
14.69
5.44
33.96
45.61
52.12
89.68
85.07
62.03
11.42
71.25
89.68
49.43
96.41
98.82
2.04
48.09
47.24
7.02
29.47
21.69
5.82
59.19
53.48
47.27
54.33
14.93
76.57
52.54
15.20
29.00
25.77
37.23
61.56
90.47
93.78
22.72
77.65
99.45
4.34
92.52
31.27
33.49
27.12
25.18
73.87
45.46
24.31
9.62
28.56
6.47
69.55
49.07
19.93
29.81
76.62
28.41
73.92
22.92
41.89
38.60
79.95
42.06
12.95
39.22
32.87
64.44
17.02
59.02
62.10
78.37
44.49
13.86
67.42
84.94
4.16
98.94
68.50
23.91
18.02
11.53
24.59
54.26
71.96
1.26
73.15
42.25
24.35
2.51
80.56
21.12
76.28
58.23
15.37
12.09
45.53
28.34
38.77
6.47
31.27
47.38
81.08
81.57
66.70
13.63
17.53
31.43
74.49
29.98
39.77
76.17
66.78
12.61
30.13
30.95
15.35
85.89
79.98
79.65
1.55
26.13
20.42
25.28
75.99
38.54
83.61
72.92
14.65
40.84
31.02
87.84
32.30
82.45
87.94
20.15
47.22
28.07
48.59
54.00
32.24
23.98
69.49
44.88
13.87
37.26
36.95
98.54
12.61
1.58
88.02
8.79
28.13
76.78
8.93
43.32
71.50
63.78
96.92
31.37
15.73
6.24
58.34
16.63
39.39
49.90
96.85
5.88
49.65
20.63
24.49
70.49
5.84
60.72
28.00
56.36
17.61
92.45
50.72
66.55
44.76
4.10
77.97
14.09
39.06
31.51
3.13
30.68
61.45
9.23
56.01
50.23
42.31
91.96
38.74
48.44
50.70
37.18
82.76
61.88
24.95
37.31
78.45
63.22
47.20
66.33
18.73
37.57
23.67
23.06
1.77
53.62
54.76
12.56
63.69
46.66
56.66
88.31
12.38
79.60
95.67
79.60
39.36
75.97
19.89
64.99
87.17
3.35
43.27
5.80
70.71
56.56
39.11
17.38
57.58
62.03
31.75
13.40
22.88
99.16
65.11
28.84
34.32
81.28
98.39
20.17
36.77
75.22
62.93
17.03
32.29
74.48
30.57
42.98
58.58
28.05
16.71
13.23
32.51
38.25
17.65
36.02
46.54
14.30
73.18
27.32
89.01
5.88
13.82
3.91
54.78
97.03
89.99
75.16
89.59
24.79
65.63
77.24
49.62
7.53
82.59
63.83
83.09
64.20
18.39
24.56
58.38
9.58
60.71
51.81
100.61
57.52
42.58
82.13
1.54
43.19
40.20
71.55
58.40
8.93
98.93
3.22
61.86
26.16
61.44
9.93
5.74
34.64
70.01
69.78
60.07
96.63
100.03
19.02
98.95
45.16
62.57
40.59
61.24
96.64
22.51
33.76
14.26
2.37
76.36
72.55
87.78
24.28
23.61
20.04
3.78
66.78
16.12
6.14
97.00
54.45
2.26
19.00
90.19
98.12
76.25
13.22
59.08
79.24
14.71
21.56
66.34
22.88
17.75
9.06
50.44
48.99
77.09
50.04
65.54
61.53
17.80
82.08
35.10
22.28
66.53
70.02
4.72
22.56
17.95
53.87
73.89
78.16
77.97
15.41
64.32
22.34
72.59
41.73
15.37
20.40
41.09
9.94
13.34
22.73
89.77
39.02
42.39
54.72
97.47
74.19
60.46
32.83
72.25
31.91
78.79
2.54
99.43
84.27
10.12
11.53
35.85
78.64
11.64
49.52
58.40
33.15
74.13
6.57
26.15
18.91
13.83
13.47
53.34
88.24
81.95
34.53
63.34
24.30
58.92
30.21
16.38
62.27
57.33
33.94
40.93
45.01
42.59
86.44
95.53
80.47
65.81
33.46
80.15
97.50
79.45
49.08
11.48
33.43
34.88
31.55
27.56
71.71
61.73
52.45
68.34
70.77
38.82
23.34
91.35
94.43
27.32
20.19
53.89
35.96
28.39
74.72
3.90
63.06
28.05
23.65
32.33
41.91
3.87
52.60
57.02
63.16
90.37
13.42
64.81
43.04
31.15
8.55
18.68
56.54
54.83
70.39
34.96
82.10
75.22
80.26
33.24
80.69
7.97
97.70
17.46
99.51
15.17
29.48
64.77
1.81
69.78
36.81
13.12
34.43
64.07
25.33
23.79
57.79
7.50
79.73
33.35
43.67
89.09
57.96
20.21
76.19
66.66
90.23
72.49
29.35
13.31
26.99
27.33
16.11
94.41
91.79
57.23
39.71
11.50
64.70
6.02
23.42
7.88
15.27
45.50
34.10
72.40
55.59
16.73
9.94
99.43
13.53
19.42
54.91
59.51
64.68
21.04
52.19
3.85
1.67
32.22
57.54
10.62
66.63
24.73
24.78
85.60
32.12
83.05
8.98
69.78
66.69
61.33
91.82
43.22
66.01
24.42
27.25
96.46
28.73
67.91
22.26
23.17
64.02
68.06
34.29
7.12
33.42
71.96
35.49
33.84
39.65
35.81
21.98
55.54
49.84
93.86
4.85
13.60
59.75
92.12
42.25
94.73
30.91
87.90
61.97
54.45
7.34
42.94
10.43
83.85
5.30
15.96
43.79
85.86
81.04
83.98
66.52
93.60
61.06
91.95
68.10
1.84
95.15
9.26
5.13
88.79
91.73
43.58
11.61
71.31
60.98
96.68
57.06
32.68
27.99
38.76
18.26
53.32
2.87
70.72
18.13
40.74
82.68
23.05
42.28
55.41
42.75
59.27
57.29
77.59
81.28
23.47
93.78
86.16
42.79
48.99
65.80
20.37
71.90
33.98
80.65
74.01
78.15
24.01
8.85
99.22
10.02
28.89
36.14
84.71
27.54
20.17
12.02
25.61
22.70
74.86
87.26
32.87
83.31
1.05
11.80
59.34
75.28
15.57
2.68
70.56
2.51
11.06
6.94
74.21
89.78
4.02
87.74
25.44
9.57
61.06
63.30
6.92
4.26
41.39
20.48
26.62
12.32
74.09
19.39
10.84
7.04
8.27
22.32
24.70
65.20
31.48
28.52
8.36
33.39
68.49
59.04
27.29
5.58
66.61
24.80
26.54
9.31
16.18
16.64
62.50
9.55
37.52
96.32
82.25
74.80
38.26
67.21
34.82
5.77
64.23
33.12
93.49
37.22
66.71
37.47
42.84
51.55
60.08
33.14
18.82
21.11
50.63
73.52
23.30
11.60
74.10
98.17
67.53
14.24
39.49
35.90
27.50
5.39
15.07
94.07
4.01
5.56
77.36
1.69
53.54
95.50
75.81
45.60
12.19
23.88
34.12
41.42
32.33
89.14
56.04
72.29
71.10
40.77
92.31
75.45
24.75
53.12
7.06
43.78
84.29
69.77
83.48
77.45
68.21
8.04
98.11
97.60
92.60
89.59
23.08
40.31
4.78
97.41
42.97
42.52
74.87
97.50
56.32
72.34
98.99
25.42
31.29
19.82
70.26
31.49
64.32
23.66
37.17
46.40
26.36
60.90
5.54
43.99
91.91
2.64
65.50
29.10
6.08
68.91
82.35
95.11
63.33
28.91
15.99
72.71
25.64
64.43
86.39
53.04
47.32
59.43
98.76
63.84
57.43
59.80
90.62
7.60
44.03
23.33
9.90
35.99
24.90
86.74
84.64
41.76
4.38
63.88
33.37
36.17
90.41
69.51
59.89
27.17
37.24
4.39
75.40
49.33
15.74
89.82
65.57
5.30
100.00
33.64
48.36
36.15
48.78
14.24
48.09
92.52
32.32
70.70
70.09
94.77
21.30
13.38
88.88
32.45
67.05
43.00
91.26
25.17
72.95
26.53
53.46
82.98
35.13
5.36
49.01
72.78
92.55
7.40
11.21
61.25
30.75
72.33
25.29
2.42
51.66
87.69
10.90
57.23
8.95
19.14
77.95
23.95
38.53
98.49
10.17
5.26
21.92
40.57
64.06
20.34
7.54
77.32
32.91
24.21
70.84
16.89
18.99
72.25
78.06
88.46
52.98
36.95
34.87
26.96
29.49
78.75
10.46
22.65
5.88
9.48
49.52
13.05
99.18
8.39
14.59
82.32
82.03
86.20
34.50
31.22
65.12
1.93
90.74
41.81
20.39
60.05
9.40
98.07
34.53
32.96
26.29
42.20
28.24
23.69
31.14
95.34
4.72
54.17
18.56
99.49
12.12
49.18
36.18
70.90
60.25
78.26
2.52
15.34
7.27
76.45
4.56
8.32
85.57
78.48
6.47
77.83
96.62
8.84
22.43
26.77
44.03
13.06
33.94
88.05
32.91
21.88
17.25
94.06
17.12
29.07
22.74
98.15
78.04
96.11
19.26
12.94
37.72
75.08
15.03
85.96
57.96
30.99
100.02
22.35
94.27
31.52
98.32
25.79
94.65
8.73
21.99
54.89
62.94
9.75
12.78
28.01
15.24
79.42
59.04
96.78
65.99
4.51
74.13
19.51
65.96
79.14
83.33
50.44
24.32
13.34
7.58
37.45
3.14
35.32
67.68
59.46
48.60
9.30
80.31
64.01
16.78
62.35
54.41
63.79
22.84
10.14
34.25
2.01
65.06
81.05
56.59
40.54
66.76
9.84
38.88
19.32
62.82
2.35
8.76
96.45
35.16
18.86
22.95
51.02
8.82
28.74
5.53
62.94
39.04
22.28
70.74
53.36
6.96
19.88
89.53
98.20
60.80
40.41
84.82
32.53
13.81
31.32
5.81
91.83
29.60
2.74
70.53
63.59
24.88
6.62
99.50
10.40
73.84
62.78
35.95
45.79
99.55
98.04
35.11
67.10
6.13
3.04
58.34
64.96
6.04
40.59
20.70
4.60
91.59
55.03
10.67
7.64
45.25
71.58
9.19
8.17
53.14
96.89
65.30
83.92
22.29
24.99
93.70
98.14
77.09
27.56
19.46
95.75
79.89
22.17
56.80
8.03
51.25
46.36
19.19
35.55
96.52
3.60
20.18
75.86
18.51
9.13
28.34
42.63
57.07
90.73
9.70
76.51
96.82
6.61
23.76
11.42
5.22
54.98
97.67
94.94
31.70
96.34
6.03
12.83
23.69
72.27
94.53
95.88
8.88
86.10
89.04
1.34
57.83
52.51
11.39
6.63
94.91
13.81
58.72
18.38
88.55
86.76
12.19
74.85
14.80
57.58
72.23
98.17
82.37
13.95
68.94
71.78
40.63
80.54
60.24
46.86
91.02
28.57
23.42
59.54
18.92
56.72
46.39
47.24
38.70
50.77
85.94
82.59
62.63
53.16
93.09
98.32
3.59
32.87
17.41
10.65
32.77
20.77
13.67
51.14
87.12
56.06
71.59
84.39
29.25
19.94
17.03
2.57
94.28
18.83
69.79
74.29
54.43
48.72
1.70
29.95
57.11
98.60
97.35
91.16
41.28
77.98
10.08
56.13
63.09
11.38
21.91
10.04
26.48
50.80
21.44
87.53
49.79
55.31
37.86
79.59
11.39
10.29
26.41
50.27
87.47
90.65
11.15
17.16
21.56
80.89
35.86
99.47
100.36
16.09
39.61
93.89
11.25
29.00
20.35
31.10
14.16
24.45
84.16
73.29
21.77
30.64
28.57
34.77
42.29
5.55
6.54
50.58
6.33
3.35
42.70
87.49
93.88
73.07
20.87
39.28
4.24
44.99
17.11
88.37
25.01
15.48
68.66
71.00
30.71
58.28
60.28
89.71
56.25
38.72
3.13
19.34
16.01
43.90
10.83
58.23
5.82
9.72
67.65
19.99
38.79
23.84
90.62
5.02
33.74
70.33
34.23
82.80
19.50
71.82
18.00
67.13
56.88
45.82
80.88
76.82
18.60
73.91
15.24
64.03
2.70
40.67
56.66
96.59
28.95
30.16
75.98
78.15
23.18
62.95
7.01
73.83
21.98
52.48
9.92
48.55
68.90
23.47
26.99
19.33
72.86
37.46
36.87
61.10
18.79
3.65
79.24
12.06
43.98
56.94
68.67
68.71
63.85
53.59
29.15
16.81
41.15
12.72
46.82
80.36
29.50
35.57
61.67
55.22
63.81
25.99
44.70
29.36
30.46
93.38
53.79
11.50
92.24
1.67
4.02
61.25
47.46
94.67
62.54
6.88
19.73
44.40
36.01
28.63
19.30
20.58
73.16
76.56
10.94
87.80
16.55
33.26
73.81
51.64
75.23
98.31
16.05
9.41
9.42
13.60
74.21
77.72
20.47
51.40
94.05
52.53
9.46
41.09
59.59
72.06
63.82
54.82
81.11
1.64
3.09
78.89
45.60
49.25
20.12
35.75
29.75
79.98
55.00
15.50
74.43
38.14
87.12
11.34
8.21
23.78
5.93
77.68
42.12
66.34
84.06
49.82
27.80
78.76
41.27
84.39
2.80
81.20
84.27
78.82
24.22
5.40
15.45
64.88
60.91
39.37
25.00
28.39
5.18
69.81
30.11
88.28
74.33
31.14
88.00
4.33
75.25
35.42
51.10
63.59
28.53
96.61
52.81
63.97
65.42
80.45
91.85
57.46
4.69
76.56
76.31
20.56
22.89
22.31
78.27
97.54
24.99
82.84
49.33
90.23
11.88
21.53
69.46
6.07
2.70
58.87
47.37
50.61
85.25
77.38
66.15
68.22
69.35
14.99
58.48
52.81
50.33
75.26
68.63
92.23
34.44
60.14
98.88
68.13
67.13
58.05
11.80
87.36
77.61
36.08
50.44
75.76
68.32
44.65
60.34
22.88
41.06
69.43
30.60
8.36
11.74
72.60
98.02
98.68
42.10
15.50
84.03
21.69
20.71
47.60
49.46
3.18
30.55
98.41
79.11
39.05
69.33
46.62
6.67
10.41
89.40
47.63
36.92
13.53
43.06
32.39
60.42
13.66
84.85
75.37
9.61
99.10
16.71
10.78
98.00
100.02
21.26
1.25
18.97
94.70
75.52
99.48
88.83
15.02
73.09
50.03
50.68
41.87
2.69
22.65
57.86
8.38
11.00
85.91
68.52
50.83
93.14
6.26
59.40
52.90
54.16
53.73
52.16
46.11
12.24
26.86
32.41
27.52
5.96
22.87
93.32
97.67
74.50
44.24
39.28
35.03
39.11
65.79
98.46
59.23
1.21
76.81
3.03
50.14
6.97
56.11
56.19
92.06
25.69
16.10
89.66
8.35
10.66
1.39
4.88
19.06
71.22
39.50
82.61
19.01
53.88
95.50
43.62
2.85
55.19
95.90
13.05
36.11
2.60
33.29
3.19
75.55
48.98
28.03
39.56
14.82
66.52
55.58
62.10
4.97
8.62
67.76
15.61
2.66
85.32
52.03
10.27
34.03
44.28
95.64
45.00
50.25
2.68
98.73
13.00
84.23
88.23
96.77
9.76
45.99
79.16
87.65
96.77
93.92
18.55
95.92
7.51
47.13
65.09
73.86
71.93
86.77
15.30
67.70
27.41
24.07
78.37
14.53
45.03
8.87
42.86
15.22
75.65
51.90
3.98
32.00
57.38
79.18
77.36
45.16
16.35
30.38
81.35
28.48
17.69
63.89
32.57
11.44
6.65
74.36
58.10
20.30
77.92
25.69
79.87
78.41
36.50
15.69
87.01
79.21
54.05
80.14
11.53
29.51
18.01
47.85
78.65
59.23
66.92
82.18
31.80
95.41
62.51
65.18
35.66
92.16
27.95
36.72
2.14
50.83
7.13
34.03
87.25
85.70
40.46
11.74
14.28
90.69
7.76
30.89
22.36
56.24
88.77
30.79
72.59
98.11
58.25
16.93
44.54
36.50
10.65
78.74
21.54
74.79
37.60
8.87
93.20
90.30
85.39
82.41
16.17
1.70
28.09
46.21
91.17
91.42
26.53
81.31
91.22
23.67
10.38
88.62
75.55
75.60
96.46
100.91
9.19
53.57
42.18
48.16
88.76
12.05
98.10
56.15
38.99
66.58
18.34
85.54
2.05
15.94
26.72
72.73
51.99
52.27
69.75
68.90
5.46
12.58
98.91
72.57
33.51
52.45
28.61
90.41
96.25
4.10
75.62
38.57
9.86
12.15
30.71
40.82
40.03
70.92
45.35
20.40
20.38
10.06
24.17
74.15
96.54
9.65
67.55
98.16
9.38
19.12
53.64
70.36
7.33
71.83
26.97
87.04
80.10
52.81
89.42
92.65
58.78
28.39
3.59
76.66
68.62
46.08
72.07
32.12
51.71
45.67
75.04
6.94
52.03
100.51
34.20
63.89
35.62
31.81
47.01
23.25
48.89
47.11
54.72
29.04
70.93
56.27
75.91
11.03
20.03
84.17
51.74
45.03
6.75
99.57
8.94
66.78
40.26
100.56
29.53
41.82
18.77
5.66
22.61
14.56
81.06
78.49
42.61
9.57
75.21
24.28
27.71
86.65
19.56
64.82
24.59
33.69
84.35
100.55
89.80
66.54
3.15
78.95
17.28
52.11
53.03
33.26
43.75
6.92
57.35
76.80
26.06
27.59
77.76
40.10
85.42
71.51
32.36
23.60
3.22
93.18
85.16
76.40
51.20
73.39
20.51
46.07
57.56
55.57
15.65
93.07
36.26
5.03
12.40
53.21
47.39
28.68
7.46
92.56
83.61
41.48
13.23
31.98
27.34
74.32
89.88
2.65
56.66
80.10
63.92
60.72
40.28
90.01
59.94
97.39
82.51
14.92
56.31
3.76
63.00
3.88
63.82
52.80
61.75
51.99
53.17
23.69
46.14
55.14
66.13
77.41
10.70
16.63
6.72
79.31
58.73
87.84
57.94
11.49
8.42
6.02
22.23
26.09
82.34
2.53
7.95
77.88
65.55
44.43
20.00
96.04
9.96
70.39
35.47
52.44
8.60
51.69
2.31
63.10
77.30
66.79
5.11
52.20
3.00
24.93
69.74
77.27
88.30
1.20
81.69
32.28
80.94
99.75
48.47
1.24
56.06
26.51
89.92
83.70
40.09
13.85
54.68
64.75
10.18
12.46
51.17
67.61
25.69
94.74
59.12
72.48
91.99
9.12
14.40
1.17
89.72
77.65
11.96
95.71
88.47
40.71
74.81
67.52
48.70
47.44
27.71
6.71
92.38
12.59
52.80
45.19
52.45
49.18
19.65
80.05
35.10
14.64
45.41
55.33
57.74
1.25
55.99
8.87
84.05
37.92
25.60
28.40
78.94
15.52
3.86
5.09
57.38
32.22
3.31
84.15
9.69
92.38
22.72
36.04
64.99
21.64
40.51
57.14
72.47
22.81
24.26
12.74
71.22
54.78
32.67
47.86
28.34
82.32
86.13
2.27
6.99
74.53
50.32
19.40
29.94
70.29
76.72
31.91
69.84
94.85
74.78
96.67
13.13
96.56
74.08
11.05
34.93
24.79
21.61
78.83
65.83
53.55
83.32
44.98
64.68
37.91
41.33
58.87
84.62
23.15
20.49
94.04
29.38
67.51
58.71
34.91
97.83
3.17
84.23
30.95
71.05
2.59
10.74
28.67
4.04
96.07
10.81
81.92
78.28
58.75
6.27
17.06
32.44
17.31
72.42
31.89
4.38
62.36
69.09
4.92
24.91
83.04
90.83
98.50
34.83
31.03
45.58
100.13
16.62
66.40
96.22
85.35
93.56
22.72
12.72
78.95
34.03
18.02
39.74
10.15
58.47
87.45
18.56
43.11
40.39
98.02
27.96
29.23
94.22
53.64
82.90
84.00
54.06
95.32
6.67
85.97
38.92
61.81
75.00
4.72
43.84
86.29
32.61
6.54
57.31
22.06
40.79
27.74
78.22
74.34
28.44
2.56
26.32
12.72
7.21
37.38
92.00
64.39
8.74
31.80
42.44
2.88
19.01
41.65
17.46
12.10
66.02
82.77
99.97
66.80
80.33
2.85
71.23
18.61
1.80
34.27
41.88
32.98
7.35
30.50
35.25
40.31
22.29
21.94
92.29
2.01
17.89
83.16
30.07
76.19
89.73
79.68
55.38
11.44
65.97
60.18
22.38
87.19
89.27
15.87
91.36
90.88
36.53
23.88
3.35
54.79
62.28
92.00
97.28
25.83
66.40
79.46
37.99
65.28
99.77
87.09
64.95
22.27
37.88
72.83
59.32
67.25
95.96
68.96
99.03
63.23
43.22
69.43
88.89
93.18
12.98
95.89
46.11
61.51
43.21
50.93
79.02
71.08
33.32
76.12
5.51
25.79
68.91
59.02
32.13
100.38
27.82
72.81
57.18
61.43
23.74
90.96
24.94
45.50
40.95
79.38
71.38
52.42
50.20
36.05
99.00
4.37
51.48
78.76
12.32
16.34
69.24
70.01
88.22
7.07
95.01
66.71
91.28
23.66
79.75
18.07
52.95
87.76
68.14
99.17
24.58
62.29
1.32
14.28
51.03
92.94
88.31
36.00
96.20
11.08
27.96
18.82
58.23
86.12
24.52
31.77
53.09
3.32
69.74
76.22
16.81
4.13
77.50
16.81
66.69
37.45
88.45
52.99
48.53
99.03
26.24
25.31
82.42
50.20
65.73
11.65
95.89
82.60
90.11
75.20
73.89
26.18
86.81
41.03
67.94
33.24
40.34
22.82
63.54
80.59
7.52
12.22
29.49
5.37
71.75
63.14
3.48
78.44
26.11
69.31
1.19
24.50
57.73
83.31
16.39
16.13
9.05
44.13
2.97
16.97
48.51
6.36
2.92
50.27
6.36
73.48
8.37
14.61
84.95
3.53
81.53
44.23
76.25
2.07
14.50
17.28
1.84
98.42
88.46
12.78
48.51
92.39
44.45
28.58
51.31
33.55
88.81
5.91
64.97
37.22
32.98
44.92
81.84
77.86
58.43
46.16
7.79
23.78
38.63
34.78
22.10
98.45
87.61
45.21
49.61
72.75
66.66
75.78
41.94
88.33
51.15
44.55
97.65
39.76
7.66
22.06
56.52
20.12
87.76
58.67
64.12
8.62
59.46
34.06
58.49
28.04
41.28
3.85
64.64
63.99
13.69
10.80
4.03
88.13
38.97
100.09
15.21
88.01
76.59
35.50
82.36
54.56
80.75
88.09
67.83
21.08
71.39
62.15
72.96
87.74
33.32
13.04
6.42
12.80
90.15
53.75
79.98
34.25
84.36
61.97
64.35
13.72
67.40
50.74
16.11
81.47
18.58
80.30
85.28
48.40
58.47
52.85
91.19
74.77
26.14
40.26
94.99
55.17
95.08
7.81
16.38
9.46
5.24
28.63
5.72
7.11
28.67
19.73
80.96
74.49
7.91
3.32
35.94
1.70
57.09
81.41
66.09
15.66
41.40
22.89
58.30
2.02
5.32
30.62
69.61
27.29
6.59
35.86
56.65
63.69
89.37
92.07
24.94
14.30
81.38
64.56
83.52
30.37
2.12
94.19
1.49
55.08
19.53
87.03
60.79
4.16
19.03
31.36
5.57
39.26
9.75
19.77
12.76
61.42
16.75
18.02
96.60
74.13
1.07
19.94
54.95
77.46
60.73
11.34
25.28
31.95
43.88
73.22
64.57
13.53
99.54
13.35
70.16
10.66
97.22
44.06
34.18
61.81
85.29
3.24
63.91
18.43
40.98
28.47
85.69
31.32
5.15
82.96
39.60
50.23
75.90
92.41
5.99
19.43
22.22
91.45
77.17
75.78
17.63
61.90
81.24
35.07
50.47
87.54
10.22
87.23
23.29
98.65
48.33
7.55
66.82
73.77
20.56
3.01
39.83
61.39
66.45
80.92
72.54
50.49
43.79
1.93
12.44
46.49
78.17
77.03
10.38
32.33
62.76
59.77
14.87
3.47
52.19
82.59
35.61
45.79
88.81
20.71
78.15
29.90
64.78
11.05
53.47
83.02
98.79
98.84
26.04
68.84
86.00
71.58
61.38
36.69
87.51
93.13
51.73
30.23
26.11
85.24
85.30
52.61
8.05
26.26
62.87
53.38
20.69
91.21
42.26
18.91
50.80
13.74
18.84
10.24
86.64
89.51
30.92
28.20
16.61
40.08
34.42
11.38
72.27
56.82
93.04
31.71
82.20
54.49
5.20
1.97
1.43
15.81
85.94
45.02
16.80
73.56
20.92
49.62
43.95
5.17
53.52
56.41
18.83
41.92
100.48
83.89
41.68
24.61
63.73
25.22
63.53
61.54
4.08
32.14
67.09
54.64
67.76
99.79
44.72
61.92
16.30
57.95
80.36
32.66
74.78
48.68
70.54
28.31
18.71
40.44
59.15
71.60
31.39
9.58
4.03
9.17
10.19
43.73
71.57
34.83
12.29
91.77
96.11
81.68
99.92
39.84
64.62
30.56
81.62
23.91
25.09
47.34
43.51
76.96
53.07
91.87
93.17
4.46
11.59
45.46
45.58
67.35
34.39
91.36
89.09
48.42
22.95
3.10
77.80
37.53
70.31
13.85
71.26
8.88
87.07
91.95
91.13
25.75
72.95
31.55
9.58
88.76
6.42
26.35
60.35
48.05
6.66
14.00
6.00
99.65
15.37
35.99
5.94
43.72
17.75
40.54
7.97
44.68
97.60
84.25
20.53
67.93
90.46
64.47
3.42
14.72
14.58
95.16
61.94
8.36
97.11
79.75
5.47
97.81
21.92
32.14
27.70
98.18
97.56
39.45
1.67
12.56
62.78
11.49
91.54
31.55
98.90
32.03
31.30
88.84
83.08
96.88
15.24
58.52
64.59
9.33
22.78
66.17
89.91
39.37
11.64
82.46
83.75
34.14
91.30
83.92
48.62
64.65
66.11
36.86
23.74
45.42
75.14
50.96
40.13
11.88
9.20
20.03
81.44
98.53
70.53
45.47
12.29
85.85
53.86
32.43
39.17
7.87
49.90
66.50
2.10
84.04
26.87
14.70
76.45
45.82
67.95
71.01
13.64
69.08
38.88
11.53
80.18
56.64
17.21
69.00
94.55
88.44
97.70
80.93
48.97
9.58
15.98
53.21
34.27
24.38
98.70
78.38
57.65
94.73
28.85
20.75
73.32
61.55
9.30
9.64
15.79
58.09
15.18
57.09
21.86
74.29
24.31
24.53
58.79
34.61
69.88
94.93
78.58
10.05
66.25
6.96
71.34
54.52
9.17
97.09
20.44
69.33
61.06
22.99
5.05
13.68
99.57
52.70
86.52
15.68
20.31
9.75
56.25
78.69
36.27
14.24
94.33
9.81
5.05
16.07
93.09
33.02
81.70
48.02
50.24
12.32
11.41
90.37
15.33
14.89
15.13
8.56
30.74
78.24
5.64
20.13
63.39
100.62
8.52
60.16
30.10
63.14
36.28
95.44
49.25
62.92
85.69
60.93
2.16
88.84
89.49
92.02
85.89
70.04
41.72
4.68
100.65
20.75
89.42
88.99
44.73
9.00
50.12
20.82
30.52
36.94
73.81
16.90
56.27
83.65
25.71
87.40
97.90
48.97
48.66
74.30
43.21
47.49
13.77
17.40
77.28
69.86
62.69
57.71
9.26
11.33
100.90
60.03
26.36
99.91
99.23
43.23
37.19
2.68
81.56
58.10
18.27
87.27
77.33
15.31
59.59
10.67
72.34
80.39
16.89
74.20
36.25
91.86
28.12
44.31
32.76
94.95
84.71
22.72
80.07
39.49
59.92
59.39
50.68
100.22
12.41
42.69
71.81
59.09
22.73
26.27
28.10
74.08
42.54
99.39
59.96
27.59
7.85
94.10
93.13
3.88
19.47
23.57
37.53
59.23
90.95
2.12
95.35
78.92
67.27
17.88
56.77
63.18
20.84
81.17
16.73
96.22
66.24
14.91
80.84
42.08
17.58
46.88
87.26
68.85
68.05
16.42
63.54
3.91
87.85
83.12
39.35
96.65
71.14
99.39
33.69
14.74
32.57
89.47
33.17
84.11
100.88
9.52
50.61
75.58
27.29
91.14
20.59
54.66
83.78
66.11
15.04
46.37
62.63
79.15
24.71
33.53
9.60
48.20
6.54
4.66
27.97
74.47
58.13
43.90
98.24
43.02
93.31
89.98
6.18
84.04
56.69
88.69
22.24
24.74
51.43
50.70
100.79
12.92
62.64
39.31
66.38
74.11
50.49
97.95
68.03
2.20
12.71
16.35
98.16
22.17
77.85
72.81
53.59
1.66
20.12
4.93
77.16
96.46
44.61
43.76
6.58
66.39
72.22
100.25
18.17
19.00
19.49
100.46
15.19
45.30
66.81
32.64
48.52
45.09
95.27
43.79
85.54
31.95
74.68
56.60
59.40
21.77
81.39
89.23
3.98
18.05
30.17
85.39
45.10
2.36
13.92
72.80
42.50
70.84
64.97
45.12
91.62
59.09
19.33
19.33
85.91
68.52
8.22
63.54
70.13
13.52
27.85
85.72
91.56
31.84
57.59
67.63
62.85
41.80
25.40
17.37
70.75
69.16
89.03
65.06
72.39
14.70
76.52
39.41
2.65
34.60
43.66
51.38
95.64
84.76
13.61
95.08
97.70
38.02
85.51
34.97
4.23
42.19
14.08
8.15
4.10
29.79
31.92
36.89
100.41
94.66
16.20
3.23
59.41
9.63
93.25
70.10
34.78
32.77
33.44
5.44
34.32
3.97
23.57
38.14
16.38
64.11
96.95
42.66
4.53
46.04
3.87
23.96
1.65
49.92
79.48
88.76
55.07
45.89
47.02
25.90
24.82
4.12
19.78
13.76
44.76
96.98
73.62
100.75
41.16
67.22
17.74
81.36
64.77
17.44
88.13
26.29
73.12
21.21
79.04
87.28
29.70
76.98
64.35
26.28
29.32
83.82
92.29
32.42
84.08
64.68
31.15
14.89
49.60
22.24
34.16
15.44
26.24
70.17
56.79
3.64
5.83
1.63
49.80
21.82
7.54
33.34
27.36
38.46
18.27
36.14
84.59
19.74
93.44
7.40
46.87
39.44
76.62
19.33
52.75
9.61
61.59
62.90
8.37
58.18
66.02
1.76
83.08
12.69
17.22
15.68
48.28
27.17
48.57
75.61
20.43
57.77
73.11
74.45
27.08
88.34
81.97
89.62
70.34
58.03
57.59
78.34
27.19
7.37
21.38
87.89
59.17
45.70
10.42
9.41
26.29
56.51
70.80
79.06
94.63
20.13
28.01
56.79
77.13
55.43
49.94
12.45
24.75
19.70
68.90
28.06
52.02
36.01
10.57
18.37
63.39
41.11
53.28
23.00
15.31
20.38
19.21
93.90
14.20
59.33
22.65
37.58
66.75
40.01
21.46
91.20
11.92
18.00
65.90
8.95
23.58
12.66
23.60
53.02
100.59
48.32
71.65
73.62
18.10
98.66
45.08
32.07
78.23
7.47
36.26
66.75
89.39
70.56
14.17
53.12
35.53
68.65
4.26
100.62
79.75
2.23
8.64
75.84
65.45
86.07
52.07
35.10
19.06
3.41
33.33
4.91
100.85
77.65
99.68
10.40
92.44
56.85
42.72
79.44
89.02
88.87
48.54
54.77
6.46
13.34
45.09
54.27
11.21
85.11
13.59
16.20
21.85
38.43
100.75
82.04
100.72
25.05
4.70
7.33
18.54
44.73
31.36
48.70
38.07
41.18
40.57
2.15
37.99
20.59
38.44
54.49
57.28
71.94
84.42
13.72
47.09
88.97
22.26
69.76
5.99
2.71
50.55
38.79
17.76
17.97
99.31
31.79
78.30
62.87
66.59
17.57
83.55
89.33
75.38
65.58
39.86
93.41
78.90
77.13
24.28
63.24
28.00
62.56
14.92
53.57
52.16
100.78
70.72
73.37
6.10
72.61
54.98
53.36
56.67
98.09
54.13
56.62
38.94
30.77
18.43
65.37
94.44
49.88
43.74
47.06
56.18
48.11
48.86
16.02
96.19
55.73
44.35
15.27
84.93
54.30
53.56
96.24
84.64
99.25
87.99
27.25
34.76
91.87
8.33
96.18
42.74
60.57
30.40
16.53
87.42
85.30
84.07
36.30
86.59
25.16
35.38
18.79
14.64
34.13
67.39
28.60
87.86
50.51
14.76
53.57
15.86
64.04
96.78
89.62
56.32
95.27
5.37
47.02
62.56
57.23
48.21
83.58
71.88
57.19
7.93
33.96
17.94
30.02
42.50
34.31
93.68
84.12
18.22
7.17
35.49
72.84
85.12
61.00
18.65
66.19
86.31
46.06
60.55
9.76
66.27
16.67
83.30
11.82
35.92
13.87
21.59
82.03
27.18
50.52
93.46
66.43
16.23
19.20
9.15
83.25
59.07
83.63
80.25
59.63
3.21
33.56
25.83
14.08
62.15
53.30
5.59
99.65
22.59
17.77
19.57
27.08
43.39
87.56
6.29
64.01
88.50
17.01
21.68
52.61
29.80
14.51
26.10
48.21
91.40
1.32
72.79
8.59
58.83
63.39
35.52
49.07
52.52
21.07
25.93
63.69
90.54
28.13
79.65
84.57
21.46
29.42
15.87
90.62
69.17
5.73
35.30
31.44
78.56
85.79
33.47
66.64
83.34
58.68
68.47
65.33
65.34
11.09
9.13
81.00
54.18
18.31
34.92
69.63
51.83
39.23
64.48
28.15
49.74
73.73
13.37
74.47
59.62
26.54
60.89
48.00
27.39
1.81
94.24
13.54
17.38
29.90
16.09
67.07
47.10
21.02
50.06
89.71
48.86
98.06
13.10
3.76
72.56
47.98
33.90
47.63
65.70
76.27
20.30
42.26
89.59
33.23
3.97
15.03
54.28
45.69
99.20
2.81
61.47
99.73
59.35
1.93
39.76
43.82
23.36
35.92
78.42
77.46
52.73
13.11
3.96
85.81
95.84
80.79
1.09
17.60
74.13
12.27
9.88
49.88
32.98
24.50
64.24
87.67
17.93
44.09
29.20
97.50
80.79
14.65
57.58
22.92
20.80
97.32
42.41
40.74
25.31
72.78
66.67
14.16
27.59
36.42
88.48
99.70
73.90
72.02
69.60
19.58
94.25
18.83
95.99
96.45
47.56
94.00
98.27
28.32
91.00
8.62
14.69
39.02
61.10
43.76
89.24
43.47
38.01
75.63
34.86
7.95
69.67
16.29
60.89
27.51
95.04
91.06
66.81
83.82
69.28
65.67
95.30
67.28
29.86
80.83
14.49
26.47
42.21
25.86
3.58
29.03
72.86
30.76
53.89
1.36
1.01
6.38
89.65
32.98
22.76
21.91
33.19
23.76
65.02
78.05
8.19
68.79
89.41
34.56
54.56
100.97
37.11
6.00
55.08
73.57
58.17
65.55
34.75
41.46
100.52
68.18
24.10
29.24
37.83
97.16
24.14
17.41
77.57
19.39
7.04
100.96
17.69
96.38
32.36
23.62
69.99
25.66
87.71
82.57
25.01
99.65
35.50
71.06
37.94
10.19
68.51
44.62
25.65
60.11
21.97
27.73
39.21
8.06
74.15
95.58
84.88
31.27
81.69
55.72
62.53
55.67
77.02
94.85
73.11
13.05
23.17
6.32
31.71
27.36
38.23
95.97
74.72
11.19
27.60
5.06
65.45
79.14
14.90
41.46
3.43
71.48
20.22
62.64
80.45
77.92
27.73
60.29
43.84
76.35
23.26
69.66
43.82
44.10
5.60
16.98
53.26
16.48
75.30
55.47
30.41
35.07
24.32
18.66
91.43
3.20
44.73
60.32
46.45
69.71
16.24
63.06
48.85
43.40
97.12
42.28
7.19
93.83
1.55
93.54
79.91
67.86
7.48
31.31
14.79
41.88
75.39
62.95
91.66
5.00
54.26
90.34
96.41
29.03
31.82
70.57
86.57
12.55
79.60
23.65
13.17
11.76
54.20
18.62
71.61
67.16
71.45
92.17
7.83
72.50
16.66
65.01
89.18
5.71
33.49
59.14
18.88
6.85
39.46
27.87
63.44
52.11
59.82
31.98
20.83
90.13
27.69
9.54
23.90
2.19
48.44
72.88
30.97
18.80
25.51
72.21
95.31
15.49
13.22
56.55
76.22
58.99
19.86
93.01
20.03
9.65
34.63
18.04
15.69
52.86
65.88
27.83
23.71
95.83
32.22
3.19
27.92
27.55
27.84
3.64
36.47
65.66
18.70
87.62
98.33
4.99
86.57
8.87
40.49
63.97
71.31
53.72
11.62
9.69
6.91
95.39
62.49
8.58
12.43
74.64
42.59
22.05
54.72
33.78
58.47
10.94
45.94
17.80
75.03
61.86
18.61
75.83
98.91
5.59
9.02
93.87
63.82
68.17
36.50
13.18
97.01
69.66
90.44
76.11
74.14
26.28
99.33
55.58
3.49
6.57
2.65
14.31
42.37
12.59
48.79
99.25
6.05
19.78
98.97
19.10
69.60
86.59
73.66
42.36
55.14
44.46
61.56
36.34
92.16
51.46
61.77
35.27
51.67
37.11
94.20
34.82
56.95
66.44
22.96
39.59
71.61
16.82
36.89
24.16
46.31
23.29
78.25
15.68
1.72
81.46
12.85
13.72
35.24
95.88
26.36
74.35
46.04
41.55
25.04
16.88
25.81
37.02
36.24
7.89
5.17
63.03
29.72
70.41
31.03
43.85
74.03
23.65
92.36
100.05
70.26
82.36
35.78
8.93
60.62
12.42
22.36
2.61
87.96
93.11
73.30
95.27
8.14
53.15
81.78
75.98
16.33
100.68
40.39
79.97
21.09
1.65
10.57
80.96
95.33
86.82
100.45
28.19
8.47
49.61
32.87
26.10
64.46
24.19
25.25
52.65
28.46
73.72
31.09
71.33
20.55
84.38
90.58
90.90
99.42
98.05
14.11
19.03
86.56
54.71
16.93
91.43
92.57
97.46
7.14
16.57
68.21
17.38
2.42
34.42
69.56
86.51
84.89
67.69
76.99
75.96
90.00
65.88
74.00
21.73
26.40
50.89
13.42
71.78
27.01
89.59
6.34
83.20
91.76
6.46
55.01
20.00
97.27
55.48
14.28
58.74
31.13
15.38
49.08
14.19
7.24
16.54
15.62
41.30
54.10
23.62
44.26
10.40
10.76
43.73
32.21
16.54
65.33
69.05
92.89
30.59
27.94
9.49
39.40
76.05
32.71
38.51
47.52
28.64
45.66
22.92
64.86
31.49
43.41
87.39
62.20
58.77
90.69
1.52
20.00
86.55
43.14
23.26
26.18
1.98
46.00
26.62
25.41
73.10
74.18
18.05
8.79
37.84
54.89
41.72
79.46
43.56
24.27
62.95
58.09
69.82
97.85
6.80
82.62
82.69
18.78
7.08
38.35
96.00
33.97
72.30
88.08
94.33
51.62
5.07
33.89
99.26
70.36
38.62
63.28
16.62
31.61
82.29
89.85
16.98
36.42
33.40
67.08
1.32
50.65
64.32
42.63
23.79
84.33
42.22
48.61
51.11
29.00
68.77
76.50
100.19
79.06
12.50
95.60
30.01
93.05
99.70
85.05
14.18
53.20
87.49
15.18
65.57
2.49
10.65
15.99
37.84
72.62
32.29
57.88
9.09
10.03
19.35
97.56
44.87
24.04
26.56
3.55
68.85
15.12
31.26
82.17
64.38
45.74
17.06
50.33
69.18
5.59
2.28
10.16
71.12
7.73
98.59
20.87
37.96
4.02
99.53
90.65
44.35
85.96
97.51
39.45
2.97
25.20
69.25
98.14
61.45
13.72
23.88
3.20
78.23
59.77
45.52
12.08
83.38
42.25
26.24
30.43
70.01
69.01
83.11
56.96
2.48
24.90
36.32
79.78
17.39
39.65
54.46
68.47
26.82
32.05
61.14
25.14
18.53
60.56
75.04
26.22
20.66
38.56
15.88
63.00
76.45
97.91
26.97
18.79
70.71
99.21
36.26
46.06
73.22
60.02
66.29
58.33
70.11
73.44
38.04
51.04
25.37
37.45
28.46
27.61
77.34
54.96
83.58
77.28
1.64
77.48
89.94
4.11
99.05
61.53
23.27
96.47
26.30
23.07
10.90
33.73
13.96
63.44
27.06
22.41
57.44
96.94
51.08
9.09
9.93
82.86
24.79
64.17
10.63
94.79
83.70
80.46
79.02
21.17
81.23
56.27
91.39
6.59
3.94
16.07
64.23
23.34
67.40
66.08
73.14
81.08
97.08
39.56
74.82
59.50
6.87
27.41
66.91
95.06
1.26
99.86
4.25
15.80
90.58
8.37
87.48
50.61
57.55
79.91
16.75
41.00
26.49
82.18
54.13
92.45
26.87
14.48
85.55
80.87
70.29
87.76
100.26
87.07
49.73
70.10
61.36
45.05
29.20
33.31
45.41
11.25
45.06
44.82
54.12
40.34
40.75
32.51
8.17
68.53
96.47
85.40
21.81
19.50
92.41
90.15
94.08
31.94
33.07
75.28
78.78
41.09
9.93
26.39
18.14
97.74
52.95
82.71
100.39
83.23
86.63
82.72
2.27
27.03
2.88
92.35
90.01
57.69
25.95
83.57
24.45
26.07
94.48
79.89
27.23
50.18
80.33
2.64
25.72
63.55
16.69
36.29
6.08
71.75
92.64
72.61
58.21
66.79
55.28
13.65
75.82
70.27
44.67
5.67
12.48
10.16
42.64
59.02
61.13
74.48
8.19
85.13
36.73
25.37
54.69
25.21
57.10
87.36
75.31
1.82
73.78
95.03
8.69
48.15
3.68
46.05
80.74
21.37
79.12
61.81
97.46
67.31
7.26
35.54
24.84
19.51
50.50
36.09
86.02
12.58
35.39
30.47
50.09
31.20
72.61
10.21
27.73
6.74
37.25
7.77
35.33
40.25
45.54
75.75
32.19
23.44
54.23
42.63
64.87
82.69
5.10
30.41
12.36
10.00
26.79
13.83
4.66
28.95
56.41
11.13
57.58
27.37
37.84
70.87
42.63
3.13
69.92
93.62
28.74
5.66
12.25
76.60
2.09
30.17
41.55
79.70
57.83
42.86
42.12
100.94
63.99
36.95
15.28
78.74
69.65
3.89
46.80
45.38
34.61
53.76
8.22
66.25
18.68
45.85
84.56
1.67
32.76
69.66
76.75
57.93
37.31
92.78
83.77
64.49
17.89
71.18
61.90
50.16
65.37
66.03
42.80
65.85
25.38
41.20
26.69
65.28
86.55
6.98
92.18
58.91
76.53
73.38
11.13
29.36
22.84
17.07
65.70
6.63
68.07
14.54
79.09
82.41
80.56
24.02
61.50
75.21
53.39
50.23
72.26
44.33
54.41
3.73
61.14
87.69
96.96
78.24
94.30
62.44
17.05
11.51
51.16
5.55
65.23
9.97
91.29
97.66
60.38
13.59
17.82
2.63
79.86
53.52
73.19
87.94
94.73
89.54
67.60
45.63
90.58
69.33
48.56
44.06
89.03
62.61
93.07
49.88
65.70
7.50
100.27
67.25
62.67
77.87
41.43
80.25
19.17
73.05
74.38
9.95
96.82
59.17
79.25
39.68
72.36
28.13
10.16
20.04
8.22
3.01
87.58
62.71
29.06
73.20
4.64
72.78
25.48
11.22
36.27
69.00
36.14
31.16
47.71
18.35
6.37
100.72
71.70
72.69
2.12
59.49
51.70
74.32
6.80
28.77
79.35
100.90
33.49
1.17
34.41
10.48
96.95
57.00
81.04
29.57
7.46
10.88
53.85
78.58
12.14
3.26
62.49
67.05
24.21
21.76
39.27
23.66
33.99
15.16
80.14
88.72
44.57
25.86
24.74
95.80
12.49
20.86
76.92
47.15
7.17
16.55
17.53
15.65
73.64
67.59
81.68
27.10
37.40
74.13
58.19
23.44
17.26
9.67
62.21
99.13
18.80
28.51
70.86
60.39
40.49
90.56
68.27
11.93
94.58
99.12
5.29
48.71
17.47
85.13
49.46
27.81
54.92
94.85
96.73
88.92
15.49
74.38
97.23
41.61
58.79
69.74
6.88
38.66
90.53
14.22
27.68
25.82
20.13
71.01
93.29
30.37
13.00
19.80
22.40
59.04
11.61
65.91
15.33
76.66
55.92
50.14
48.60
42.31
32.66
43.97
91.77
25.24
47.22
95.85
54.20
20.23
95.24
91.88
27.01
80.16
56.81
34.91
14.50
68.48
1.42
28.54
22.95
21.68
30.78
91.59
64.53
52.22
28.04
100.23
31.74
92.52
15.74
95.65
72.32
78.58
86.23
69.92
4.96
61.17
30.36
74.00
8.49
60.15
70.97
22.07
100.61
17.76
5.48
85.58
90.74
98.53
91.86
23.09
3.45
47.05
65.28
28.91
73.79
74.42
59.97
91.11
24.69
50.77
32.39
97.26
20.38
74.60
100.51
10.70
59.59
57.91
18.57
29.70
51.70
2.41
38.55
1.51
2.93
45.96
90.36
3.58
60.17
3.59
48.96
36.36
43.98
88.47
52.43
50.54
48.02
14.04
51.79
87.29
19.22
58.22
33.46
81.76
55.92
56.87
33.34
63.99
23.09
18.27
30.03
7.36
87.92
82.77
6.54
69.48
64.16
28.51
57.47
88.21
55.99
21.34
86.26
65.05
91.67
97.23
47.97
26.49
3.77
9.57
48.54
7.87
50.60
80.22
83.34
10.21
26.83
29.63
26.25
97.87
39.23
42.00
30.40
2.58
56.91
53.16
11.82
41.90
52.36
15.42
72.64
51.53
2.43
22.56
17.91
65.57
20.84
93.87
72.16
77.96
14.73
71.00
51.26
3.98
92.04
62.13
93.97
56.43
16.74
57.91
93.70
12.41
23.60
42.78
22.18
62.16
27.86
15.57
19.60
32.76
18.17
36.68
10.83
39.87
53.17
11.19
86.39
37.04
71.40
40.57
9.70
49.67
90.26
3.05
16.98
41.77
26.97
63.24
86.38
56.18
94.02
12.19
6.18
5.78
85.09
14.30
99.99
84.09
88.70
60.48
23.38
88.07
22.49
36.21
22.20
95.39
80.62
24.26
17.86
93.61
21.20
51.80
37.49
65.21
24.51
43.56
3.40
2.46
93.72
39.77
1.45
41.08
62.78
13.03
17.86
52.78
87.46
81.11
22.97
62.23
1.42
56.14
72.70
68.87
64.09
27.22
66.03
39.12
3.58
4.26
39.12
53.78
47.59
100.61
52.24
99.39
2.68
46.54
96.51
26.91
23.89
61.91
27.58
66.24
84.20
52.52
55.84
70.93
87.74
47.77
42.39
24.64
29.79
3.90
45.38
51.24
24.35
47.53
21.44
43.32
97.96
54.45
32.97
6.41
48.90
40.03
15.15
50.54
28.70
88.38
66.00
98.73
76.27
79.79
34.61
21.01
10.52
17.44
30.94
20.46
42.49
88.12
57.05
67.57
28.60
10.56
19.92
70.93
22.55
48.93
32.03
76.05
47.69
100.54
82.85
55.43
6.01
37.02
51.89
68.16
91.29
6.29
54.49
61.20
75.26
2.15
39.90
7.56
23.43
55.42
26.91
93.63
1.57
62.25
74.86
21.50
26.74
16.05
86.15
6.44
60.53
80.11
61.24
39.64
93.80
12.02
28.20
9.08
54.67
27.83
80.32
52.97
14.84
42.89
88.31
72.64
27.83
62.34
97.61
17.65
95.65
47.15
11.19
25.38
69.67
82.55
23.60
29.71
54.85
21.08
51.51
95.91
50.35
59.09
9.31
76.89
51.42
80.83
36.79
1.35
96.24
45.64
38.11
56.91
25.52
1.65
22.10
51.05
51.18
90.68
9.43
83.52
73.97
6.49
79.53
10.36
17.14
3.03
67.82
52.75
62.28
4.13
62.47
92.55
42.04
73.14
24.00
92.51
26.71
15.04
4.68
42.90
42.33
65.28
72.06
55.40
51.25
91.42
11.15
12.50
28.10
31.42
13.82
43.96
6.96
25.03
28.35
30.57
69.16
46.96
47.28
36.31
72.47
49.12
66.17
36.92
40.46
51.14
62.20
4.04
99.90
17.45
11.64
87.07
59.42
86.16
4.17
30.45
38.66
98.86
39.04
22.04
13.24
81.11
41.43
33.63
61.89
82.86
37.72
66.09
88.85
6.90
83.19
87.99
55.28
28.46
38.04
84.61
16.10
74.30
28.29
18.58
80.67
62.39
82.72
29.95
79.58
21.66
93.25
32.22
53.11
71.40
28.43
70.47
37.55
94.88
42.75
21.39
80.13
82.45
16.04
45.95
49.58
100.05
44.25
11.23
82.28
64.62
81.84
50.92
94.31
37.73
63.49
11.42
42.08
46.57
26.62
71.94
45.14
9.77
34.88
17.43
17.09
17.28
64.18
8.27
31.52
7.83
77.36
16.61
21.76
42.44
44.67
24.97
34.95
29.86
91.35
32.99
16.14
68.57
29.65
21.51
93.73
78.15
28.82
81.36
14.26
99.83
35.76
11.52
53.29
2.41
27.55
66.32
44.12
67.15
25.59
17.92
91.23
41.34
52.40
35.21
3.97
59.23
16.33
34.57
11.11
52.08
22.17
14.47
48.92
1.34
97.23
58.71
60.22
84.61
49.82
33.76
63.08
12.82
47.81
51.48
39.16
48.47
51.19
10.32
94.11
40.11
64.88
52.29
39.95
69.09
67.13
44.31
7.32
90.03
96.71
31.96
82.15
8.71
81.92
57.34
63.74
84.77
73.31
50.60
77.52
60.06
71.83
69.82
39.15
53.93
84.12
65.04
3.47
93.78
5.54
4.41
56.43
16.11
7.27
79.32
21.93
78.66
57.65
34.54
14.14
14.43
35.15
6.33
62.38
94.08
97.22
69.85
73.17
73.82
30.27
89.58
39.63
4.42
49.35
97.29
56.50
24.68
94.39
57.38
46.45
25.78
82.53
82.41
11.47
97.44
16.99
71.23
8.60
54.63
52.19
47.75
53.15
83.56
9.34
78.90
48.69
16.42
97.61
39.12
80.81
56.58
13.48
10.76
50.80
86.90
84.37
19.78
86.23
87.39
28.93
4.11
89.30
1.20
66.25
1.68
41.40
74.92
31.24
70.67
9.33
23.15
98.83
4.66
27.14
43.24
69.93
96.61
75.87
8.61
21.71
20.43
19.69
71.20
79.67
36.64
25.51
18.29
43.37
19.77
35.14
82.15
49.42
85.15
80.44
73.71
77.57
26.16
74.77
44.78
43.22
79.95
71.39
35.03
10.12
21.83
13.00
100.13
6.58
10.75
61.29
17.46
28.02
47.93
13.90
44.32
58.50
4.72
16.15
6.35
12.67
75.58
94.85
54.47
62.82
78.49
6.16
66.27
57.20
60.24
58.87
36.39
46.77
44.13
69.27
82.66
90.80
67.02
50.97
21.67
26.58
15.32
87.91
14.40
39.49
7.00
89.27
35.71
35.67
84.53
2.32
55.80
87.71
72.08
20.29
66.04
87.45
94.15
63.05
71.13
38.04
42.55
98.10
56.86
19.41
67.91
98.40
100.04
82.38
14.54
93.75
53.04
48.58
91.68
38.20
12.47
71.23
89.54
18.05
55.20
52.84
15.98
56.92
85.29
11.45
17.69
68.20
73.25
14.59
57.15
57.88
94.44
45.12
35.26
60.21
1.79
39.30
71.07
53.75
45.81
73.90
6.89
29.77
72.58
47.21
80.87
43.28
94.00
30.54
100.28
46.55
73.43
52.35
26.37
35.36
65.77
91.33
44.31
41.70
48.66
91.52
79.90
7.72
22.36
40.28
24.05
14.73
72.22
40.60
5.35
23.56
20.22
18.89
20.77
49.17
91.73
42.38
66.64
33.80
38.26
61.49
5.86
39.82
21.85
32.51
74.96
75.67
26.77
99.27
90.43
45.67
42.59
21.52
89.84
67.51
27.30
5.20
73.48
77.57
19.28
85.79
48.27
78.62
20.46
63.01
1.07
16.20
99.67
37.71
20.13
6.00
93.81
83.36
68.76
92.34
9.65
19.95
91.44
81.43
5.48
27.03
90.37
3.69
66.17
36.20
74.08
19.41
50.92
13.72
71.62
38.74
10.24
38.00
54.01
72.30
13.02
88.75
71.55
41.49
1.78
20.47
99.80
38.68
23.13
24.55
2.65
89.62
23.79
41.97
65.17
83.44
97.66
30.85
1.97
85.79
8.27
67.78
62.48
66.56
14.93
76.48
57.77
34.63
62.46
44.01
19.43
68.19
50.60
26.11
79.48
82.09
98.13
23.22
51.49
20.86
68.71
5.62
27.78
18.94
95.08
9.52
100.55
5.79
96.03
86.82
44.98
36.03
63.21
4.51
72.22
11.57
44.18
51.64
50.07
75.73
81.79
51.27
84.15
23.18
21.30
41.90
78.72
96.79
32.65
34.52
36.10
79.53
3.90
39.29
77.19
86.32
76.70
61.88
89.34
27.44
17.96
52.44
24.29
72.58
41.48
90.64
7.87
22.70
98.93
61.84
62.53
18.91
51.82
90.91
64.39
65.98
16.40
22.74
18.93
7.76
99.33
26.61
29.54
24.19
37.43
85.80
73.52
99.49
55.00
66.65
10.65
65.26
22.40
15.81
34.39
59.99
75.95
43.35
33.67
78.43
25.65
66.52
88.03
95.15
61.59
39.31
2.15
46.28
7.16
19.77
1.00
49.63
25.29
100.05
39.72
2.29
8.88
86.84
79.89
12.64
4.75
92.07
30.98
46.38
9.91
18.75
37.90
36.91
87.98
18.90
11.94
95.16
12.42
44.96
42.96
81.78
88.63
84.25
99.13
96.32
6.48
76.25
4.69
65.05
70.77
100.68
72.65
16.14
82.52
31.59
93.66
98.63
23.17
90.06
87.19
80.47
5.70
78.32
76.34
88.37
76.70
91.12
53.95
16.48
99.65
23.97
22.62
74.90
88.21
14.12
61.32
30.89
24.20
27.64
77.91
26.10
1.46
13.38
10.97
5.98
19.52
73.74
8.02
87.46
95.93
13.18
20.49
15.14
21.20
48.34
14.77
45.82
74.34
45.20
24.44
51.59
41.65
84.09
73.47
27.71
93.37
100.99
48.15
2.71
56.38
18.48
30.52
78.93
16.15
95.99
7.72
77.67
22.70
31.46
39.70
44.82
14.15
97.68
42.47
52.86
75.53
74.83
41.73
42.45
46.26
67.00
92.43
19.94
17.38
81.10
37.84
84.44
53.32
62.24
68.03
19.39
79.12
23.91
40.50
16.11
74.44
90.04
30.97
36.55
91.81
98.09
39.66
93.51
2.08
25.06
69.07
17.08
18.69
95.94
7.71
2.51
63.27
70.67
14.33
23.53
19.73
35.22
36.93
35.74
95.01
26.58
55.12
81.81
82.41
72.80
37.06
48.91
86.02
9.99
8.50
8.94
68.21
20.77
99.34
75.04
89.39
60.53
14.27
3.08
80.69
14.31
48.31
79.68
56.96
54.05
89.25
29.95
38.53
86.55
43.14
74.01
23.16
23.37
20.22
45.72
25.54
41.55
28.28
18.06
93.68
54.01
27.73
20.69
62.55
94.13
16.73
5.02
38.88
52.98
51.76
54.77
5.45
80.10
88.73
18.67
36.69
15.62
3.69
34.01
60.58
56.59
52.38
38.04
58.65
10.29
72.20
4.81
37.06
98.72
18.08
27.63
28.71
48.59
74.19
18.59
10.09
32.64
68.73
17.76
18.80
24.23
14.90
87.91
6.15
24.91
94.65
21.32
72.62
54.50
59.15
23.78
86.61
69.76
67.14
13.03
44.77
1.02
51.95
7.64
70.17
21.99
44.61
66.51
72.45
20.84
37.72
76.65
32.38
15.28
100.36
77.03
30.50
24.46
79.77
11.56
92.97
55.54
38.30
52.85
85.00
53.49
61.49
14.55
41.97
31.89
58.07
85.95
40.95
9.88
15.40
96.04
92.00
64.24
86.53
86.94
67.08
81.55
23.19
6.79
30.91
30.12
35.55
9.94
8.46
87.50
9.81
72.65
45.34
43.27
43.13
80.19
10.22
23.71
42.29
87.19
21.30
51.70
2.35
34.80
29.04
62.55
61.17
11.37
66.61
15.15
56.70
42.91
60.19
14.50
5.90
31.16
65.78
40.44
4.78
28.42
92.61
47.82
55.81
17.69
84.30
96.18
56.10
16.73
7.09
4.60
37.47
5.15
33.17
91.67
73.02
39.33
7.03
30.00
92.22
43.65
27.38
28.88
91.53
7.14
32.51
87.12
37.75
82.17
49.38
74.00
51.33
7.75
55.98
40.56
55.94
86.42
55.54
42.19
47.69
49.89
78.23
63.93
25.69
97.47
38.44
89.48
22.02
25.71
23.00
66.85
54.25
82.37
49.27
34.79
23.25
54.13
70.19
22.84
96.43
74.77
35.72
23.04
8.07
69.60
77.05
39.87
91.08
28.84
46.33
1.38
94.94
41.19
48.70
70.08
45.26
20.38
11.94
19.61
80.13
21.86
13.51
56.07
35.64
27.31
31.87
43.69
63.00
4.73
92.51
90.40
8.58
17.21
48.07
71.96
3.73
92.77
67.43
37.51
74.11
77.52
13.24
58.32
70.72
43.20
4.34
2.82
77.21
68.05
97.72
4.06
46.32
19.04
37.53
81.27
84.49
99.19
16.38
13.88
28.44
53.93
24.20
69.87
54.28
89.57
6.67
69.64
35.19
47.12
71.82
8.92
60.63
47.58
54.41
17.39
26.81
37.92
8.73
42.56
62.27
72.55
92.20
46.27
26.11
93.36
25.53
82.03
80.86
62.89
13.28
12.81
5.43
15.39
78.44
41.97
17.92
20.56
73.36
12.48
61.25
48.86
12.73
13.22
93.59
19.73
20.34
19.80
38.47
53.74
41.65
70.32
56.20
48.53
50.33
52.56
48.54
56.56
47.35
81.65
30.60
59.60
30.02
10.81
30.99
76.87
63.18
43.42
71.27
66.10
79.27
6.00
36.55
16.02
1.09
54.81
3.32
84.94
47.75
26.60
32.19
65.47
5.26
23.16
2.12
20.86
79.39
10.69
21.53
77.53
72.04
48.67
16.18
2.36
15.63
87.31
48.72
27.90
57.83
39.26
28.81
20.05
80.15
3.25
66.93
85.30
25.64
49.45
7.50
89.04
25.66
35.62
13.33
94.30
90.18
21.79
58.18
52.35
28.27
28.27
21.15
16.18
63.35
63.03
18.18
97.50
16.11
86.22
98.08
49.04
36.57
22.86
92.38
31.10
18.00
94.05
9.42
95.18
8.21
58.18
94.21
15.80
57.05
19.89
83.08
35.52
64.83
32.20
42.23
88.35
15.12
32.72
85.42
61.88
73.52
5.28
21.46
33.90
19.07
71.32
69.70
50.28
62.03
15.88
23.50
68.96
87.15
60.42
44.59
30.55
76.08
81.08
28.17
59.21
14.16
33.91
21.53
58.48
30.73
4.09
14.84
56.79
27.38
15.98
92.80
95.02
32.55
56.62
53.63
10.67
9.05
26.20
33.09
60.34
2.29
68.33
54.09
30.48
95.83
4.18
4.20
22.69
17.34
91.20
44.49
23.52
66.17
79.67
59.97
78.95
77.86
43.13
23.91
51.19
77.14
34.43
28.33
70.09
31.25
9.60
57.33
9.50
39.92
15.89
53.62
54.36
86.24
86.22
20.38
22.81
76.92
36.31
26.57
49.27
70.14
89.88
65.67
50.89
79.26
23.65
53.18
31.41
90.96
55.64
49.36
75.30
62.71
8.97
100.59
15.64
65.86
29.76
62.56
5.34
7.09
80.65
75.53
9.20
92.83
3.85
56.70
63.29
77.23
70.63
45.85
89.74
16.48
34.50
29.21
10.67
33.50
96.80
34.84
7.45
70.90
76.26
69.21
60.09
7.05
35.67
69.33
34.32
38.04
38.61
58.99
72.68
58.34
25.19
94.25
92.78
34.14
11.56
74.01
34.88
68.19
2.44
19.74
42.25
5.41
10.72
60.00
93.18
5.94
77.62
34.49
62.04
24.01
95.63
93.44
29.79
2.41
92.04
73.18
75.17
10.29
85.99
79.04
51.59
27.66
46.39
56.44
30.15
38.42
72.61
9.03
47.75
62.84
19.17
84.78
6.73
57.48
60.24
14.92
15.96
42.89
81.38
60.51
79.57
89.71
5.03
47.10
18.89
10.30
3.14
18.95
33.62
50.52
77.74
14.77
20.08
18.34
50.25
32.24
37.38
28.62
6.30
2.80
5.34
43.51
55.78
28.74
74.13
87.97
25.36
48.92
6.74
15.31
87.85
100.20
7.81
57.55
7.10
42.60
89.07
33.84
58.48
75.36
79.20
4.41
20.35
73.31
38.71
85.97
45.65
43.02
76.97
16.18
43.25
11.39
65.96
17.15
11.70
90.58
64.86
28.33
4.42
48.98
58.91
52.72
24.29
36.66
6.99
5.50
77.44
7.35
22.96
100.79
12.06
51.61
100.14
6.13
76.28
49.14
22.91
100.07
22.92
61.34
40.81
45.67
31.72
5.93
70.50
49.28
95.51
5.10
45.72
15.43
96.37
17.08
20.69
36.97
27.11
4.22
17.68
44.70
19.98
28.50
2.72
52.84
65.40
35.77
14.13
95.27
8.66
79.45
81.41
27.12
47.56
10.96
11.88
39.40
58.98
100.26
53.11
13.10
90.96
69.01
2.22
8.55
56.17
70.27
78.24
46.85
80.23
43.75
92.91
64.02
66.94
63.55
76.12
56.30
29.14
94.82
85.24
16.88
19.66
33.46
5.48
47.53
66.54
94.52
74.90
8.17
29.91
84.86
2.84
40.38
46.29
64.16
21.64
66.18
22.46
57.59
27.97
47.40
32.06
36.63
49.09
85.46
34.25
74.36
28.84
46.78
33.76
19.22
40.92
93.74
73.66
23.07
68.97
94.01
2.02
82.81
33.30
85.18
16.11
20.61
18.97
15.19
74.23
61.99
37.68
86.15
6.84
26.15
48.84
55.99
95.46
26.12
4.38
91.83
66.16
93.15
29.11
73.79
1.90
50.66
21.08
92.51
29.47
19.89
55.95
13.20
12.97
53.20
19.97
92.12
34.46
11.10
11.01
35.54
51.96
2.10
2.71
37.82
21.55
27.41
85.40
3.89
3.16
95.99
23.33
16.00
79.85
11.85
100.06
11.49
20.68
54.34
1.34
74.55
18.86
10.56
16.11
48.71
50.49
6.57
31.15
11.46
30.16
64.27
26.40
24.05
4.21
2.97
26.28
12.95
45.55
83.19
9.42
19.34
24.69
64.24
44.59
51.65
3.90
37.41
58.08
75.64
69.39
74.33
59.03
89.68
74.22
24.43
81.69
41.09
57.88
22.68
20.19
20.41
59.77
58.42
95.15
17.30
92.50
34.28
81.25
36.43
47.72
47.34
58.25
99.87
77.07
44.71
53.19
53.27
39.82
36.49
2.14
6.65
19.45
78.25
45.61
20.88
83.94
67.52
12.12
44.82
70.57
4.81
3.81
67.68
52.81
3.88
57.50
76.49
42.84
61.54
42.26
49.29
8.30
88.74
79.50
12.27
86.48
30.11
80.58
25.41
45.12
18.43
13.76
31.15
6.79
12.56
58.92
1.18
20.12
71.57
15.48
11.35
88.47
79.75
28.19
24.39
67.12
26.01
63.92
4.40
56.41
29.16
30.36
87.29
35.85
18.99
3.32
20.30
26.59
36.70
32.28
33.43
33.34
7.64
84.69
28.10
14.86
19.59
43.19
79.79
27.79
100.35
27.07
16.75
3.68
25.52
13.54
22.46
44.23
20.56
75.14
100.81
15.87
88.10
40.67
74.68
39.58
9.36
97.80
1.65
35.56
31.90
87.88
75.81
18.63
5.16
72.29
18.07
8.52
75.90
44.43
83.66
7.99
4.98
92.38
95.66
100.43
54.34
43.48
71.58
26.28
87.62
89.80
7.08
51.36
29.80
14.70
41.13
40.03
90.82
13.58
86.31
16.02
34.36
45.70
28.80
98.83
93.15
61.14
90.89
100.19
70.85
99.68
17.51
17.76
6.98
67.20
35.04
27.44
91.26
86.41
42.22
56.09
42.32
61.41
33.83
57.54
79.93
68.06
77.13
75.37
64.74
39.21
90.52
18.15
13.92
33.51
57.11
17.06
75.05
29.05
5.68
94.42
83.39
75.41
74.55
87.10
4.50
72.87
18.82
25.59
95.55
46.41
65.66
87.80
42.48
9.09
88.68
93.52
32.35
35.06
23.22
22.81
92.13
45.82
55.16
45.86
63.93
42.43
75.55
55.48
52.37
8.77
90.85
60.24
32.97
56.82
53.40
29.69
21.48
30.27
17.15
55.60
77.71
56.99
23.27
76.23
5.62
6.85
76.19
38.25
15.12
7.15
8.46
60.18
21.42
14.76
90.40
61.31
56.65
20.69
59.71
69.21
86.32
70.92
44.07
31.19
45.60
3.20
30.49
15.21
86.14
8.93
24.84
87.31
16.36
25.75
1.84
76.80
36.64
66.61
87.14
35.19
24.49
83.76
11.96
65.95
16.04
93.00
47.99
52.74
15.50
79.90
18.31
41.69
80.82
41.02
59.98
88.30
70.78
20.23
98.35
86.30
41.77
50.21
5.96
65.76
24.39
6.70
32.01
28.65
83.12
38.20
64.67
47.61
63.26
76.82
56.69
2.30
54.46
27.01
4.34
11.28
32.09
88.77
10.15
12.36
71.79
37.88
74.82
21.73
9.23
87.66
71.96
69.28
74.37
16.42
21.55
45.11
38.20
44.88
39.15
99.21
24.68
26.35
93.49
47.91
30.07
61.61
32.64
4.34
47.17
56.56
49.76
9.47
59.94
79.39
37.88
76.67
37.87
7.50
21.80
41.48
12.89
31.66
27.07
91.11
29.61
24.76
18.89
99.36
17.71
14.76
37.08
28.88
11.30
73.69
27.61
56.01
30.11
87.48
73.65
18.55
75.05
31.64
99.21
22.76
20.72
40.96
26.53
30.68
17.37
89.15
3.39
49.71
57.18
24.78
72.56
7.08
12.87
75.01
97.59
94.67
46.35
92.59
17.43
97.09
97.31
33.11
90.29
56.31
64.43
5.55
63.65
92.04
78.66
84.82
81.57
80.35
15.01
53.71
61.94
98.80
91.35
49.31
63.68
40.74
96.43
69.03
22.76
83.81
27.57
32.50
26.52
34.01
41.82
90.28
60.25
28.58
35.10
67.72
1.80
25.37
85.27
58.00
75.03
100.27
85.92
58.90
22.69
14.33
94.55
44.28
35.40
33.76
28.19
92.40
43.70
45.69
8.48
29.77
52.78
33.24
81.48
45.18
88.48
95.52
89.94
49.20
95.72
4.06
36.77
23.22
96.27
4.23
96.07
16.40
2.59
19.31
39.78
6.91
73.04
38.20
6.95
96.44
98.98
99.62
28.30
88.39
81.45
43.21
77.73
1.79
87.82
23.27
25.08
98.87
90.92
11.14
27.76
12.47
14.79
60.25
46.38
10.86
60.20
26.10
6.83
71.10
84.97
8.92
98.26
92.14
97.02
40.70
6.37
1.95
27.16
5.76
62.47
6.83
28.85
48.72
1.38
98.62
41.57
5.52
68.52
6.61
82.87
15.65
26.56
14.24
13.87
62.20
6.10
96.82
21.66
44.00
68.03
86.48
55.54
84.87
51.34
88.10
100.64
47.33
98.17
92.73
65.95
45.21
16.56
38.18
34.79
69.83
93.90
7.85
5.46
76.86
64.70
30.09
10.33
8.35
70.42
62.75
22.46
3.25
17.77
57.50
22.65
47.78
36.70
73.34
91.49
35.86
59.43
6.24
42.21
48.11
55.87
81.00
56.06
11.64
53.03
27.80
45.10
6.31
82.59
91.17
31.73
73.20
26.16
2.83
88.59
69.95
5.33
12.65
30.91
5.09
15.23
34.89
29.82
19.45
48.77
16.57
20.11
6.62
70.28
12.87
93.97
80.55
87.22
63.83
26.69
27.07
87.81
3.62
47.22
50.06
73.59
56.65
50.39
48.08
8.19
23.94
74.52
11.72
73.14
48.02
51.91
17.72
58.07
25.88
6.76
60.83
36.00
47.45
74.10
97.87
63.67
12.24
25.13
91.29
23.51
56.96
84.81
24.85
13.46
31.48
25.56
85.18
79.62
58.78
24.54
21.73
98.07
2.79
21.96
26.40
39.21
43.97
14.36
74.83
54.87
37.58
58.67
10.58
81.35
71.33
74.68
10.98
62.06
46.51
74.15
74.48
91.86
22.55
25.85
11.30
65.26
42.81
78.43
32.53
9.26
26.11
5.81
31.99
53.48
14.33
81.72
54.22
47.78
49.71
24.89
83.04
39.93
15.04
32.36
27.17
18.97
12.30
20.81
3.29
30.66
12.71
48.82
88.78
53.63
69.17
95.33
93.38
93.53
96.26
56.47
32.85
94.58
61.29
68.17
100.38
36.42
5.37
90.82
72.22
21.97
60.83
95.58
5.01
79.58
13.54
99.26
33.55
61.92
23.87
44.55
60.50
38.99
18.13
26.15
29.62
10.66
34.82
71.89
89.41
80.58
60.70
24.25
46.69
74.21
85.68
46.44
4.42
6.96
43.67
38.65
49.60
80.73
74.70
27.00
59.36
55.18
98.59
44.73
44.86
19.06
78.29
83.44
24.27
99.29
63.32
80.16
95.32
26.70
76.21
22.66
18.35
6.82
70.62
70.96
43.72
10.32
94.71
36.21
22.27
84.87
7.22
83.82
47.72
66.56
7.40
42.10
65.39
7.76
62.92
6.46
68.37
50.48
66.51
8.12
9.26
38.83
76.05
71.08
10.28
33.68
41.11
64.83
99.80
56.97
43.05
99.72
13.48
88.59
85.59
83.17
88.09
21.91
1.22
26.59
47.78
56.16
76.76
7.68
98.36
21.10
47.88
36.03
75.84
50.50
36.62
22.33
41.46
72.27
94.31
66.84
29.47
42.40
62.07
48.73
64.72
30.79
5.28
82.93
65.32
45.90
74.23
21.46
9.00
40.24
24.16
8.79
67.78
22.10
91.67
12.94
61.89
66.30
94.36
82.03
3.51
26.24
27.74
62.97
19.82
73.91
21.71
66.22
89.27
87.18
62.70
85.46
89.36
98.44
94.83
45.32
17.72
25.68
22.96
90.70
58.85
77.05
29.40
52.26
17.89
60.46
90.44
7.89
87.89
1.85
8.83
6.91
62.82
46.73
25.38
16.99
27.00
60.80
16.72
75.72
73.61
53.54
85.32
63.92
61.30
6.71
4.09
97.84
36.68
11.87
95.85
8.25
1.38
1.56
35.89
9.73
28.09
46.19
30.12
75.65
36.60
1.27
80.34
25.49
74.33
49.18
16.82
15.20
46.27
9.66
48.07
32.70
3.21
5.87
29.36
33.79
41.12
28.17
74.11
76.10
52.68
50.29
75.71
52.25
11.73
97.99
89.80
13.91
37.51
5.47
41.82
77.08
51.94
97.76
35.84
66.48
23.08
49.67
8.08
83.11
16.91
12.24
50.08
82.18
18.64
32.11
85.31
22.49
73.04
12.03
90.08
57.29
60.68
54.95
19.41
34.00
65.64
65.63
2.88
39.13
60.48
87.96
30.75
33.88
23.11
67.23
57.18
83.24
41.63
15.48
62.25
34.72
51.16
3.04
11.94
55.46
52.60
71.36
17.72
90.60
29.64
77.86
58.17
87.89
47.81
18.73
85.60
42.54
50.25
91.12
24.82
28.97
20.42
94.55
20.82
73.16
78.35
17.61
91.80
70.74
99.34
92.77
50.48
17.15
27.98
20.84
60.78
80.78
74.63
86.27
37.55
59.48
56.42
32.65
67.09
11.34
48.69
58.02
23.96
27.69
70.26
76.14
32.50
68.65
60.63
5.00
37.72
82.84
18.86
27.23
97.37
65.53
13.10
68.18
28.67
82.97
88.57
47.17
6.27
27.96
74.07
18.35
85.22
28.23
37.96
43.03
88.13
40.37
79.41
68.12
58.24
72.43
41.77
82.04
96.07
40.33
44.21
22.58
25.85
100.93
46.48
61.75
58.78
1.14
81.21
90.26
43.78
62.49
68.54
6.27
96.02
19.18
4.78
32.66
36.79
56.79
76.40
46.03
2.80
29.29
3.58
67.81
13.97
9.80
9.17
85.23
12.90
23.11
15.74
1.79
3.68
53.90
74.42
18.85
9.54
35.71
77.20
3.42
16.86
2.20
21.07
26.70
87.87
35.16
40.43
73.10
53.14
10.51
12.96
10.70
85.92
57.06
49.26
27.10
7.70
88.98
45.17
77.15
73.62
37.73
22.65
20.61
19.14
46.00
88.82
38.95
27.34
41.34
39.08
75.58
70.71
43.28
10.73
7.41
94.52
36.60
19.17
7.12
58.52
4.84
61.79
93.44
11.78
16.57
36.71
67.19
13.12
9.27
23.15
8.92
96.08
74.18
21.50
8.25
28.14
14.57
87.21
77.47
66.17
31.71
69.32
81.22
19.16
98.47
2.73
7.06
22.00
98.16
43.66
25.68
6.61
26.73
93.05
21.05
92.64
97.65
78.31
60.48
94.95
30.74
100.14
2.06
63.71
19.43
88.68
72.79
99.09
57.79
84.72
49.54
51.88
72.80
34.87
90.65
50.14
75.21
90.57
26.99
3.49
63.75
8.69
26.30
69.80
57.86
77.54
24.65
6.34
59.42
78.64
30.56
64.30
91.24
33.82
54.73
70.20
2.03
37.41
73.51
63.74
23.90
63.17
85.32
3.59
44.55
50.23
53.09
81.00
69.40
96.11
72.89
37.80
74.26
28.90
74.66
66.89
40.72
69.74
33.43
57.91
57.97
51.37
96.89
6.37
17.08
10.19
63.16
91.78
47.50
28.40
65.52
55.62
49.60
22.02
2.33
22.97
23.83
66.67
68.92
20.15
82.42
24.85
48.52
33.96
12.16
83.41
98.35
46.14
78.57
52.45
80.92
45.68
90.97
13.06
13.13
8.13
12.34
26.61
83.28
14.94
22.96
59.17
82.84
54.65
21.71
72.05
60.81
21.95
56.81
27.62
6.71
22.38
21.07
55.29
17.31
83.58
84.57
88.14
37.78
46.80
24.79
9.11
43.36
95.17
25.38
89.38
1.13
75.26
86.54
98.05
58.37
64.08
20.18
19.41
10.65
14.82
43.19
24.72
25.31
22.68
58.92
68.70
24.62
71.94
80.61
21.89
2.39
88.49
12.53
6.53
67.59
82.26
21.22
79.17
12.03
25.17
25.12
70.51
61.60
59.83
37.69
50.81
74.43
46.15
44.83
18.62
85.36
8.85
67.06
19.78
58.48
2.20
87.20
17.66
93.61
16.43
51.06
15.15
69.61
88.46
14.05
38.83
85.94
12.26
87.45
2.69
37.89
81.68
23.40
94.12
74.16
15.69
13.86
39.54
49.46
78.36
99.56
3.13
66.88
11.24
7.18
52.99
27.29
86.21
51.02
66.74
91.19
88.24
93.93
53.86
72.15
78.13
76.40
60.46
42.19
26.00
76.20
58.80
59.25
76.31
67.33
62.37
14.23
43.07
96.25
19.52
44.17
88.14
83.95
66.78
66.35
15.16
27.46
76.10
96.75
72.21
18.28
100.34
18.41
55.45
65.47
85.14
50.57
17.73
83.82
100.63
36.89
3.73
73.31
16.55
57.16
3.22
84.04
41.90
8.46
60.94
54.55
2.04
6.65
40.86
11.54
84.86
46.07
70.96
7.99
13.85
8.57
23.32
64.61
95.03
10.55
15.60
38.07
29.07
60.49
22.38
6.80
63.75
94.14
99.77
70.07
84.00
72.34
94.48
59.20
91.52
34.69
17.70
8.51
54.36
44.66
84.43
92.81
7.83
47.26
36.94
34.28
46.95
2.50
85.23
96.46
91.83
88.01
12.58
34.21
72.45
17.18
28.17
23.49
18.68
89.20
14.83
18.55
42.21
88.23
37.06
3.13
34.49
77.32
52.78
11.01
44.42
64.04
49.34
62.86
50.67
6.94
56.22
41.93
39.80
77.97
96.90
100.33
23.95
88.47
36.74
64.85
19.68
78.63
15.34
70.62
98.80
76.24
51.40
20.91
55.88
92.59
11.19
50.79
69.30
88.91
7.39
75.74
68.44
19.59
31.67
43.07
92.80
13.35
62.97
55.02
29.77
21.79
69.12
48.93
44.43
62.41
80.14
91.04
58.84
62.53
12.76
9.53
29.61
32.94
30.67
67.80
18.07
98.94
24.32
23.39
48.20
100.89
41.44
94.13
6.36
19.54
37.73
7.12
5.84
61.31
93.11
3.08
10.20
8.12
61.34
94.98
43.12
66.86
98.22
62.29
6.33
1.60
76.52
15.52
56.49
88.17
47.93
55.29
94.77
97.43
21.81
11.40
98.61
95.92
71.97
90.74
11.05
21.11
1.04
14.91
53.53
41.45
1.27
21.06
2.78
81.52
32.51
49.77
2.00
37.75
31.23
5.89
6.88
15.91
100.62
43.86
61.59
94.34
72.53
57.22
63.33
20.95
59.25
57.62
84.78
80.14
24.04
50.94
91.39
7.24
76.09
78.70
64.13
67.92
43.85
4.73
57.51
63.18
34.88
76.89
22.93
6.84
82.77
82.22
33.51
68.28
16.97
36.08
46.90
82.74
20.24
63.59
1.77
72.78
30.17
18.78
90.80
38.60
35.15
10.16
39.94
65.22
16.88
24.64
85.71
61.45
23.67
27.59
8.08
100.08
75.56
53.86
72.21
29.41
30.51
84.82
42.95
25.81
12.37
2.97
51.24
8.15
25.54
59.13
16.40
5.16
10.64
48.55
92.90
79.85
6.18
92.32
22.21
25.04
98.36
3.54
3.15
66.28
34.54
96.30
88.79
15.80
71.92
55.17
52.98
94.97
81.58
12.65
37.21
53.71
39.23
7.65
33.24
4.25
80.02
72.39
69.54
96.08
59.30
42.21
76.43
63.67
84.42
99.10
32.06
4.08
95.02
52.43
48.85
50.16
55.13
78.30
34.62
32.03
79.24
79.93
15.87
61.22
34.13
25.45
57.31
21.50
4.83
44.13
43.70
55.94
38.65
82.02
24.15
55.56
28.09
64.33
1.97
1.00
74.27
65.31
74.69
34.72
74.62
16.03
92.01
59.75
27.42
91.09
36.51
2.45
35.35
85.82
75.99
64.70
32.73
5.40
89.59
96.78
54.36
41.75
25.58
16.24
58.14
27.45
99.19
8.62
40.75
4.10
66.87
54.01
43.48
86.54
100.56
81.37
87.47
42.27
66.31
65.19
67.49
68.37
69.12
23.45
16.01
10.52
40.64
20.86
51.37
6.18
4.04
23.79
15.59
88.45
30.96
72.45
41.62
98.20
41.94
95.35
97.36
92.32
32.97
36.06
61.57
8.48
43.84
78.83
66.45
14.41
52.95
15.53
93.19
66.21
80.04
23.45
7.24
77.96
81.57
85.62
55.10
76.17
71.29
44.84
9.55
69.11
14.80
7.67
93.96
99.95
55.69
87.83
69.85
1.39
37.31
84.03
72.16
65.27
39.33
21.58
82.38
74.31
97.61
55.65
68.76
1.50
72.86
73.55
77.57
64.38
62.70
4.50
10.72
52.27
18.00
34.26
56.81
93.24
13.51
83.91
11.09
16.15
72.02
28.54
23.42
28.36
70.68
85.99
37.55
68.86
33.19
19.14
16.27
88.45
55.09
36.99
49.47
79.59
7.20
59.92
78.15
32.24
40.11
63.49
3.74
49.11
26.80
36.77
43.53
28.92
83.31
86.68
90.68
7.99
23.18
47.31
50.46
11.86
26.79
8.92
94.14
64.26
89.19
68.38
59.42
92.58
10.76
34.51
75.41
28.24
15.61
28.40
53.36
24.04
34.36
27.48
49.12
69.82
80.97
1.41
66.10
51.91
72.61
80.40
76.82
80.51
97.42
5.99
64.33
59.82
8.41
15.60
52.42
29.65
10.11
53.55
85.67
36.38
76.04
19.00
22.33
8.34
14.33
39.86
2.48
40.81
13.53
12.55
52.88
39.91
92.11
75.30
3.48
24.22
21.98
25.29
87.67
33.48
11.28
36.82
5.61
49.43
38.19
3.08
69.26
76.30
71.73
73.93
6.78
21.85
65.27
95.51
67.76
96.92
47.92
42.56
35.04
8.23
27.14
13.66
22.75
1.06
55.50
82.19
100.24
4.80
36.44
88.16
15.46
27.45
65.02
31.72
52.75
82.53
3.25
81.20
75.63
20.93
5.79
16.16
44.74
20.28
29.55
37.24
18.66
65.74
16.94
99.76
70.80
48.95
99.92
93.93
57.56
72.71
11.70
43.93
28.14
94.21
40.89
3.97
15.80
11.46
4.14
97.65
66.82
19.52
10.55
21.71
48.89
58.03
100.07
54.24
4.11
61.50
84.50
51.63
17.66
2.72
22.59
34.43
67.43
27.20
93.37
23.04
40.89
7.43
67.99
42.05
52.21
89.98
69.31
41.92
56.76
56.96
85.54
1.24
46.76
28.49
76.18
19.91
12.79
70.54
15.27
77.20
27.38
10.71
93.22
86.60
92.20
1.23
66.71
84.57
37.50
48.83
33.50
21.86
92.02
63.21
21.57
45.40
92.38
14.26
3.24
94.72
42.11
96.18
39.05
79.55
1.77
63.75
91.40
39.22
92.86
46.89
95.81
89.14
67.27
64.00
27.97
24.30
5.41
4.70
62.51
30.90
86.84
44.30
21.52
7.12
32.00
58.86
8.68
65.61
6.49
47.77
16.35
23.27
77.36
22.16
5.86
1.60
23.62
76.58
84.31
32.69
5.65
80.89
14.40
26.12
31.37
97.43
8.50
42.75
5.21
100.41
23.81
58.46
20.82
13.39
40.05
2.10
83.63
63.24
38.53
18.59
7.25
23.56
46.79
50.35
14.44
5.71
72.47
23.80
41.99
59.87
47.45
66.16
97.17
27.20
72.08
66.95
92.89
73.35
91.36
98.81
75.19
70.37
20.46
50.36
38.07
97.46
19.27
25.92
60.74
33.73
3.98
18.33
100.66
43.94
69.54
66.93
7.03
23.06
9.03
72.95
96.79
31.13
20.92
12.03
32.14
62.85
98.21
77.78
35.26
78.69
52.97
100.57
56.08
12.73
67.59
21.73
19.80
7.13
53.81
4.25
6.62
60.81
70.89
10.84
19.93
52.83
7.07
70.53
27.52
38.93
41.70
7.84
10.51
49.48
53.90
93.89
49.35
36.41
50.47
67.51
52.17
42.03
6.52
24.26
7.32
3.41
19.34
75.05
85.12
50.02
30.46
58.63
55.58
57.34
16.44
84.84
91.54
91.11
74.02
26.82
22.40
95.80
97.28
2.33
15.86
43.33
70.81
58.88
61.68
91.15
70.22
49.32
92.17
16.56
40.41
35.74
34.74
79.14
58.21
55.52
8.05
30.68
72.84
34.08
16.03
80.06
18.49
88.73
69.16
13.59
21.83
8.06
84.54
41.60
3.21
17.60
11.17
38.02
77.48
32.98
100.74
31.15
44.10
6.82
41.75
41.73
24.48
13.63
45.94
26.71
11.94
68.02
72.80
39.92
79.74
9.89
25.80
35.77
27.82
58.26
99.76
55.06
21.78
37.67
53.23
57.36
25.97
57.58
21.95
72.86
27.27
65.72
72.21
21.29
97.79
83.29
52.99
9.29
76.09
15.46
67.25
21.40
19.67
60.14
56.91
20.85
59.08
61.18
86.10
64.37
34.29
99.61
29.81
36.57
81.95
62.62
97.18
12.61
49.65
85.87
67.01
11.74
38.02
57.81
83.52
4.22
2.25
37.05
32.84
24.92
77.09
32.99
71.39
43.94
48.83
39.17
65.10
58.19
10.94
86.59
27.57
38.92
100.69
95.56
26.76
76.10
30.26
53.39
76.16
71.57
41.99
25.74
64.67
15.56
47.41
33.51
33.16
55.69
39.81
13.78
70.83
18.94
73.78
98.46
60.51
52.80
67.50
99.75
12.33
5.94
82.92
63.63
71.88
37.89
18.14
54.68
12.93
33.27
14.48
87.02
24.01
42.34
54.44
70.89
81.88
31.43
29.92
23.60
21.36
84.58
38.05
74.19
22.07
35.60
32.33
22.99
55.50
22.62
27.44
79.24
79.14
87.39
4.06
21.03
97.83
72.89
61.44
89.85
20.87
20.00
19.15
36.38
20.96
83.08
83.73
46.98
57.45
31.12
79.87
54.73
22.45
5.22
8.26
66.37
24.25
43.77
11.07
96.57
95.95
50.45
53.36
47.00
28.68
22.77
6.28
11.03
19.92
88.63
78.35
56.66
65.70
6.76
21.00
53.24
76.69
85.05
37.92
50.10
51.13
83.33
28.38
4.74
29.47
65.04
45.41
25.77
52.96
53.93
5.10
5.05
50.91
94.11
26.00
15.10
6.61
46.25
75.26
37.07
37.40
35.27
100.31
98.09
55.84
44.03
33.56
12.88
64.25
100.35
98.07
8.33
49.89
43.05
54.09
2.67
9.53
16.92
89.72
47.48
38.69
45.85
29.39
40.83
8.13
72.26
9.76
10.68
68.85
44.30
27.24
9.15
12.94
68.42
31.72
44.44
54.54
23.89
73.21
69.46
86.12
31.14
1.20
92.47
6.28
45.21
44.76
56.44
76.16
74.55
65.13
24.73
77.52
23.92
63.39
64.47
1.78
53.62
69.66
92.84
64.62
17.32
4.55
50.07
10.92
32.14
16.02
13.40
7.67
24.67
37.81
72.98
35.81
95.72
40.37
5.31
55.43
38.71
63.36
69.80
44.63
1.68
96.19
82.70
20.40
51.10
6.37
70.77
95.46
95.38
43.71
91.11
14.93
62.67
80.05
99.90
69.82
92.93
41.93
65.37
98.96
32.35
72.71
52.32
63.97
34.83
36.93
20.07
70.38
14.02
9.63
25.41
48.94
78.23
18.81
6.29
83.89
98.04
94.40
50.36
16.12
32.50
8.95
67.00
89.49
19.32
8.07
83.85
46.85
33.43
26.49
20.43
50.12
91.52
32.38
15.23
12.28
77.66
12.87
69.61
51.36
86.26
20.15
84.77
24.87
34.21
86.53
78.44
39.45
93.93
55.74
45.09
47.85
33.06
15.38
24.77
85.15
50.86
90.46
89.04
100.97
14.03
25.79
86.01
37.69
99.03
18.84
37.64
68.81
58.86
46.21
74.18
19.57
12.16
6.66
49.89
99.20
32.73
91.90
86.44
24.09
20.29
38.46
20.32
38.08
98.27
41.33
28.32
81.38
62.49
65.85
98.43
82.17
72.89
85.81
84.61
3.83
93.38
26.24
2.03
23.40
18.50
98.62
96.74
51.10
73.07
90.06
84.68
28.17
97.71
100.44
32.61
57.44
72.56
82.80
75.65
91.38
34.76
21.10
84.31
78.56
1.02
92.71
46.17
97.57
92.01
91.60
26.05
45.59
26.96
85.54
42.08
12.30
57.46
49.38
32.24
4.59
36.59
38.74
21.24
59.07
30.83
61.35
61.98
41.64
70.83
10.44
51.16
47.98
82.29
72.71
59.04
48.93
10.20
94.02
17.64
45.35
20.44
1.17
62.90
25.61
59.86
19.86
14.99
18.15
54.39
16.81
18.38
4.27
22.65
57.89
25.87
68.62
66.90
96.79
6.96
16.77
76.77
73.62
93.49
60.61
86.07
31.74
6.19
13.38
58.43
84.89
77.06
97.73
78.73
11.55
52.03
33.72
83.03
99.84
1.47
25.34
48.71
47.55
7.86
29.27
37.39
44.89
77.70
79.93
73.83
84.92
4.28
60.84
21.35
6.02
100.47
89.99
52.09
45.17
22.18
92.31
100.35
72.59
56.84
73.35
9.84
82.01
48.42
80.73
12.07
77.56
61.13
9.32
29.96
33.52
85.41
24.31
67.00
16.93
17.77
7.16
52.67
87.58
44.08
79.05
77.12
61.16
65.79
81.63
64.11
15.95
90.75
44.03
87.57
1.22
23.62
92.62
17.53
66.25
39.01
76.95
14.90
80.30
4.77
19.60
31.50
5.69
50.79
88.98
56.17
28.01
10.64
93.93
82.21
39.58
93.16
97.55
96.64
57.04
17.37
44.42
39.02
19.99
27.68
92.47
96.32
17.73
39.88
94.66
11.01
90.90
25.82
25.99
62.65
72.14
22.07
62.83
81.40
67.96
74.15
60.80
29.64
24.29
44.38
30.21
2.05
59.38
33.38
14.34
63.35
31.50
23.61
16.67
54.49
16.91
46.79
88.74
16.77
95.16
19.29
92.66
4.92
55.55
25.87
86.33
61.79
9.33
15.51
53.65
23.90
52.58
29.99
15.22
98.36
99.45
58.29
80.11
84.91
10.75
89.28
3.76
40.70
86.87
59.46
83.10
38.28
39.26
66.25
21.89
36.03
81.75
26.74
73.90
2.36
26.54
88.20
54.36
5.05
40.25
4.84
91.49
53.32
3.16
7.81
54.88
97.94
28.61
42.83
98.73
53.60
24.18
17.44
84.26
6.04
17.61
78.78
19.49
6.63
3.28
74.61
46.56
82.82
45.59
78.31
16.71
84.23
87.78
59.95
36.72
82.09
5.47
78.00
39.15
24.79
8.56
67.54
3.37
5.56
62.09
39.69
42.95
47.07
47.73
72.48
67.63
61.37
55.01
3.55
31.02
81.23
8.89
92.45
72.26
10.50
36.18
41.28
84.21
9.16
6.87
92.54
22.63
24.21
10.04
18.73
16.57
54.22
13.68
73.42
56.14
67.72
59.33
41.75
99.10
54.36
40.86
85.68
3.53
22.62
77.88
62.34
96.97
61.51
45.93
10.71
91.07
86.36
78.25
6.45
75.20
51.96
79.73
80.15
39.18
59.65
23.46
45.04
7.00
7.61
19.38
4.73
57.26
27.86
27.30
65.40
61.50
25.32
35.95
86.42
96.52
74.98
29.48
7.23
15.35
7.72
70.96
24.68
33.00
74.63
33.32
71.18
17.91
37.49
30.61
4.28
96.08
85.91
90.47
70.76
95.51
84.09
82.56
11.14
78.02
98.69
37.42
5.94
36.94
15.22
76.78
8.37
61.41
28.29
45.27
41.49
2.88
13.21
41.18
100.04
93.65
64.19
55.08
28.66
59.30
51.45
39.73
61.50
68.59
97.49
9.54
88.63
68.87
15.89
33.05
18.99
27.62
34.53
25.62
54.47
95.59
84.78
24.70
55.60
50.92
61.68
97.48
19.62
33.39
4.46
86.76
89.83
95.81
2.49
89.35
67.94
75.78
57.28
15.66
8.04
59.19
30.46
54.34
14.87
4.95
23.73
84.36
80.34
97.81
86.66
19.99
8.68
81.68
55.52
7.79
19.56
28.00
68.18
5.86
47.28
99.45
30.35
76.88
34.44
27.89
16.96
46.47
67.66
7.11
6.89
67.60
15.20
35.97
62.51
90.73
16.93
55.65
23.05
50.67
23.92
90.60
3.33
40.75
17.45
41.22
82.09
27.08
23.69
10.50
65.47
54.67
53.68
12.33
83.61
98.35
33.97
5.49
48.96
56.58
19.26
94.80
2.28
88.44
96.96
49.56
23.63
93.66
13.45
74.65
45.46
2.13
76.52
73.58
46.69
100.32
97.82
38.93
41.53
84.27
89.51
9.53
12.84
92.62
19.22
85.08
34.71
77.02
58.88
65.16
9.14
14.34
20.73
82.13
6.25
44.00
71.65
16.22
57.74
13.29
74.27
34.37
27.99
64.90
96.96
69.23
75.86
75.57
73.38
85.92
82.38
37.03
42.85
63.42
38.83
60.59
3.18
77.13
31.89
11.67
11.66
98.34
32.77
6.54
93.61
31.12
14.73
11.50
27.99
79.36
78.05
81.22
92.75
81.26
13.13
10.42
59.06
37.97
46.92
63.21
18.95
22.75
20.26
54.40
79.97
3.77
96.67
19.30
60.67
22.01
11.88
84.80
9.83
79.04
69.05
84.45
65.96
22.47
1.39
41.08
14.38
20.36
94.70
4.25
41.12
80.54
21.11
49.17
51.72
95.06
29.88
96.78
60.51
53.35
14.60
23.02
56.77
89.37
53.45
10.91
53.39
27.32
16.83
24.15
85.94
19.18
36.47
91.53
34.03
94.02
28.39
38.92
94.26
86.18
59.48
53.66
15.15
54.53
16.01
92.27
23.48
49.06
47.06
1.95
92.23
38.76
2.60
13.22
88.86
16.94
45.59
8.14
38.84
64.01
38.98
68.86
87.61
68.59
78.14
63.37
100.62
74.66
35.65
39.49
18.42
23.30
76.44
37.53
89.48
61.23
84.31
51.49
37.95
63.42
34.68
51.92
70.18
31.05
99.23
51.30
89.91
48.81
61.80
92.83
81.11
87.84
14.42
14.04
66.74
32.00
78.78
27.73
36.69
39.66
40.86
33.26
52.71
26.82
8.24
83.78
34.59
43.43
17.94
94.57
1.44
11.82
98.28
1.33
18.62
56.39
7.92
91.91
50.26
2.18
49.36
83.63
84.75
45.62
29.29
72.41
1.02
79.72
92.39
76.85
75.11
66.08
5.54
39.05
22.65
63.73
42.15
40.18
27.52
79.61
52.65
45.28
24.61
78.17
40.33
7.70
12.97
15.01
37.56
62.66
58.30
49.12
7.88
46.68
16.26
30.55
75.22
23.41
44.77
9.28
42.26
95.13
16.93
77.33
58.23
48.61
24.16
94.25
62.41
63.59
13.47
5.38
91.24
28.03
88.48
84.31
32.60
82.31
35.24
25.88
2.45
30.17
34.42
10.36
50.87
40.31
37.94
65.27
4.58
19.44
50.39
11.48
48.62
31.45
14.40
70.95
99.03
92.74
29.80
88.87
22.55
30.74
71.87
2.74
80.36
23.20
61.46
62.34
16.11
11.64
63.27
65.08
22.37
6.37
41.75
78.45
44.18
87.33
63.33
63.44
2.91
41.22
2.27
31.99
73.32
9.89
70.93
63.18
50.41
75.20
10.20
45.26
62.32
38.20
78.01
17.04
44.40
39.53
43.95
99.19
1.20
46.66
26.10
44.36
5.56
86.87
3.09
66.92
67.55
47.32
29.45
40.53
5.80
97.79
72.18
82.09
47.46
80.62
41.19
72.02
23.34
100.39
23.37
9.74
1.48
91.63
30.69
78.45
85.52
14.04
34.43
19.77
39.79
30.47
76.29
32.60
10.32
67.90
83.95
88.81
70.04
82.78
52.22
3.00
65.02
54.19
2.29
27.95
99.15
24.34
86.37
34.17
51.16
11.75
59.31
72.81
1.40
71.93
62.95
8.16
22.05
12.11
63.37
14.54
8.43
43.00
72.95
89.74
55.79
1.69
54.19
78.11
69.96
9.93
98.78
42.13
54.71
31.46
39.05
73.65
25.72
58.58
80.46
88.14
11.10
70.33
6.10
1.25
37.35
41.41
75.98
29.14
94.70
82.77
76.30
73.50
25.28
39.38
98.74
77.43
66.52
96.50
81.71
96.03
10.28
92.55
59.76
57.22
92.89
23.60
27.05
5.82
66.15
9.99
87.07
91.11
2.73
48.51
28.46
6.02
9.25
37.58
49.87
55.38
60.35
48.01
6.11
7.62
5.46
56.15
59.80
3.78
100.20
5.84
94.12
41.68
20.19
86.55
76.99
32.32
92.28
35.98
87.48
21.35
84.03
35.75
10.28
2.05
41.83
19.34
89.19
74.41
13.99
34.78
88.23
2.65
98.29
85.85
73.02
27.38
5.70
77.41
41.18
23.25
19.94
49.95
6.38
24.43
8.89
40.01
43.52
70.26
54.07
19.22
67.29
10.40
84.56
19.16
60.73
98.63
66.55
11.87
83.08
65.54
90.04
99.48
73.52
88.47
3.95
2.60
12.31
91.89
51.99
51.70
51.43
92.08
49.66
94.35
48.49
91.55
44.15
10.13
3.59
64.85
12.58
7.65
17.77
34.96
14.55
74.05
100.26
60.29
3.53
11.12
47.66
4.12
89.80
90.32
11.74
93.71
50.53
60.58
74.32
4.44
67.29
19.76
22.65
57.56
63.37
32.88
10.12
17.53
46.04
56.98
52.64
94.76
7.57
19.28
5.24
5.67
17.74
95.69
58.86
85.21
12.54
19.75
7.81
52.79
17.99
58.10
87.79
28.69
16.67
50.43
96.71
16.94
43.84
14.46
21.14
96.41
51.21
43.06
23.69
97.80
76.24
22.10
9.62
1.97
84.25
89.69
38.74
5.02
62.56
71.54
28.46
45.61
75.73
34.78
20.41
29.09
48.62
90.42
82.37
77.83
14.14
63.43
49.18
8.52
43.17
5.47
81.39
76.38
53.45
3.05
81.26
27.33
65.71
66.85
72.38
2.56
20.92
93.54
59.31
36.45
3.62
64.23
41.46
87.81
19.10
98.55
68.09
16.11
97.28
22.40
27.42
16.54
15.49
74.54
99.47
23.89
68.40
37.69
89.08
94.67
43.42
47.01
17.64
94.36
14.70
44.73
62.29
14.38
1.37
6.10
23.02
58.27
92.54
90.16
36.82
4.54
18.74
81.68
10.15
24.20
21.18
25.96
89.08
22.05
43.37
59.37
47.34
62.66
47.27
37.43
8.77
67.22
27.62
9.74
27.31
42.00
20.40
1.43
24.20
73.99
97.81
75.60
56.36
39.05
5.55
68.61
32.38
7.23
83.83
10.83
48.57
29.26
29.82
92.86
74.00
17.94
8.88
49.50
7.61
62.35
21.48
6.21
28.53
56.32
45.64
9.72
92.10
51.30
49.30
74.79
37.26
92.02
4.90
17.02
62.45
85.26
32.82
27.98
86.45
92.14
84.40
40.95
100.40
45.13
46.67
79.34
67.69
1.89
28.60
77.18
82.43
70.71
57.34
26.99
15.34
26.08
70.20
66.08
8.91
13.53
9.46
11.77
21.06
53.20
33.43
35.23
14.81
13.63
61.46
88.83
19.28
35.80
40.50
83.00
42.36
40.54
92.10
33.81
34.57
45.67
24.53
58.34
88.99
45.75
90.46
13.29
31.98
86.96
24.11
26.24
17.32
30.22
78.26
34.54
29.43
60.96
71.97
74.15
74.32
68.07
20.19
19.24
19.28
54.95
88.39
48.58
93.88
22.13
28.13
69.13
62.54
12.08
24.09
9.52
4.18
28.02
42.66
4.71
20.14
68.16
18.64
21.34
61.26
85.44
30.02
2.04
12.06
20.51
86.83
50.66
89.21
41.15
34.69
68.73
26.02
74.31
59.02
5.29
6.42
79.09
13.71
18.04
90.73
21.03
43.22
47.94
2.96
23.69
43.48
16.06
100.38
100.65
98.19
27.76
27.37
1.20
36.00
65.41
42.15
83.45
32.81
65.32
22.78
97.27
27.61
34.34
85.69
75.72
54.88
49.05
1.80
38.55
77.08
77.72
81.78
55.81
20.24
29.82
9.24
93.79
81.00
26.60
89.09
61.79
57.25
5.60
17.32
82.06
81.42
95.59
27.14
47.77
97.83
19.33
25.65
21.78
63.18
32.96
40.28
59.72
73.16
4.10
33.87
37.86
15.77
9.87
77.21
1.45
9.61
56.70
17.36
9.61
95.60
35.46
26.21
3.01
78.77
26.29
20.17
70.49
48.44
72.68
42.63
85.55
19.90
42.21
8.15
27.25
47.24
90.57
10.66
100.98
99.54
78.36
99.19
96.95
24.25
68.31
42.05
44.76
43.59
58.41
92.02
8.03
13.95
50.89
85.88
22.16
23.47
51.18
12.30
91.53
88.48
51.95
43.09
87.60
97.81
19.49
23.32
64.15
37.96
53.02
13.56
20.52
25.14
97.36
81.68
45.97
83.24
54.42
20.24
35.89
87.53
76.15
46.91
80.80
14.98
28.63
10.43
91.15
12.88
80.69
57.48
35.83
49.96
70.11
6.54
1.84
91.17
92.67
11.55
20.89
79.73
30.64
44.58
13.47
46.53
53.32
24.93
80.69
81.14
78.67
79.20
9.81
84.56
24.07
93.79
57.60
19.27
88.94
48.74
72.95
1.62
15.85
34.51
21.23
22.87
66.78
17.52
11.86
81.96
76.24
28.29
68.42
13.91
53.58
78.20
93.66
21.06
83.77
42.95
24.07
37.24
43.70
9.90
9.48
93.95
72.35
4.10
50.68
88.96
16.52
17.85
87.63
66.76
58.34
9.55
31.16
94.18
35.31
56.44
58.39
96.04
40.69
60.99
87.95
34.19
16.47
84.74
4.37
11.53
9.92
54.07
64.66
50.82
71.99
9.86
90.33
97.38
91.78
92.00
10.20
10.88
15.95
96.71
46.32
29.15
21.20
36.11
31.63
64.76
99.62
27.21
73.19
81.65
40.16
95.15
43.24
65.12
6.13
13.39
7.62
13.87
53.59
74.67
1.26
35.06
22.82
100.11
43.49
65.01
36.84
3.64
68.87
13.40
56.26
4.78
89.58
59.77
90.43
82.77
26.56
87.81
9.71
68.01
17.44
47.81
1.79
92.93
91.32
38.94
73.83
9.20
39.47
74.07
20.32
25.47
87.57
100.14
30.67
69.87
89.51
72.45
90.33
27.91
97.34
21.90
98.65
40.36
21.32
62.69
80.35
33.11
2.42
30.45
46.14
57.46
43.41
64.38
8.69
14.59
88.76
46.46
63.00
51.45
27.04
26.61
60.90
97.61
42.84
97.81
83.78
97.92
95.36
100.73
8.02
13.37
48.81
3.33
68.79
80.66
47.23
2.80
16.64
30.42
83.61
84.45
70.91
80.77
5.08
23.60
72.29
52.36
57.71
30.79
9.26
15.26
82.26
66.78
37.48
14.19
96.62
4.47
73.27
3.55
74.39
36.34
84.69
23.62
14.39
66.26
84.54
98.71
2.42
95.04
70.26
5.34
49.43
27.80
65.86
2.02
2.86
33.85
60.05
68.87
85.94
76.65
40.36
71.59
52.72
12.25
40.56
13.38
60.97
10.45
99.38
57.24
14.05
54.23
32.75
64.98
67.76
99.24
83.57
74.13
57.70
42.87
68.18
31.22
44.73
90.83
5.00
53.45
11.22
8.99
67.72
3.41
33.04
38.04
48.54
25.63
43.16
69.18
61.25
3.74
30.53
3.02
82.19
63.71
48.17
7.12
3.64
48.08
92.85
49.39
12.68
10.02
40.98
55.17
21.02
68.80
96.97
45.45
82.15
73.86
23.37
12.93
19.38
48.70
7.26
38.25
18.20
6.11
49.31
49.17
74.35
98.15
93.23
66.43
6.27
68.15
57.01
25.49
21.77
81.66
11.50
16.15
21.55
5.35
98.91
18.56
40.08
38.46
43.83
32.86
72.60
25.56
6.58
53.44
39.75
46.41
71.71
69.83
25.91
92.96
68.71
96.95
99.94
24.53
36.51
26.50
48.32
50.01
50.22
83.67
39.84
51.06
28.10
85.21
13.63
65.64
24.53
8.18
37.26
75.65
60.91
91.22
26.84
22.08
29.90
32.99
37.23
8.64
44.40
49.99
12.69
34.23
17.60
34.99
97.14
53.51
96.44
50.69
77.24
56.89
100.86
50.69
94.27
67.41
57.30
22.24
39.86
19.93
12.63
76.91
35.86
30.85
6.36
100.30
32.13
100.46
81.08
42.54
48.54
62.49
8.93
82.15
39.43
39.95
13.98
74.26
98.03
87.75
53.27
58.76
54.05
15.27
83.73
84.07
94.40
73.82
51.66
79.17
71.05
76.14
76.73
10.73
4.42
41.90
20.90
9.13
95.61
4.30
94.29
33.85
38.72
94.77
14.49
94.41
31.49
15.95
22.23
75.79
90.69
72.59
63.55
84.37
76.61
58.19
47.70
74.46
60.97
73.11
18.60
32.54
87.12
38.02
4.45
28.78
22.88
33.99
10.86
63.71
88.86
45.36
33.13
81.09
73.45
79.64
82.13
56.45
51.04
63.90
25.50
89.10
63.84
68.44
55.69
30.50
17.94
59.17
15.74
62.56
87.65
38.46
31.19
72.85
87.84
88.23
29.76
55.62
44.11
47.37
65.12
51.64
75.66
69.63
24.55
46.89
74.41
6.30
26.16
90.25
35.42
47.41
36.33
41.47
17.56
40.01
23.68
24.75
4.86
25.96
1.85
5.28
96.44
2.76
72.69
15.22
92.79
60.59
16.13
48.91
4.66
81.96
82.79
85.17
84.24
91.28
24.96
27.01
46.97
6.67
26.51
48.71
58.81
70.56
13.69
20.99
69.54
77.80
27.13
8.62
94.72
62.17
21.78
81.87
93.01
13.93
53.59
44.03
3.03
12.47
62.66
71.79
41.75
80.40
45.56
62.78
35.00
3.35
37.15
94.98
69.43
16.98
7.25
20.07
59.83
43.99
79.89
65.81
76.48
48.91
25.16
20.61
98.64
22.60
93.05
15.47
83.70
79.57
5.32
57.62
50.15
52.42
25.59
20.49
76.25
45.01
100.70
62.93
68.17
50.08
10.33
57.43
48.44
16.20
96.47
95.75
96.98
1.86
69.73
30.25
95.76
18.55
42.48
40.79
2.94
68.61
96.55
23.91
3.14
50.00
58.85
6.63
19.50
67.90
79.89
24.38
2.00
20.83
78.06
50.36
60.81
54.59
40.09
54.13
74.33
26.01
66.41
2.57
93.21
57.20
26.03
18.72
13.04
56.24
41.73
1.57
30.74
2.04
70.28
13.52
69.65
35.21
66.09
83.28
43.98
42.17
2.28
18.25
41.16
12.57
90.03
86.74
9.79
8.16
23.80
57.94
65.72
72.41
10.26
98.21
63.63
91.22
4.05
96.41
14.66
1.90
68.13
93.90
25.00
58.96
15.59
23.73
74.51
60.25
6.17
21.43
48.62
37.40
60.51
70.02
54.93
84.64
14.62
3.04
48.79
80.94
77.54
47.20
14.23
79.47
76.10
20.33
15.54
19.36
67.07
6.28
25.96
55.13
21.74
88.74
65.48
98.98
90.97
71.74
92.69
65.20
23.80
24.19
95.26
66.95
24.10
53.05
94.44
99.52
84.71
27.16
31.33
49.66
91.46
5.66
22.81
47.93
22.27
92.87
20.69
52.90
35.50
79.78
62.24
2.88
23.60
70.97
51.78
5.22
45.93
63.23
72.09
22.14
90.91
47.01
93.25
95.38
36.67
73.83
77.51
51.69
43.41
28.65
30.78
59.20
2.12
77.89
67.38
4.25
44.98
92.06
43.00
82.00
48.45
26.10
77.81
74.84
94.28
94.76
75.66
39.68
4.08
26.29
44.32
1.23
100.38
3.88
61.09
83.08
88.19
71.95
39.59
22.98
27.13
46.28
29.60
33.32
75.54
86.20
7.53
79.24
23.06
80.39
38.55
20.33
46.82
87.56
27.63
60.37
19.93
11.22
93.36
15.56
63.10
5.15
96.98
76.94
44.60
16.48
64.78
24.71
59.73
92.45
55.16
10.29
71.78
43.51
30.12
46.97
13.37
13.71
3.52
46.42
73.21
100.32
55.58
32.78
90.18
84.24
22.66
63.87
24.64
13.07
25.61
41.89
67.06
21.81
62.96
66.49
9.25
9.69
7.10
55.37
17.11
13.50
43.99
97.84
78.89
97.69
54.51
26.33
74.44
76.67
43.90
38.99
67.03
25.24
6.81
35.44
12.23
52.39
2.17
49.42
59.69
90.00
12.95
6.61
34.12
31.40
14.16
74.42
34.91
43.76
66.06
44.43
89.53
18.69
37.18
12.60
32.53
55.46
6.35
93.38
36.25
13.70
28.59
32.86
41.73
63.84
97.12
95.56
93.05
78.32
78.42
51.49
69.63
100.96
88.12
76.50
28.86
94.47
23.16
20.34
100.04
37.48
73.42
57.09
7.96
97.06
38.83
13.53
10.07
60.43
19.82
4.37
78.08
34.99
75.11
91.33
44.75
28.06
95.88
3.97
59.12
53.80
75.01
8.89
53.91
46.51
20.62
14.21
89.89
4.70
7.78
55.84
21.04
34.30
8.46
65.10
49.76
26.14
9.00
2.31
60.71
53.15
82.82
83.70
70.26
45.39
12.34
9.66
78.40
65.17
19.95
30.34
66.34
86.74
16.16
30.82
49.88
79.54
27.51
33.57
74.60
61.22
52.60
2.94
13.84
19.24
97.99
8.40
38.68
61.20
63.79
67.97
26.92
15.78
3.13
34.64
84.87
65.96
97.49
53.54
10.61
53.33
67.66
95.54
61.70
7.46
82.12
86.16
77.47
11.48
34.93
55.00
42.08
51.62
15.13
43.30
70.67
2.00
22.55
33.45
100.25
90.64
47.59
59.24
89.10
72.09
63.69
39.37
68.06
40.13
88.38
3.68
91.85
23.03
12.54
16.30
93.90
7.08
53.77
58.83
94.51
33.77
16.58
67.04
97.88
13.58
81.21
1.33
27.94
33.86
65.60
10.26
78.70
80.63
77.76
67.57
82.55
70.47
73.56
48.19
84.71
27.50
98.86
17.46
82.85
46.34
20.25
88.22
2.71
9.85
68.00
20.10
13.73
24.10
82.93
37.14
21.58
90.23
64.99
5.75
15.33
80.00
19.68
32.35
92.36
58.12
10.70
71.73
25.08
100.92
72.33
45.67
73.80
65.44
98.78
5.66
26.88
19.98
10.25
85.78
57.32
73.12
17.67
56.31
68.81
84.78
91.98
11.62
11.50
40.83
64.33
11.04
100.43
85.64
24.89
27.48
5.94
10.87
48.08
10.23
27.84
50.40
81.04
12.21
76.03
24.42
30.92
55.73
60.51
26.92
60.21
51.62
1.01
4.33
68.63
13.44
92.94
59.73
10.85
32.64
67.73
74.77
50.02
20.64
5.73
82.22
2.73
36.20
58.25
76.72
47.60
91.94
56.81
47.48
68.25
79.41
95.48
52.68
49.45
25.51
47.50
74.75
29.24
90.29
40.44
27.09
70.41
52.54
57.25
89.83
54.17
21.24
9.07
6.82
76.54
36.06
36.26
25.80
77.62
61.01
34.49
54.32
50.62
57.73
88.23
17.67
67.00
30.06
21.04
14.63
9.18
4.84
17.20
40.35
40.96
19.16
11.66
42.75
100.83
49.69
70.77
57.57
73.40
21.97
83.75
40.28
71.33
73.87
90.35
86.40
83.07
100.21
21.61
75.42
99.12
63.53
36.27
28.10
74.81
98.18
77.26
97.06
37.86
26.28
26.17
69.89
94.16
89.83
52.54
30.43
66.07
40.64
25.11
70.06
39.82
30.60
3.38
83.86
100.88
27.27
21.19
86.33
44.76
3.33
25.30
21.87
8.07
52.62
97.65
70.52
9.04
41.27
18.16
47.57
2.28
9.74
24.27
78.79
96.76
5.10
36.58
85.42
28.28
31.57
22.10
48.35
89.17
49.46
9.00
96.36
21.57
42.90
19.91
34.16
35.89
71.08
97.63
91.65
31.47
11.00
79.32
22.93
23.85
23.42
71.79
2.25
42.22
90.20
43.87
24.12
76.52
63.61
22.10
25.39
94.90
5.26
29.19
10.43
49.38
21.32
88.03
52.75
84.21
16.36
60.19
90.76
38.78
55.40
92.45
60.55
23.96
84.35
26.16
43.33
20.92
76.86
84.97
91.89
53.43
62.28
27.64
15.21
25.68
15.19
3.11
84.18
40.08
70.28
13.33
15.90
40.53
23.25
74.34
78.06
29.52
41.32
25.94
30.93
27.91
31.71
82.31
9.74
13.15
5.70
37.95
3.65
11.06
68.09
50.90
35.77
59.99
35.66
28.44
20.00
28.64
43.93
86.09
45.71
83.28
39.51
62.45
4.36
47.19
28.12
75.83
85.82
37.27
98.83
11.33
26.43
25.28
82.03
13.86
81.24
37.98
23.14
80.02
89.72
80.25
4.05
92.21
13.97
14.30
7.40
81.71
86.40
61.96
46.72
85.51
54.71
99.93
68.54
91.67
18.62
18.38
60.00
19.15
67.29
87.84
74.26
48.43
90.63
34.33
84.18
35.50
94.80
65.75
72.11
100.32
95.06
23.62
53.64
94.91
84.34
69.40
89.57
88.50
76.26
66.68
82.33
72.98
61.33
93.79
100.35
54.02
9.15
78.35
49.54
60.37
19.21
34.61
78.70
51.89
61.52
61.38
39.52
86.66
30.98
9.00
3.09
84.67
44.08
28.46
26.20
2.12
10.15
17.37
81.60
77.05
48.36
3.68
77.75
38.81
48.86
24.62
37.56
40.47
68.03
32.79
23.22
74.29
26.78
69.96
55.30
74.26
18.71
94.19
55.99
8.54
3.47
47.03
53.92
46.11
41.17
29.55
65.34
47.99
87.81
67.89
70.30
68.87
75.44
70.65
38.81
47.41
6.01
80.50
53.22
24.53
1.27
7.21
31.04
54.45
25.26
59.27
6.85
22.99
11.06
68.05
37.33
61.08
48.33
4.38
22.11
18.65
4.65
70.83
10.49
68.44
46.83
42.00
85.19
40.36
10.22
12.77
50.22
9.58
26.94
77.84
80.05
62.29
67.18
46.96
1.87
23.79
10.75
96.21
6.54
71.12
29.07
82.70
21.56
33.61
73.19
61.63
75.60
91.17
49.81
16.05
52.31
18.13
49.85
33.70
60.11
33.54
36.28
84.37
64.87
10.19
21.97
33.66
10.45
3.10
10.32
34.22
43.49
51.67
12.44
30.46
14.94
74.24
43.22
2.40
59.46
6.56
80.34
27.65
14.29
35.10
33.52
93.45
60.30
25.75
92.63
48.36
26.97
17.59
72.60
87.30
69.88
8.20
96.15
48.69
79.53
95.85
27.58
70.98
31.80
53.86
9.62
67.69
24.61
70.51
54.85
38.89
36.08
62.06
88.28
67.32
80.83
59.81
37.30
51.10
99.83
21.80
21.02
64.28
49.71
27.31
41.34
60.19
48.21
25.95
42.99
51.98
9.78
55.02
57.42
96.04
76.97
64.84
25.40
14.24
70.83
91.39
45.34
13.07
15.33
1.02
37.88
46.16
77.53
12.57
56.60
1.58
15.14
100.12
41.65
15.79
7.27
7.75
100.00
61.51
34.02
98.21
16.81
100.87
11.04
60.68
7.63
95.71
57.31
48.52
77.62
4.74
3.91
95.49
9.97
65.65
1.63
53.74
86.19
13.37
21.77
67.87
83.80
21.92
29.35
39.35
49.64
65.54
93.66
14.18
9.32
14.24
12.66
23.17
66.66
53.38
35.87
92.44
27.54
65.45
30.04
87.54
72.60
2.15
61.55
51.72
13.28
1.82
33.60
13.90
68.00
18.79
45.93
21.15
8.29
9.00
33.73
53.80
62.52
4.48
62.56
56.78
65.37
33.49
93.02
17.68
13.09
51.17
68.83
95.49
91.17
75.89
58.91
38.64
77.47
80.79
41.09
22.21
44.49
74.32
73.41
32.32
51.23
12.90
14.42
95.04
33.32
24.18
53.81
14.91
58.60
79.56
82.68
11.28
22.80
26.53
18.22
11.13
99.06
36.58
9.52
25.28
14.11
6.79
20.47
32.59
81.74
32.59
54.94
96.35
34.39
17.30
6.74
23.13
9.24
57.54
89.72
22.42
86.83
20.98
55.60
12.85
77.00
66.08
65.48
63.70
60.88
65.14
44.18
13.18
28.34
7.92
44.89
75.16
8.93
85.44
80.89
91.26
63.42
88.49
30.54
1.40
55.39
40.12
25.83
57.64
48.52
87.51
38.63
1.78
66.01
17.40
66.99
84.18
79.25
39.95
26.70
10.28
28.17
40.91
88.74
18.31
10.12
19.50
32.31
65.70
29.77
20.54
74.49
93.59
5.94
52.42
10.37
47.20
4.52
16.62
63.39
98.14
80.98
21.30
98.35
14.16
81.98
51.29
11.77
39.53
70.70
88.44
52.51
74.45
87.16
54.56
65.57
12.05
86.72
70.94
33.46
10.73
100.09
23.70
59.10
9.58
25.86
56.62
68.90
9.21
20.42
57.44
86.40
81.06
7.02
50.33
10.39
95.47
98.19
97.27
9.53
35.95
79.11
16.45
88.75
28.30
24.95
9.69
39.56
9.36
33.59
100.87
52.74
78.98
40.29
15.64
26.82
55.64
45.18
44.70
23.34
45.40
11.01
93.06
13.00
16.86
21.77
49.73
14.36
74.92
64.31
49.83
14.10
32.23
20.72
95.57
96.30
15.75
53.33
63.67
26.80
16.23
3.91
20.89
81.91
77.09
40.03
64.61
10.19
5.29
19.03
77.84
50.57
96.35
53.50
46.12
57.20
62.42
91.86
22.95
54.18
64.26
10.03
23.30
75.17
78.22
89.54
15.00
51.07
1.67
14.91
49.04
94.54
12.75
11.71
98.60
100.08
21.93
58.29
20.27
3.70
67.72
7.96
56.30
25.55
12.86
22.04
3.74
11.88
21.03
6.33
1.73
71.85
30.14
23.57
13.42
21.30
53.20
40.36
75.30
60.99
5.82
87.71
35.17
33.61
53.07
4.08
2.24
1.43
12.95
95.63
35.20
42.31
9.26
5.65
80.95
72.20
39.01
32.40
72.89
21.11
25.41
87.35
18.49
41.37
32.48
45.51
63.49
76.89
55.16
5.75
77.67
4.38
58.22
52.92
38.94
13.68
65.44
5.92
11.41
95.14
59.82
77.23
43.38
95.22
14.94
38.91
25.62
12.52
18.39
24.96
97.31
52.51
43.95
17.87
16.98
24.09
86.07
58.00
36.62
45.22
56.18
51.37
79.32
19.24
71.40
27.10
86.36
55.62
96.82
2.90
50.99
22.41
37.83
42.23
54.03
27.46
88.53
39.96
3.21
28.18
60.20
54.06
40.61
24.86
2.18
30.93
13.91
96.43
43.64
84.81
32.72
8.44
74.75
3.73
65.75
3.25
51.23
57.70
23.25
48.48
68.24
58.46
57.23
67.18
49.46
54.39
13.14
27.61
63.22
1.87
71.87
43.59
83.89
43.30
3.20
8.17
72.01
3.42
26.66
22.13
40.46
2.01
16.21
72.25
75.75
94.72
23.13
79.85
30.72
72.15
59.95
43.22
2.50
24.53
11.63
28.40
90.46
46.73
31.19
18.45
18.62
40.05
1.12
15.15
19.14
40.90
32.98
23.64
71.77
6.93
39.30
35.36
49.74
71.92
99.00
10.47
25.81
6.36
93.63
93.75
8.54
11.81
54.28
86.64
13.46
3.10
34.76
37.02
11.47
66.23
38.49
90.95
53.05
13.80
5.75
14.30
50.50
36.72
42.37
43.67
66.17
1.54
25.83
46.91
27.23
81.51
29.81
86.55
37.98
92.16
75.39
43.12
10.51
15.01
45.54
21.38
16.69
84.65
92.47
94.41
73.38
84.48
29.86
14.95
66.58
4.79
39.62
55.19
28.14
62.20
8.24
91.85
66.34
52.77
71.61
38.00
38.94
59.33
21.84
4.40
44.01
45.00
94.91
2.76
11.11
33.98
48.20
24.31
74.22
9.75
34.26
33.93
47.31
14.69
19.93
83.80
5.70
10.87
1.84
84.00
40.13
1.08
71.94
15.32
12.84
59.27
90.32
77.17
88.78
58.58
63.49
46.84
5.11
56.97
6.97
45.55
56.67
100.96
13.53
40.48
22.10
35.11
37.99
59.34
42.29
94.69
60.14
69.76
35.60
79.95
47.54
61.91
1.76
23.38
22.37
12.38
37.26
25.11
23.96
20.36
63.24
18.70
24.60
75.53
45.84
87.18
39.35
48.69
59.11
6.75
12.67
49.17
15.16
12.17
9.81
78.71
77.61
76.24
94.09
68.57
78.61
65.39
15.50
20.53
93.90
23.73
12.88
60.24
45.29
87.50
15.17
10.82
86.72
3.78
22.53
20.32
75.55
38.59
86.51
59.77
68.26
94.48
25.85
97.82
37.62
63.90
84.19
98.22
27.42
80.38
12.91
54.88
92.72
36.71
17.49
40.42
7.68
10.70
5.95
31.93
44.36
16.75
90.28
6.90
66.17
2.53
39.12
17.61
39.29
64.24
60.55
86.08
88.85
48.87
8.51
12.75
64.76
80.29
23.95
28.33
31.49
80.48
89.14
99.17
93.06
13.52
21.27
55.57
89.10
72.84
94.62
7.07
5.28
60.94
3.91
9.63
18.80
34.56
48.37
82.68
39.21
50.30
29.54
22.26
63.51
23.90
80.57
43.79
73.63
22.86
47.88
49.93
12.14
8.45
42.87
50.80
13.46
20.85
50.61
4.32
49.75
84.95
25.69
61.08
83.64
28.95
11.35
96.68
72.04
27.13
88.76
98.97
68.52
43.73
72.92
5.67
45.13
15.19
98.75
75.03
87.67
20.18
3.10
75.90
1.92
48.53
86.34
38.00
34.17
72.22
29.89
40.01
83.80
63.43
65.80
20.62
98.41
62.79
51.57
16.15
91.26
21.46
90.94
1.11
22.17
69.23
15.41
33.35
96.83
98.33
11.93
3.36
76.71
99.99
65.05
61.83
71.31
26.57
96.28
57.18
64.87
31.24
39.52
3.37
23.32
4.69
1.43
18.87
70.31
9.89
36.47
58.82
96.69
28.03
5.37
85.67
13.85
56.98
10.05
17.37
64.28
79.80
16.51
59.87
57.00
29.44
65.17
78.38
73.36
65.36
41.55
11.30
50.91
77.66
88.23
77.84
10.64
91.36
55.87
29.51
66.45
95.45
61.67
47.49
74.18
26.58
91.67
34.33
31.31
53.29
48.92
29.51
58.76
46.09
45.70
26.91
74.21
47.14
7.86
100.49
43.67
29.30
27.85
26.84
22.46
13.64
13.05
6.54
15.27
3.05
99.90
88.16
100.35
5.48
23.39
92.34
92.13
66.17
84.62
90.69
91.76
99.21
69.38
84.23
18.76
97.59
97.16
82.63
65.07
14.15
8.88
1.21
83.43
52.08
36.04
81.48
28.39
2.15
7.01
92.26
27.70
16.30
13.45
98.56
87.31
14.45
1.57
18.56
29.17
20.48
55.84
94.19
48.08
79.60
37.11
55.70
3.72
3.99
88.42
11.74
68.06
52.30
56.95
13.26
48.73
92.01
83.82
4.10
8.63
66.94
36.13
8.22
65.60
21.61
96.29
43.37
33.62
91.56
49.08
94.06
74.18
4.77
13.72
35.46
10.26
1.76
29.15
60.79
72.59
87.27
29.17
67.13
12.69
44.23
24.48
56.72
88.93
93.65
25.66
74.77
32.53
81.85
5.44
14.96
12.26
61.78
40.32
28.73
2.75
22.17
2.48
18.77
26.29
20.58
69.53
84.03
7.03
33.77
67.83
76.08
22.26
100.33
93.55
8.24
85.60
94.99
56.81
66.70
52.90
26.21
63.56
24.78
43.54
81.53
37.58
5.05
5.84
38.15
29.64
67.37
21.47
41.73
98.96
7.65
67.18
4.78
16.01
32.94
41.18
4.49
59.13
93.15
42.89
3.73
20.22
45.71
64.49
25.77
38.35
10.34
10.48
55.84
91.67
81.25
3.82
33.72
94.22
13.77
77.77
59.78
12.79
12.48
46.05
1.84
31.74
18.38
71.80
25.14
38.03
26.43
34.24
92.90
37.39
63.30
96.47
71.93
39.97
13.70
1.09
63.21
71.11
80.50
3.36
62.62
40.97
5.54
21.92
11.65
10.02
19.11
59.02
94.26
2.83
79.20
23.75
76.48
22.33
12.95
14.64
74.05
67.99
4.58
37.16
66.44
65.23
8.19
65.96
21.03
31.11
25.24
93.59
84.04
40.75
46.71
49.54
51.27
62.25
27.17
35.85
21.61
47.93
75.73
73.82
61.52
60.31
50.79
31.29
28.15
20.57
23.77
91.14
40.87
2.77
69.39
91.95
70.29
61.31
53.82
16.89
91.74
8.78
33.86
69.56
81.13
88.97
21.20
38.85
40.44
70.79
54.53
74.64
47.70
26.92
64.01
28.98
67.71
54.90
89.42
64.13
97.08
4.63
98.29
68.57
56.56
48.37
35.65
42.37
55.11
17.21
24.29
41.98
66.39
24.89
10.36
19.99
97.44
85.75
3.59
26.74
1.08
74.03
47.23
13.74
90.15
49.61
96.36
41.54
98.99
3.82
8.45
91.76
84.31
8.65
88.25
62.85
21.37
13.67
7.77
6.25
87.70
63.59
20.30
82.58
24.25
78.88
10.66
37.58
36.74
74.07
36.18
6.56
62.72
71.57
16.07
85.70
43.92
36.25
72.54
38.77
27.77
33.38
44.76
2.44
24.01
67.44
43.49
17.12
32.49
88.99
75.27
64.79
29.56
48.68
96.03
7.26
13.88
34.67
80.28
89.13
35.90
8.24
20.99
98.88
34.87
27.50
23.05
86.45
47.82
46.12
7.34
30.51
95.72
72.78
14.10
41.53
72.73
27.16
18.19
12.39
28.73
12.18
17.27
11.69
58.39
59.76
26.90
67.13
97.76
76.02
77.53
87.85
37.24
43.22
92.00
17.54
40.97
98.04
26.01
13.67
63.04
11.47
2.94
92.21
96.84
4.98
55.77
90.07
58.56
51.58
36.89
39.96
18.16
57.86
8.72
48.60
29.62
1.70
14.12
78.92
90.70
95.81
94.98
93.34
60.85
89.97
8.97
31.25
1.42
31.60
61.66
11.43
66.95
48.20
76.52
54.19
39.05
15.82
32.55
86.21
4.28
43.48
11.53
73.67
33.50
75.88
20.44
34.35
31.82
46.12
18.56
69.59
49.09
34.44
21.04
66.95
15.28
32.41
36.00
74.33
5.91
68.75
73.30
97.89
86.97
72.88
60.33
12.36
71.88
72.58
13.81
59.15
93.51
6.31
86.01
25.28
21.39
69.85
57.45
46.44
86.66
9.89
88.48
20.97
70.94
96.79
78.32
61.09
14.53
93.50
79.88
8.31
85.71
14.51
44.67
9.94
83.68
30.40
18.61
89.85
97.16
62.39
92.43
67.54
98.33
16.48
2.34
89.10
97.76
18.55
92.96
36.47
21.26
65.89
59.46
8.18
51.20
79.90
29.97
29.91
50.36
13.80
7.08
60.31
96.74
66.10
93.78
13.90
50.76
21.63
30.64
75.37
30.65
19.87
57.12
61.06
85.52
61.74
79.15
25.05
30.84
92.96
6.73
30.13
23.54
15.33
9.83
5.87
81.79
45.30
17.98
1.66
3.02
17.55
26.81
67.68
81.17
85.18
34.46
94.80
14.99
48.08
46.09
95.57
85.08
61.11
30.86
91.14
65.74
58.16
60.86
20.26
47.43
73.14
2.03
71.82
3.83
15.39
22.23
9.64
96.23
46.65
90.90
50.98
58.18
40.35
7.95
50.35
61.15
80.97
31.77
56.41
36.31
22.65
46.66
31.97
14.76
49.72
4.75
27.95
27.38
22.48
96.17
55.13
54.33
86.71
5.68
80.01
16.28
51.60
5.06
69.96
69.65
29.80
65.46
71.22
51.60
7.72
6.73
66.16
72.76
71.78
29.61
59.61
52.39
75.81
73.69
4.00
70.98
41.44
76.48
98.76
8.93
27.41
48.85
37.25
44.59
25.74
23.34
74.94
37.46
10.12
43.35
19.88
29.48
5.08
64.94
85.18
35.21
11.91
94.45
83.18
21.37
95.76
95.43
28.63
34.04
4.76
66.63
85.98
74.28
28.85
67.25
38.86
92.70
73.99
25.38
67.51
35.89
46.79
39.58
40.23
60.07
60.80
92.56
58.04
17.08
30.32
80.78
6.72
38.68
62.74
85.09
24.37
53.92
83.25
47.87
89.47
85.17
24.30
69.24
73.21
14.52
24.33
21.78
68.32
11.09
91.58
64.24
73.98
87.49
53.93
79.44
44.25
99.25
74.10
95.47
37.94
70.78
72.47
66.34
51.41
24.82
9.11
24.66
5.98
97.40
29.04
29.09
14.54
70.50
60.58
95.67
32.78
78.49
4.78
63.66
25.95
29.63
65.54
46.62
50.35
27.97
60.38
29.88
18.79
86.28
48.84
54.57
6.41
70.49
90.67
15.45
8.96
61.85
72.84
46.52
99.13
37.30
47.77
60.13
5.68
77.15
40.43
92.10
80.48
94.60
66.91
67.71
96.95
46.94
54.19
41.10
100.53
10.52
99.17
46.01
69.67
2.50
95.16
15.06
9.75
65.41
63.87
100.84
87.74
51.15
4.11
54.43
57.49
83.80
63.20
13.22
100.40
36.09
18.94
47.39
31.56
32.84
44.24
4.55
12.91
39.45
54.89
3.58
11.01
2.27
95.50
89.53
4.49
90.09
13.16
81.81
87.57
57.06
63.18
1.79
70.26
27.19
36.74
84.15
28.03
88.65
74.29
84.14
93.35
100.67
7.24
10.11
39.25
87.85
90.12
79.07
34.88
99.69
10.28
49.67
78.51
39.60
39.06
17.94
77.26
68.97
97.30
74.76
62.02
5.53
96.54
65.74
85.38
2.22
5.23
14.15
84.90
28.26
89.12
19.83
97.88
85.06
44.77
71.54
22.33
23.56
22.41
36.62
14.93
42.64
19.00
93.05
9.98
83.58
39.35
39.97
60.70
75.20
59.68
28.85
37.83
23.21
91.70
19.01
63.74
4.63
100.05
54.92
95.55
20.61
63.30
18.45
1.44
8.84
99.29
10.31
26.80
73.16
51.10
84.50
51.55
44.05
35.70
51.71
50.31
36.82
15.02
43.22
1.60
39.60
23.73
38.73
85.31
64.11
13.22
11.43
27.03
57.54
84.64
15.02
26.94
25.32
89.21
1.70
10.19
80.12
66.89
37.08
91.96
11.45
78.35
42.77
72.65
12.80
43.32
86.39
26.93
71.26
59.91
66.48
48.53
9.12
58.17
14.08
29.67
51.50
28.54
99.41
54.05
27.92
33.79
79.65
66.98
26.63
51.42
25.49
87.40
57.03
99.63
32.87
56.58
82.51
43.12
21.13
24.88
90.90
53.15
45.15
49.85
100.41
4.67
44.40
96.44
36.17
43.08
51.94
61.70
77.94
3.51
35.20
86.95
5.12
22.96
4.41
30.79
50.37
54.34
86.21
4.35
3.19
50.24
66.09
80.44
55.07
59.58
69.72
28.96
98.10
4.80
35.76
22.34
90.11
44.40
90.51
31.34
78.58
86.86
92.06
99.41
60.63
89.87
22.21
69.66
39.30
83.58
59.93
26.79
19.34
39.15
59.15
72.50
98.35
55.13
64.82
78.18
39.44
50.99
45.26
24.32
14.96
38.49
36.38
2.57
92.45
94.08
97.19
68.67
99.63
98.55
6.21
54.08
3.02
65.47
15.11
20.17
69.10
20.06
48.86
35.19
42.58
94.59
26.15
83.58
16.99
51.33
99.86
47.00
87.54
60.48
28.01
79.84
99.81
33.52
57.16
31.26
11.82
60.81
25.01
97.94
23.40
43.19
81.20
91.86
5.50
83.35
47.41
47.53
27.89
20.46
44.24
12.58
36.81
90.80
9.53
41.86
5.11
4.19
1.68
77.37
3.62
95.65
21.71
55.45
99.44
14.44
23.32
87.04
11.18
16.21
68.76
99.71
51.74
14.14
18.85
16.84
20.79
5.68
48.46
45.58
65.18
1.19
23.43
15.01
5.00
73.16
38.16
87.24
3.44
7.41
15.82
14.65
50.47
28.59
9.02
85.15
10.73
34.12
2.76
86.47
88.86
24.02
19.10
56.31
47.28
5.41
8.36
43.33
60.18
97.48
98.83
16.15
8.26
62.33
61.87
8.83
19.39
51.50
47.50
16.76
13.50
38.34
75.14
59.09
70.89
78.88
23.76
4.70
19.05
29.14
67.73
28.69
46.37
84.82
90.17
24.14
5.78
50.02
53.99
68.22
87.26
77.57
85.64
73.56
17.51
21.56
39.32
53.62
76.84
27.81
85.77
18.51
97.59
74.98
27.57
59.57
21.61
2.94
50.98
96.24
59.82
64.37
88.55
95.35
65.23
74.36
2.70
50.63
73.09
98.62
19.64
26.30
79.55
12.25
64.17
40.15
14.15
7.93
5.93
8.50
88.17
13.23
63.14
10.00
68.13
23.65
8.38
36.80
28.62
77.00
71.55
33.00
84.67
5.33
39.86
6.08
40.88
77.52
28.61
40.35
11.20
85.54
11.96
62.62
11.54
87.70
23.94
23.01
69.46
6.46
71.55
53.56
33.45
94.07
85.60
44.45
53.67
18.99
12.55
4.79
14.88
14.09
72.93
45.28
39.89
1.22
66.69
18.38
21.09
99.02
80.30
61.22
4.51
73.40
69.59
4.78
82.34
99.19
94.94
20.33
43.18
2.85
61.06
68.40
45.09
21.13
10.37
87.51
5.18
79.32
5.42
32.41
100.32
19.43
66.06
82.12
43.34
46.52
1.46
72.33
12.17
8.06
32.08
38.27
53.59
80.86
73.89
90.61
49.63
34.15
13.74
76.64
45.17
83.40
59.02
98.21
69.40
9.69
45.84
68.24
89.77
95.92
84.37
54.15
63.41
18.05
85.43
11.30
7.57
2.43
8.55
62.90
100.45
93.68
81.80
59.90
36.75
27.18
21.26
95.88
23.42
55.24
23.46
93.65
73.75
18.13
20.38
26.12
94.30
39.51
51.60
89.76
96.96
16.07
61.78
87.04
17.99
27.15
44.40
2.31
5.95
47.75
95.09
78.33
30.80
81.72
50.83
16.28
37.75
15.34
95.45
78.90
82.98
6.53
80.02
8.70
32.66
5.35
76.76
90.12
4.67
37.87
10.78
29.27
32.43
15.37
92.77
58.37
81.11
73.04
7.53
98.77
100.30
44.96
10.92
89.41
55.78
17.86
84.03
99.33
1.16
93.57
12.23
35.92
76.87
51.94
1.26
88.59
31.12
71.70
13.18
66.14
37.72
68.86
85.38
10.36
51.95
53.10
64.48
77.98
5.15
29.58
90.57
63.00
47.20
84.87
10.19
77.18
86.51
12.26
32.84
64.32
21.61
21.47
30.08
45.73
67.57
47.55
100.85
46.53
83.76
72.13
63.65
40.34
61.52
88.70
60.91
30.71
72.07
61.51
6.74
93.62
73.42
62.76
77.46
59.08
74.73
14.26
17.48
77.58
58.76
67.25
44.56
23.66
37.58
86.95
77.88
25.06
69.89
41.60
16.00
42.12
93.71
89.94
32.57
81.43
24.16
45.80
1.79
34.41
14.79
28.82
9.06
63.30
21.49
75.39
14.02
97.48
77.99
52.91
17.01
47.46
49.88
77.29
45.33
80.78
9.96
78.59
33.47
73.18
12.54
46.81
18.16
36.71
14.16
36.72
67.05
23.73
87.62
53.05
95.92
11.94
35.24
99.29
48.33
82.93
26.58
17.77
86.58
79.72
23.64
31.92
8.07
43.25
61.87
1.36
12.52
40.89
5.05
40.94
100.45
71.94
48.89
68.06
19.22
10.39
59.11
35.43
90.87
1.10
10.88
43.15
27.07
83.21
21.65
90.10
99.51
75.64
90.52
21.67
43.38
92.13
45.36
83.07
49.62
86.93
10.66
18.24
47.01
27.90
33.04
46.88
14.41
96.46
73.88
2.40
37.69
17.31
48.00
26.63
25.85
23.67
22.18
13.32
40.92
31.51
40.02
29.83
86.52
30.14
1.39
21.73
73.13
84.39
48.33
38.74
71.01
10.74
9.12
15.87
73.20
67.50
98.78
25.30
98.32
76.73
24.10
11.33
43.24
30.36
33.40
62.24
25.84
45.79
46.70
25.22
51.31
41.87
17.16
19.98
31.35
73.08
71.92
61.72
43.45
80.25
87.85
15.03
5.94
29.49
39.41
85.03
49.73
31.77
95.65
5.70
17.86
25.32
33.04
20.86
29.06
51.86
73.30
94.83
15.08
42.72
95.90
88.07
23.27
73.42
12.98
45.77
43.37
58.29
84.10
5.22
28.48
5.24
96.96
28.65
86.15
95.90
52.98
97.98
75.71
39.18
22.44
45.93
26.07
20.38
58.88
32.20
39.56
2.84
86.51
32.94
49.81
16.94
61.21
92.49
73.06
31.67
65.16
93.03
19.31
32.90
89.21
80.33
70.55
3.59
24.84
79.99
47.73
72.92
25.90
46.79
84.52
54.62
11.07
87.51
35.66
22.64
46.01
55.65
98.02
50.74
69.57
13.46
73.62
91.90
20.32
4.34
95.78
96.23
44.51
75.92
87.87
98.91
80.14
7.27
90.86
93.63
43.11
42.43
69.48
78.40
92.81
15.69
77.66
44.72
71.23
72.61
74.41
3.05
63.47
93.71
23.56
64.78
79.86
1.60
100.53
62.87
3.22
53.93
82.40
65.42
82.61
92.28
75.85
68.55
74.40
70.78
61.81
40.07
67.20
73.00
17.56
23.45
40.68
81.10
90.90
22.53
73.39
99.37
12.78
42.82
21.91
13.33
86.50
60.53
24.82
18.54
76.52
18.43
26.15
36.06
2.76
11.63
88.85
12.91
42.07
19.67
31.11
75.40
79.31
9.40
7.28
1.70
73.17
46.40
25.73
56.21
55.83
19.80
48.83
38.93
25.58
33.39
56.59
28.98
63.71
72.34
28.03
58.46
90.32
57.35
30.00
10.01
77.89
9.02
5.68
64.61
88.03
57.30
78.68
90.19
18.18
86.82
17.34
97.57
77.18
51.17
73.51
1.74
27.59
70.06
51.24
73.75
85.69
4.11
89.06
19.64
100.24
63.94
90.87
26.86
62.64
88.69
24.91
10.26
52.37
50.49
36.40
57.86
74.94
52.09
14.78
48.66
4.40
3.92
18.42
19.57
13.20
51.91
51.11
87.53
40.16
53.23
50.45
59.29
97.98
11.54
20.81
1.06
75.37
62.48
92.46
2.24
56.94
48.69
62.67
25.05
49.62
2.98
6.68
48.42
51.37
84.92
34.05
31.85
32.14
66.39
30.76
93.39
24.51
17.66
22.63
58.62
6.43
23.30
66.38
62.34
54.71
33.22
11.94
8.84
8.86
79.86
28.06
46.75
79.36
22.23
91.97
45.50
16.61
52.17
13.72
75.73
8.57
19.22
72.74
57.60
85.15
9.34
69.33
17.65
69.43
10.75
21.42
96.86
35.12
80.68
7.44
94.97
18.50
73.84
47.16
43.06
82.39
63.68
43.05
23.18
12.72
66.01
58.51
99.53
51.50
13.19
21.77
35.23
25.21
28.67
64.03
8.23
32.33
3.58
9.88
19.32
93.63
93.02
50.12
48.55
86.15
72.16
32.10
80.64
56.32
48.39
35.84
51.32
18.11
90.99
15.90
78.03
65.56
57.74
21.88
51.87
75.97
19.87
11.22
23.01
11.91
24.88
10.43
13.58
4.46
49.34
61.29
9.04
30.17
47.26
80.66
52.18
70.64
18.62
87.32
88.06
5.53
37.41
73.57
18.02
44.75
85.23
85.90
3.05
23.08
2.28
66.32
14.74
18.25
80.14
40.24
91.13
77.41
2.01
28.31
12.61
55.88
20.95
65.57
42.74
54.79
11.16
54.23
93.75
78.58
15.04
97.82
24.99
63.16
4.02
52.91
64.36
69.92
43.91
70.08
73.68
96.26
70.12
90.00
92.55
74.75
20.64
55.45
92.33
34.73
92.13
14.09
64.12
64.41
11.45
14.79
15.36
2.94
32.63
9.00
40.71
23.50
75.08
21.45
72.15
13.63
66.23
91.06
59.06
41.67
83.28
18.60
49.04
72.68
14.29
15.71
26.51
76.11
69.76
53.59
7.63
39.64
82.21
78.08
74.43
59.09
15.63
17.19
94.84
69.74
42.16
97.03
35.68
14.76
14.18
49.16
10.90
84.04
63.00
63.79
90.68
70.03
21.33
14.74
33.53
10.36
70.39
35.53
49.96
21.13
29.99
92.18
57.13
90.61
24.80
44.52
3.62
20.18
47.01
58.78
49.73
48.39
63.51
22.74
58.12
23.64
66.51
5.04
61.64
61.20
32.80
54.53
1.55
5.47
22.47
19.55
42.91
26.96
39.64
55.47
43.80
15.17
22.52
6.48
50.81
62.78
27.35
17.66
14.66
51.42
65.52
3.31
87.62
36.40
47.63
76.76
79.62
89.58
95.67
63.24
90.05
46.95
7.40
5.28
92.21
60.38
69.82
10.22
65.90
82.89
33.46
33.84
70.34
59.43
14.96
20.27
10.05
29.33
18.26
87.97
7.29
90.83
60.52
58.38
61.41
74.02
83.41
2.06
63.93
75.53
28.61
41.76
17.82
2.81
73.43
10.37
61.63
15.33
48.25
14.04
47.23
70.54
90.49
70.56
67.09
33.98
4.34
7.38
12.20
50.83
70.08
98.25
18.09
16.87
40.08
98.64
7.65
88.85
69.96
55.51
39.31
78.70
94.06
53.32
22.61
60.70
27.78
5.71
67.02
2.08
44.40
91.39
15.28
25.05
70.34
79.48
80.71
70.11
6.43
30.14
7.58
19.84
4.01
49.87
58.80
14.59
31.01
42.56
35.86
68.17
16.65
18.63
53.83
36.77
22.49
26.81
10.43
56.85
32.92
68.82
19.33
3.59
8.28
8.13
16.06
68.88
32.13
26.75
33.03
50.30
55.71
28.62
2.51
27.00
68.47
51.86
78.00
64.86
89.55
86.38
94.60
97.34
43.07
59.19
92.37
21.66
63.11
41.18
87.93
25.59
6.22
74.19
49.35
81.70
91.65
63.22
62.30
11.88
28.25
20.13
27.33
52.87
16.09
76.02
86.99
11.91
77.43
71.82
16.40
82.82
18.33
31.78
22.35
10.68
79.07
97.26
59.65
28.81
11.51
91.55
17.73
77.88
47.60
93.25
35.42
21.76
20.34
44.08
11.98
6.61
21.34
36.66
42.09
35.02
70.22
78.66
23.98
95.28
27.48
29.68
79.19
51.73
11.03
41.25
51.99
95.94
64.72
94.52
52.55
4.86
65.06
67.77
18.49
22.76
77.93
39.04
92.65
32.66
94.28
32.89
6.80
9.95
73.58
22.67
64.91
60.50
47.13
48.31
4.76
46.80
97.72
31.59
63.75
33.76
18.46
55.02
34.00
17.53
50.35
9.61
32.43
64.60
12.16
3.51
9.47
56.63
17.61
93.89
72.95
29.84
32.11
55.65
89.07
76.86
23.42
21.43
30.91
5.88
5.31
29.84
4.29
78.87
5.19
63.71
87.27
42.27
54.78
74.14
74.86
10.25
68.84
15.10
25.13
12.44
98.32
54.85
93.65
7.88
24.98
37.07
75.78
24.58
98.86
88.42
29.42
66.61
53.53
90.15
12.01
37.32
94.27
1.26
25.85
46.61
4.86
98.45
3.75
14.14
18.94
77.39
64.73
68.58
18.66
8.18
4.01
65.58
32.42
94.04
19.26
75.32
23.93
89.46
92.73
7.04
89.01
40.42
82.19
8.89
95.17
10.65
99.97
89.14
37.62
18.31
73.36
37.14
34.24
77.47
87.03
37.45
17.91
4.39
94.41
74.36
25.50
55.34
51.55
3.14
25.11
15.70
73.58
89.75
65.61
68.90
24.52
63.21
88.09
81.64
2.33
20.74
79.14
34.08
23.36
19.18
5.36
97.58
79.07
80.29
85.75
94.79
75.43
79.15
15.77
27.86
55.35
24.46
35.99
64.64
70.08
17.03
61.11
30.66
16.85
24.69
66.72
62.52
74.75
85.66
83.38
4.49
73.12
51.20
29.53
53.13
58.24
19.51
96.92
61.04
58.88
37.92
72.72
58.33
99.43
2.05
50.67
25.95
50.33
30.81
96.30
41.14
54.06
16.47
71.54
27.45
9.94
13.34
26.54
99.03
28.47
90.48
80.87
72.88
33.84
19.71
25.30
57.50
45.18
50.39
2.78
91.51
29.37
69.93
8.06
17.60
81.67
3.19
51.81
26.90
55.13
92.69
18.18
31.48
90.14
68.08
33.90
72.41
80.47
59.29
82.28
4.12
62.86
17.24
88.33
45.45
24.41
5.38
83.32
6.14
61.55
50.92
59.83
21.86
63.08
68.25
97.90
74.44
81.59
92.41
22.48
2.79
73.81
96.74
95.96
6.92
29.45
55.79
27.50
48.01
18.28
70.48
26.02
28.09
2.65
84.45
59.91
41.64
68.43
2.38
3.04
27.29
4.53
11.43
6.71
73.45
5.55
84.47
3.31
44.61
6.16
41.47
67.72
75.79
21.83
89.28
89.56
52.68
87.57
4.00
94.96
86.82
79.91
97.53
15.43
52.16
9.36
61.78
23.86
41.70
90.14
19.91
21.81
18.48
91.18
45.75
56.13
45.40
41.32
68.29
23.23
13.16
26.80
17.96
38.96
1.16
59.89
87.02
13.77
78.60
99.96
15.98
36.04
54.50
22.57
6.13
90.75
65.21
64.36
42.42
99.46
75.94
42.10
99.17
87.24
46.50
47.65
46.62
39.54
97.64
27.93
73.69
39.18
89.76
79.44
68.37
6.37
95.01
4.73
66.38
21.31
8.42
94.21
46.23
96.92
77.55
76.42
93.95
2.48
97.70
85.79
98.46
35.42
90.85
5.19
24.08
29.48
19.75
75.29
30.26
34.78
40.17
95.85
25.08
98.29
98.01
19.85
62.70
14.18
95.79
84.42
91.10
19.79
90.56
34.71
72.73
42.45
60.21
82.98
56.77
39.00
66.37
83.99
70.14
26.86
27.61
71.66
65.91
88.94
26.63
56.92
64.12
49.12
26.81
42.28
78.86
2.56
58.48
40.57
94.47
8.40
58.16
44.64
12.31
10.09
15.01
5.72
80.05
11.62
39.83
84.42
66.97
43.59
95.62
89.10
31.94
15.31
98.96
51.33
11.00
71.62
58.75
22.85
94.52
8.56
6.14
9.70
6.47
64.22
61.00
54.02
36.08
81.42
42.19
42.43
51.52
20.29
68.74
11.31
20.91
17.44
14.57
51.20
22.73
25.14
68.39
23.46
9.54
16.37
12.34
93.10
5.33
10.71
43.06
95.56
35.94
30.15
15.19
96.59
22.07
33.44
92.37
37.07
11.12
16.69
13.41
35.47
62.27
71.73
80.30
9.32
54.59
19.38
32.67
9.82
71.14
19.72
92.30
18.50
69.09
64.35
63.65
91.11
37.63
77.33
92.77
62.01
9.42
43.41
24.13
2.07
99.49
42.93
53.32
86.43
66.73
54.77
42.77
65.12
57.74
13.00
75.21
15.83
63.88
50.94
3.18
42.74
12.79
12.06
44.23
53.17
38.68
23.02
26.59
50.90
56.30
8.22
18.03
73.64
14.87
85.85
80.86
64.30
72.26
91.02
69.20
35.64
28.89
27.25
62.03
18.02
49.22
85.92
20.59
100.68
55.12
64.36
95.93
77.74
24.87
58.72
70.32
70.93
42.23
47.18
91.00
50.93
24.77
94.95
42.92
1.73
20.39
52.12
66.45
39.04
44.30
3.22
6.97
38.05
47.13
67.50
8.39
92.17
79.99
59.53
8.21
81.23
41.17
13.65
3.16
53.93
27.29
81.85
86.03
35.05
54.86
93.38
13.74
53.38
66.18
11.71
71.52
9.72
100.60
27.89
22.71
65.73
79.21
70.66
30.55
11.50
22.16
27.59
24.50
86.21
8.37
40.81
16.06
11.64
3.08
26.89
60.95
38.74
55.03
13.86
48.39
45.61
2.89
64.58
50.91
21.04
1.71
98.24
66.48
70.17
25.98
55.97
69.26
12.13
27.95
67.02
45.47
65.99
5.92
33.69
58.43
54.79
52.36
74.61
2.15
21.28
83.81
23.19
27.79
27.95
2.71
25.06
66.77
94.85
36.15
37.83
25.62
72.71
1.53
4.54
70.43
30.85
45.91
14.84
58.81
2.01
56.51
76.21
81.88
3.68
46.15
13.71
74.42
80.85
100.35
16.07
10.70
93.25
11.43
51.12
22.95
17.95
7.70
40.66
9.08
67.17
11.06
8.89
77.16
55.51
61.56
35.50
12.26
3.98
60.94
12.41
77.20
32.07
45.95
47.76
56.19
91.21
52.55
58.94
59.12
48.00
72.75
47.51
82.94
85.88
31.32
77.95
71.16
61.14
11.67
96.10
23.24
39.13
79.84
47.59
22.56
17.20
9.71
61.60
17.79
10.93
22.82
58.36
15.72
38.09
9.29
30.70
9.43
15.06
75.26
45.45
32.28
23.53
32.68
72.21
57.00
21.98
1.62
45.05
85.61
65.92
9.76
92.41
71.09
51.77
18.26
25.54
11.98
89.22
16.64
35.87
9.84
48.27
6.84
98.07
98.76
1.09
2.29
22.72
7.28
70.83
43.32
12.70
2.14
75.34
75.26
20.64
12.66
44.17
14.74
40.18
1.90
41.33
18.35
13.19
83.76
93.66
36.31
33.05
56.38
3.65
57.29
21.60
52.81
77.02
11.80
61.67
83.84
30.45
23.45
65.65
73.98
29.33
64.67
74.18
54.71
99.69
93.69
16.56
26.63
76.55
86.60
25.17
44.11
80.09
79.61
96.94
17.00
7.10
12.17
34.53
44.49
76.25
4.71
64.62
8.04
95.04
98.42
70.39
33.93
46.87
47.88
77.66
86.10
98.14
70.73
45.19
81.42
76.49
57.80
55.58
17.23
46.06
1.27
8.26
41.77
20.20
67.70
75.39
12.81
92.66
75.18
13.10
70.46
95.74
63.94
4.06
78.51
47.68
12.53
91.80
17.42
44.05
76.45
76.42
61.79
77.04
88.80
87.41
6.83
86.30
35.53
9.62
72.06
88.80
32.45
99.46
57.51
66.39
71.82
35.21
37.84
49.31
88.95
8.99
89.26
6.84
82.74
6.23
64.13
17.09
61.91
22.97
91.19
71.66
14.37
17.55
16.17
57.93
8.06
53.55
88.63
10.31
54.46
22.43
3.37
33.00
21.96
99.81
4.06
13.28
96.20
28.61
55.68
34.23
29.88
98.12
61.28
10.28
96.22
75.38
34.11
5.29
77.82
51.96
6.84
7.70
9.56
66.86
78.29
97.23
30.52
53.46
89.93
41.10
1.88
31.06
37.32
54.42
7.49
84.42
37.96
94.56
4.78
35.06
43.85
58.40
36.29
13.54
80.04
35.08
99.19
25.99
26.92
51.07
87.39
68.61
15.18
58.49
69.62
100.45
29.50
43.48
20.09
15.70
34.65
44.18
35.46
55.10
24.69
10.26
60.96
57.86
65.87
16.88
4.18
99.58
4.52
80.29
42.34
7.01
44.50
83.25
1.50
10.45
22.64
40.75
51.98
9.17
6.37
86.35
44.87
32.32
65.08
37.42
36.55
87.54
52.15
41.07
44.90
96.72
2.54
5.23
5.49
15.73
72.19
70.54
33.05
77.45
81.44
22.85
5.70
76.68
86.75
95.84
55.69
8.37
98.32
97.45
1.10
28.60
14.39
54.24
72.98
31.34
49.60
11.92
63.16
45.70
21.88
9.29
62.58
23.67
15.58
63.91
4.67
100.01
85.14
18.84
28.11
6.52
59.97
1.22
90.62
22.48
71.98
59.16
46.32
64.94
55.62
64.13
70.85
38.97
78.70
8.80
79.00
32.00
99.93
92.01
89.77
85.63
67.11
71.64
8.27
30.92
11.74
19.98
11.71
82.17
27.70
64.08
75.03
34.87
77.80
22.67
84.86
35.37
43.15
43.20
100.69
90.97
54.81
20.55
65.45
88.05
88.81
97.31
47.65
23.66
63.83
11.87
74.38
76.85
61.21
17.64
33.73
34.39
74.28
99.26
92.62
24.67
11.31
98.52
12.95
76.17
58.83
86.64
72.02
63.42
31.70
46.30
5.74
69.09
36.10
38.63
51.07
8.40
50.40
67.69
6.37
33.59
24.42
80.85
9.23
35.27
82.97
82.10
88.80
77.19
17.39
75.12
47.62
91.76
8.19
81.11
85.29
71.31
79.33
29.37
69.94
18.07
19.16
67.41
35.80
30.59
53.67
65.49
6.67
68.24
46.92
79.22
97.64
26.99
68.03
45.11
10.08
50.90
71.99
55.80
83.00
40.37
62.88
30.04
28.15
94.07
13.00
16.09
50.54
26.76
1.75
6.94
64.61
12.53
75.53
89.16
63.27
33.94
58.63
2.01
100.80
92.96
67.24
64.15
95.93
96.27
16.33
70.65
60.84
60.14
73.31
57.87
57.84
87.52
91.17
94.02
53.83
88.65
8.85
91.38
54.54
3.89
40.91
67.59
48.61
61.76
48.55
94.85
9.51
47.87
16.02
96.60
14.84
26.62
33.37
38.38
46.13
27.11
21.89
87.95
79.68
73.45
65.10
35.76
80.61
20.17
7.29
61.55
78.48
34.29
84.31
23.22
85.85
85.02
53.20
24.04
38.00
44.07
19.12
23.75
21.64
6.70
43.21
89.80
64.37
87.39
28.09
18.49
25.12
87.74
17.26
64.29
8.28
20.06
58.63
20.57
67.55
22.39
85.56
63.89
24.11
80.84
61.05
28.49
65.02
24.30
36.63
53.49
72.39
94.91
73.55
15.78
51.09
71.94
99.15
14.35
88.52
39.82
11.98
21.66
24.82
28.97
48.92
42.16
39.52
58.59
42.94
44.08
60.66
43.87
41.91
79.86
46.97
7.57
38.51
80.07
55.34
69.17
13.82
8.34
70.25
13.07
58.97
66.86
19.72
98.40
12.08
39.75
77.61
94.88
51.03
4.15
52.19
67.19
60.31
73.14
89.80
66.41
67.88
10.99
33.94
89.17
16.89
52.72
71.43
84.81
32.29
6.84
7.45
77.32
21.35
22.44
1.28
54.48
27.92
28.92
53.67
95.75
24.17
55.38
17.80
37.60
72.05
39.78
29.23
46.01
8.80
28.68
54.39
39.59
88.72
92.76
48.74
73.08
92.66
17.93
100.80
12.32
52.72
66.00
31.67
33.63
92.74
21.77
58.66
66.10
66.10
54.50
4.87
11.60
85.25
15.06
29.48
27.11
34.95
13.77
9.93
74.63
4.06
100.07
52.10
3.66
93.86
78.42
9.16
76.00
20.67
47.72
89.54
8.57
53.95
15.39
36.40
71.61
86.13
7.54
86.80
96.64
9.27
52.17
1.87
48.42
76.04
92.49
28.91
68.92
5.09
11.95
18.70
100.16
25.05
60.01
25.25
30.53
49.46
13.01
78.94
5.55
93.95
61.84
43.35
38.45
12.54
41.18
6.68
96.63
45.94
90.08
81.30
85.86
9.34
58.81
15.97
29.66
57.27
25.82
55.83
14.96
25.60
76.16
11.94
96.92
9.30
56.44
50.40
38.53
37.85
52.92
9.21
7.22
57.86
16.87
19.09
68.59
21.22
40.87
70.26
79.65
41.21
71.86
88.96
2.97
23.67
11.95
61.15
50.60
75.89
17.69
84.25
91.23
28.07
76.56
88.77
32.53
2.00
74.06
44.59
64.69
63.74
27.53
21.49
19.84
71.68
16.88
69.49
84.36
95.10
57.27
97.63
57.22
10.24
47.51
7.78
91.25
59.70
60.45
55.74
27.47
3.50
62.90
28.65
97.80
21.86
83.95
7.98
1.76
89.95
45.13
59.09
75.50
20.34
39.15
13.93
54.03
91.66
47.39
53.82
72.87
37.79
16.87
63.59
65.42
5.29
76.17
31.59
57.33
13.36
98.49
16.14
31.40
53.30
48.41
10.06
81.15
77.13
52.81
71.11
92.72
46.20
83.32
13.36
56.16
78.60
84.50
10.46
13.71
87.95
96.80
54.90
12.29
58.31
2.13
41.02
33.62
58.59
64.47
16.16
64.98
13.68
31.57
35.39
71.42
63.14
81.02
73.06
6.50
41.81
65.94
39.34
20.67
96.10
5.19
61.06
65.94
70.28
22.55
39.33
13.05
83.04
34.95
6.71
37.90
98.84
40.83
34.80
73.74
60.95
28.16
30.05
96.68
67.46
38.19
32.28
11.46
57.09
4.33
68.75
68.46
24.61
79.10
61.24
94.17
34.29
81.05
24.04
10.53
4.90
78.96
71.48
48.77
13.32
79.20
66.78
76.01
6.97
99.76
64.84
7.93
55.48
2.86
76.06
81.30
86.94
52.82
29.95
53.35
39.24
26.42
16.42
52.74
12.02
59.41
55.77
76.67
24.69
11.80
3.01
69.68
52.79
24.70
37.55
27.82
39.83
11.39
99.19
99.34
35.75
18.67
38.43
40.92
26.90
44.00
80.51
21.80
100.53
93.61
94.22
64.54
72.22
30.57
14.23
2.12
78.98
74.64
18.53
14.17
45.15
24.39
49.91
97.24
17.38
42.09
10.92
95.08
65.21
5.52
36.18
10.07
99.01
65.66
77.89
15.34
1.54
88.46
20.91
67.55
31.35
24.02
50.62
67.34
70.99
81.50
11.54
95.08
50.55
20.85
70.87
45.94
25.82
4.02
67.84
38.08
24.52
86.42
24.61
50.33
6.03
27.76
16.55
73.69
16.03
92.48
92.90
11.76
58.02
76.00
98.32
69.67
46.34
18.84
67.39
66.64
92.11
63.78
8.90
39.55
12.57
50.13
38.48
66.14
10.79
34.29
83.46
66.53
71.55
41.27
26.72
58.91
86.52
81.05
2.61
12.87
11.54
23.85
80.50
93.30
88.93
55.50
64.96
97.99
34.88
25.83
100.13
5.24
61.43
9.47
2.72
17.53
56.31
15.21
89.76
51.51
41.09
57.05
2.27
3.30
78.25
1.62
52.67
68.74
61.80
88.21
7.89
41.27
71.04
68.17
25.08
77.95
28.40
68.01
51.96
96.44
74.80
76.43
64.11
91.53
1.74
32.11
51.33
29.73
6.16
52.47
80.47
72.02
27.04
67.88
53.31
15.53
97.50
7.69
52.94
37.99
67.00
64.18
97.11
74.33
57.84
62.16
53.78
49.31
35.25
74.39
41.63
27.65
49.39
30.40
89.66
61.12
49.76
20.40
25.82
78.64
19.67
98.97
26.05
52.58
75.92
37.59
16.84
16.71
15.28
83.42
37.71
35.05
23.47
16.10
58.51
46.22
95.99
43.18
81.06
28.91
65.23
100.01
84.47
11.39
47.35
20.46
22.14
87.52
94.54
44.52
59.26
57.77
87.45
20.06
84.65
100.61
8.94
46.10
24.28
94.46
50.73
81.03
87.53
66.25
4.89
15.55
59.21
20.54
87.35
4.59
53.41
20.83
60.34
7.04
92.86
30.78
62.87
18.38
94.27
54.50
39.03
5.17
25.16
17.77
22.56
9.41
29.49
89.15
44.25
93.18
30.61
10.46
56.08
81.10
87.27
92.79
98.87
70.95
89.84
96.56
94.55
95.76
87.71
56.34
14.91
60.50
19.69
70.69
78.56
41.18
26.13
56.05
55.47
29.17
3.59
44.95
9.56
44.40
65.75
73.81
24.65
98.41
69.65
72.78
33.66
92.50
64.54
13.78
62.28
93.57
19.93
86.04
85.67
66.67
60.51
15.37
37.17
79.21
24.40
62.40
54.84
89.59
52.83
24.10
40.74
18.51
53.52
10.44
55.39
75.34
13.68
20.43
79.19
90.53
26.45
63.59
1.94
80.11
61.98
66.27
76.64
76.12
14.85
8.76
61.92
23.33
63.42
5.03
60.00
57.15
89.95
11.28
29.86
37.30
96.87
17.77
33.33
95.03
29.75
48.72
100.15
63.91
63.92
5.08
33.86
45.77
9.56
56.09
29.48
9.45
9.59
14.49
65.08
3.50
18.81
96.94
2.25
100.07
75.41
70.37
30.21
25.14
78.18
69.09
85.62
97.01
40.39
17.13
13.32
34.33
10.60
23.70
17.03
17.07
11.42
41.77
66.98
4.84
6.44
8.27
45.65
29.72
69.36
43.65
92.30
35.78
27.28
18.50
1.78
31.83
62.78
11.31
19.23
6.13
74.44
33.98
71.17
26.74
35.96
29.47
57.73
14.89
8.63
18.03
12.36
25.46
66.20
99.37
87.76
72.96
72.67
86.13
12.91
90.76
1.39
66.15
20.01
14.48
86.89
15.45
78.04
37.27
6.89
21.04
12.42
15.23
87.62
5.88
7.06
40.47
95.82
72.30
12.90
79.67
76.87
88.42
25.56
8.04
53.28
84.69
13.07
75.16
98.10
68.16
43.85
43.05
97.74
32.30
6.82
100.96
67.79
86.90
37.02
63.34
4.16
47.65
47.46
59.74
5.48
3.43
8.57
8.22
91.88
28.75
49.78
8.43
2.61
38.00
73.86
12.09
40.43
14.76
18.35
73.28
68.41
68.52
67.16
48.43
65.54
2.66
80.67
48.74
91.35
95.35
34.80
57.63
10.65
77.13
75.96
39.09
94.66
47.02
34.83
28.29
66.47
64.49
25.57
73.09
96.65
43.96
7.55
40.89
99.73
16.87
59.04
76.67
48.16
3.12
89.34
69.38
26.94
20.36
83.39
3.51
30.13
77.33
43.63
51.44
42.14
50.37
18.80
89.52
89.96
48.09
39.66
99.66
93.92
27.77
94.44
93.09
93.31
2.23
37.77
98.37
45.97
56.22
76.83
3.83
53.11
17.33
94.62
41.35
36.12
66.44
81.46
75.41
7.89
43.50
13.50
49.00
40.13
73.84
93.80
67.11
5.05
47.53
93.09
4.96
91.25
4.74
35.18
96.99
78.11
65.84
81.07
44.43
9.01
25.20
10.35
48.43
94.85
92.18
55.72
66.48
45.30
32.17
10.65
39.09
27.26
6.26
44.49
65.91
95.11
64.27
60.42
20.10
32.51
4.94
70.53
27.47
62.87
64.14
12.84
33.20
87.76
23.52
31.77
67.32
78.35
9.50
67.53
13.28
91.55
38.16
78.49
36.86
11.06
19.08
20.63
44.40
59.06
13.68
8.20
63.05
23.31
93.25
2.73
33.53
60.72
81.67
25.20
78.79
72.85
40.26
44.76
42.26
37.88
21.11
72.68
11.29
58.56
49.67
53.24
93.32
57.21
39.83
91.16
83.62
32.66
11.24
41.08
94.92
80.63
26.33
70.96
84.98
17.63
25.67
18.73
67.64
84.65
2.45
43.41
26.52
28.01
22.32
62.24
29.22
67.57
23.16
36.67
93.52
69.24
24.20
41.64
3.36
84.71
28.14
65.81
38.50
24.43
2.98
87.93
97.14
92.86
68.13
59.88
32.26
69.01
53.61
31.07
91.80
95.09
76.79
27.65
94.26
94.81
9.76
21.20
91.29
39.48
40.64
45.10
42.59
89.67
21.80
48.49
22.68
18.13
25.10
24.61
61.60
5.00
81.90
74.05
66.67
75.51
37.07
62.89
6.09
100.42
7.06
76.30
67.51
61.74
77.58
47.42
78.57
82.46
39.93
91.46
17.82
67.44
58.58
24.78
60.01
41.84
41.44
58.84
95.05
25.06
9.82
95.15
13.63
46.47
7.43
81.60
11.26
4.17
5.23
17.98
63.67
77.54
53.95
15.63
48.46
50.10
7.14
16.11
87.37
59.84
88.12
39.84
62.64
71.87
36.11
7.94
30.97
79.77
92.32
82.36
11.73
24.31
80.15
93.51
94.34
42.18
87.66
34.35
86.18
33.34
18.79
51.63
62.84
25.73
44.75
51.84
80.50
32.26
58.82
97.13
73.87
10.86
29.13
2.42
99.45
41.31
78.75
4.58
41.33
27.84
38.51
14.97
100.82
13.56
80.32
13.54
21.11
38.94
2.50
8.37
28.17
96.36
14.92
95.76
17.45
57.70
40.19
57.03
1.61
31.50
27.74
14.74
74.93
6.82
58.71
39.90
11.04
70.90
38.41
68.54
5.24
14.78
9.69
32.60
27.18
86.33
28.66
82.18
94.97
60.19
52.84
93.66
49.14
94.76
87.96
60.06
69.64
56.59
11.22
100.24
14.29
39.26
83.11
26.29
11.12
6.34
55.18
99.26
83.09
51.58
68.77
76.07
92.86
95.07
73.47
25.08
58.59
15.02
17.56
31.86
72.96
72.09
94.43
49.51
25.49
36.62
95.59
15.00
17.58
37.50
66.73
19.77
13.16
81.22
12.85
94.58
20.61
83.11
51.75
24.41
82.71
53.19
14.56
36.52
30.35
27.50
52.33
96.17
71.91
23.22
58.15
28.07
12.76
83.51
93.28
4.47
70.42
53.54
24.93
91.86
60.08
2.92
42.80
95.56
85.04
78.89
78.95
32.50
80.58
98.17
47.22
83.92
24.56
96.79
22.26
20.06
16.83
30.57
51.30
29.64
8.52
85.75
63.31
97.15
28.05
7.67
53.30
11.74
16.97
28.31
9.49
16.65
51.92
25.73
96.46
76.80
81.20
5.00
17.50
24.44
41.21
27.60
22.94
60.26
32.39
54.60
12.42
74.60
35.10
48.50
96.39
23.15
29.61
45.55
64.63
15.49
60.83
55.83
60.98
38.44
90.34
94.95
1.51
14.56
3.92
83.12
84.28
65.02
45.08
38.83
10.98
21.84
8.65
7.16
98.20
5.19
5.17
94.72
24.33
8.86
68.60
29.86
85.44
16.01
88.54
35.19
23.16
47.98
53.74
43.60
40.72
20.98
80.21
38.64
82.68
50.15
99.83
95.03
83.77
20.29
39.96
100.14
88.26
19.99
45.05
15.32
74.83
22.79
50.96
91.77
26.70
9.32
84.45
38.25
37.24
27.47
3.15
100.02
63.29
9.56
60.79
29.30
99.47
20.39
96.10
68.11
98.04
59.51
7.09
96.40
99.66
55.01
38.24
42.93
52.30
91.92
13.23
90.25
92.60
48.03
25.37
43.91
51.62
50.95
50.42
24.62
25.47
35.39
11.12
19.66
38.87
31.37
81.24
86.28
26.76
39.32
84.33
70.96
49.74
1.11
93.77
81.88
46.90
23.18
87.52
17.03
7.83
60.75
4.30
85.15
18.47
23.54
20.80
72.84
32.93
86.46
34.89
54.99
6.38
42.24
59.25
41.85
50.13
66.93
98.06
47.60
5.38
21.99
83.39
58.30
58.67
21.91
11.65
88.83
6.06
20.41
44.52
78.86
22.93
21.12
93.06
40.58
68.03
5.88
49.50
6.79
6.22
46.33
17.63
10.38
57.17
19.79
41.86
76.29
16.04
30.54
22.54
61.32
45.34
37.30
51.58
92.47
92.10
18.95
13.12
86.61
40.25
22.29
13.48
52.96
95.11
34.72
27.27
12.14
28.72
20.90
88.17
69.83
25.81
77.21
51.37
3.84
26.87
81.38
45.43
73.12
84.99
25.02
21.94
35.21
22.23
23.41
11.71
14.65
63.72
5.44
6.58
14.97
95.16
35.31
80.08
70.46
68.30
79.38
38.37
15.10
8.95
36.03
78.02
37.25
92.43
75.81
44.81
18.81
85.49
65.04
93.24
61.38
96.43
47.89
64.20
75.11
66.54
32.38
51.07
34.21
16.65
16.97
45.71
45.69
26.71
45.94
60.56
85.99
32.81
66.07
58.44
7.47
16.64
98.71
80.10
63.21
80.88
27.33
35.01
98.41
30.22
50.34
100.73
21.33
19.24
40.49
73.22
35.81
2.03
40.95
76.76
94.75
57.36
5.31
78.59
65.55
84.09
26.90
24.93
5.41
80.73
28.14
3.24
34.62
80.66
14.95
19.92
97.71
40.03
39.38
15.00
73.11
96.19
86.18
30.87
12.07
85.65
94.28
45.90
25.57
51.97
67.44
60.40
8.02
49.45
72.28
15.55
4.08
16.03
30.91
90.69
58.06
95.18
42.79
33.81
73.88
57.10
87.70
15.15
97.30
37.49
35.71
6.13
88.45
56.44
63.03
28.04
88.58
85.03
6.14
18.15
1.57
32.92
54.79
38.06
47.72
19.89
52.87
61.29
22.79
36.84
69.26
67.53
7.55
61.03
37.30
22.55
100.72
67.64
44.56
3.33
14.40
70.30
17.84
2.74
4.97
66.56
23.69
39.54
57.00
25.45
89.09
98.84
46.78
44.01
59.90
93.34
100.31
52.76
42.81
38.14
25.94
43.41
77.86
29.62
30.28
9.56
72.08
70.19
22.57
61.15
27.06
3.41
52.59
26.53
20.42
38.18
15.24
92.40
24.89
66.39
2.38
33.72
50.91
25.19
76.16
94.60
8.92
18.95
58.84
23.17
43.32
24.43
5.11
98.21
89.59
15.59
36.89
73.82
12.96
78.07
61.90
7.47
73.67
9.54
22.04
96.02
83.52
18.77
9.89
10.03
20.30
12.53
60.95
93.76
43.19
90.39
64.35
76.61
52.66
27.47
95.23
80.33
33.35
9.82
11.59
18.61
51.26
11.59
16.90
50.21
86.58
3.57
28.56
3.65
92.15
8.06
28.75
15.02
8.02
51.47
56.22
5.77
77.52
90.98
92.49
25.16
67.62
15.96
56.38
75.22
83.51
23.61
77.24
19.83
52.66
1.60
39.38
32.21
6.62
12.92
72.62
19.92
25.03
32.35
47.43
84.65
87.22
22.08
2.23
38.49
72.56
54.60
19.57
76.20
16.48
34.64
52.58
32.32
58.99
24.06
84.67
75.18
63.15
4.25
51.50
66.72
1.82
46.10
42.16
4.52
24.07
7.01
23.66
99.84
65.82
78.43
30.75
95.66
49.85
39.20
6.26
50.82
16.59
47.12
25.00
28.10
98.68
40.86
58.75
10.69
85.22
48.21
13.60
26.79
22.54
3.07
88.18
81.72
3.78
34.91
44.01
83.62
58.25
56.49
74.74
63.97
7.27
11.79
78.11
92.13
78.67
94.54
17.38
55.14
57.30
76.31
57.21
6.19
27.27
99.16
96.68
2.11
19.67
94.90
5.66
18.29
61.93
1.27
8.65
10.34
25.34
70.98
45.64
27.85
88.45
5.46
92.50
77.34
97.79
3.09
76.49
12.05
3.21
87.71
1.76
28.64
45.02
17.77
71.33
82.40
29.98
91.22
3.25
22.49
96.51
26.59
27.65
92.82
78.51
16.85
13.13
89.15
28.02
30.25
73.55
61.10
7.86
45.51
67.10
6.75
1.93
6.64
83.23
59.03
5.30
55.09
66.04
67.25
18.53
3.11
82.15
21.93
48.51
90.88
21.90
61.84
99.97
6.41
61.40
3.71
11.09
32.30
97.70
1.10
89.51
99.99
58.52
62.20
89.69
5.04
84.53
93.09
34.33
49.72
32.34
63.87
63.74
8.29
51.09
24.01
39.05
92.23
64.17
44.85
49.17
8.78
8.86
84.23
2.77
81.16
31.49
69.94
95.41
5.28
37.34
58.60
92.93
85.08
46.39
92.49
93.37
4.61
9.69
40.60
70.43
43.29
55.90
78.32
43.57
68.03
38.29
87.63
28.58
73.38
34.57
36.84
39.89
75.40
37.66
72.47
10.76
25.97
49.82
93.03
36.54
2.60
58.19
65.08
71.46
29.44
25.74
78.93
19.94
12.30
86.32
38.31
91.12
26.63
45.66
25.98
34.48
47.20
70.90
3.96
97.58
35.45
25.60
38.48
25.53
13.38
22.30
11.12
52.17
16.58
88.00
29.38
81.09
10.91
9.95
25.75
2.16
77.63
17.12
58.73
78.12
5.32
81.71
38.63
82.71
11.98
8.44
79.10
23.10
6.18
60.37
37.55
51.27
78.66
1.50
55.90
24.91
37.52
27.98
75.77
71.40
84.77
4.99
28.66
72.68
53.63
21.16
64.52
84.46
2.53
11.48
23.97
79.84
53.01
58.97
23.39
92.33
50.62
83.02
37.12
82.31
86.83
97.02
99.36
11.01
76.23
96.91
22.49
9.15
27.11
26.46
71.47
18.30
18.29
30.15
67.75
24.18
74.06
16.22
79.40
50.93
77.66
4.11
60.00
44.69
72.26
15.48
65.48
44.85
39.11
78.61
9.71
65.00
78.49
22.37
74.45
3.58
57.35
78.46
37.19
63.28
25.89
57.65
21.97
20.46
50.17
24.83
44.50
17.75
7.62
26.11
70.15
22.59
15.58
60.69
51.71
6.19
89.08
16.74
67.22
25.95
85.37
64.09
16.80
82.60
90.38
73.78
21.92
33.56
79.53
55.52
36.88
41.62
69.79
40.36
52.79
21.64
80.19
65.44
28.59
32.51
81.93
77.61
55.24
98.26
18.77
34.26
4.93
67.15
49.29
62.52
49.64
26.75
14.92
23.38
43.91
26.55
40.81
95.16
19.61
93.99
56.31
97.14
13.33
50.81
14.58
99.95
8.19
32.65
53.38
43.42
38.33
61.51
33.70
4.10
99.56
54.50
56.44
65.21
25.03
99.64
90.91
20.74
80.18
43.82
47.69
55.43
31.43
2.22
67.94
53.96
74.81
55.65
1.84
15.06
40.86
56.06
8.16
2.26
6.47
63.48
70.78
9.89
63.89
22.43
2.53
7.08
69.74
84.01
43.05
53.64
66.00
72.70
16.40
10.52
28.05
62.19
93.50
91.22
30.00
56.55
74.40
96.50
85.84
22.48
86.28
53.04
14.74
47.20
7.59
47.37
12.35
18.85
34.07
58.69
16.38
2.21
9.46
22.32
51.15
1.93
4.45
70.01
26.01
24.66
20.42
57.54
81.17
89.30
45.88
32.09
28.19
88.85
10.37
37.26
25.09
31.51
80.43
25.26
29.78
38.71
17.42
31.19
64.64
64.28
83.97
15.66
89.49
1.75
23.05
26.05
3.22
39.54
84.09
16.81
79.54
7.75
89.76
83.31
29.21
21.08
9.72
11.41
69.44
12.29
7.44
24.95
66.72
25.23
66.45
5.54
74.05
3.63
6.68
28.54
48.54
98.42
51.12
77.03
4.09
74.24
76.34
56.45
87.16
5.86
92.12
11.56
45.22
54.21
75.69
60.56
52.90
31.20
79.80
5.25
18.14
9.37
100.09
4.15
3.63
23.86
71.78
55.10
35.16
95.01
36.59
10.04
51.00
53.02
5.20
98.73
2.03
86.81
66.85
19.82
27.53
87.71
11.65
14.49
18.01
54.85
21.67
40.89
90.08
9.50
17.66
77.07
10.54
14.88
4.24
98.28
75.07
91.51
35.22
22.48
49.34
52.13
32.82
80.58
77.70
9.93
44.21
24.04
7.71
3.52
84.26
1.37
6.00
60.37
26.46
90.18
37.04
52.78
90.97
99.42
41.94
40.55
2.41
49.97
76.15
94.51
55.66
26.63
22.11
14.63
40.85
26.64
52.36
66.57
40.89
13.19
80.74
94.81
39.11
38.96
100.40
30.08
38.09
37.50
22.97
4.54
3.98
1.25
90.07
32.72
83.67
34.79
39.12
25.06
79.89
17.49
27.06
21.60
82.25
87.36
4.49
12.84
11.80
90.88
45.58
16.19
70.80
59.81
13.94
28.08
44.54
33.80
97.31
24.46
74.66
60.45
25.26
6.40
12.28
14.67
92.06
48.67
92.01
52.19
3.31
13.83
13.53
32.81
13.27
28.09
31.78
57.51
83.73
38.85
16.45
8.87
12.91
31.14
97.03
23.54
22.18
46.30
43.47
24.66
53.55
30.92
60.13
36.70
6.04
85.22
30.82
95.48
95.87
23.92
100.39
52.68
13.31
73.82
78.15
8.81
67.33
53.58
61.13
9.95
67.76
6.18
34.57
78.60
48.52
83.19
86.22
3.36
35.15
36.10
19.48
4.24
6.81
90.65
25.15
100.88
15.66
65.73
84.31
85.35
64.65
51.02
85.37
16.16
11.27
94.40
21.50
73.43
32.04
68.53
47.03
68.77
83.22
6.12
91.21
23.84
84.48
58.00
52.53
32.45
90.52
72.60
39.87
35.67
5.00
14.13
92.50
94.20
12.42
61.12
25.79
51.74
44.06
19.50
15.67
18.40
41.12
25.72
47.34
24.97
60.46
95.76
86.02
64.62
58.50
7.70
22.75
44.99
7.76
21.27
91.56
39.85
10.78
8.68
100.22
41.75
33.97
8.81
77.16
26.02
39.44
6.99
47.34
38.71
45.39
60.46
24.50
41.71
20.85
78.75
43.11
38.41
15.84
99.67
83.80
68.59
68.41
23.80
66.25
12.84
26.27
97.24
46.44
5.82
81.77
30.35
69.11
88.00
34.44
23.72
58.55
39.94
30.89
99.74
58.64
88.43
7.11
29.69
9.52
19.63
87.19
42.20
69.22
14.45
71.73
41.60
93.55
13.75
61.82
17.39
87.06
85.57
92.10
90.14
52.43
61.78
18.76
29.03
26.45
71.93
12.72
4.86
8.29
3.08
22.69
24.26
80.74
47.38
88.66
69.16
15.94
26.14
78.62
10.23
14.37
2.78
39.54
52.21
32.97
1.29
34.02
1.50
6.53
53.32
5.97
18.13
9.31
62.71
83.44
84.67
52.79
33.79
2.33
67.52
62.45
78.39
97.15
60.14
35.30
32.44
49.02
73.21
98.09
52.53
52.33
37.80
78.65
6.51
85.62
3.74
11.89
11.28
26.68
88.37
74.36
4.35
23.47
40.97
81.30
42.43
56.20
99.56
57.03
1.19
85.45
40.89
4.62
35.40
55.31
30.83
72.33
47.85
12.72
50.07
57.79
75.20
67.28
13.00
7.42
77.74
41.87
37.69
4.62
75.01
55.57
29.60
68.54
86.55
82.76
70.75
24.82
58.31
91.53
92.20
4.04
89.06
16.05
34.17
55.22
39.48
99.99
9.83
25.52
57.52
86.91
4.94
61.38
4.79
1.16
73.98
2.05
94.29
95.09
47.92
77.66
19.60
10.53
20.64
23.07
79.87
87.61
33.46
16.09
74.26
45.67
3.46
59.34
27.43
13.76
42.80
26.80
90.20
8.04
3.80
73.81
12.74
16.61
39.99
39.64
3.14
5.73
75.06
75.24
66.01
70.01
14.50
61.96
6.41
100.11
7.00
17.23
34.62
24.34
24.38
23.53
94.70
21.25
18.07
44.45
33.65
36.08
31.51
96.40
99.99
75.09
52.50
7.54
62.87
84.78
98.96
15.55
55.60
6.82
20.65
85.01
62.42
1.59
86.80
36.00
64.96
34.64
22.69
24.70
88.47
17.18
63.43
96.97
58.25
11.95
15.46
9.21
12.43
95.41
17.33
33.22
70.84
98.48
1.11
17.65
6.23
73.91
67.24
4.22
71.06
4.36
48.26
45.34
51.12
35.02
38.81
15.06
3.64
70.83
51.78
9.08
38.79
17.58
84.46
89.12
27.08
40.90
91.23
59.46
83.54
14.40
3.55
26.30
17.54
66.61
83.33
78.80
66.90
87.44
82.48
12.93
37.28
89.31
56.21
98.57
4.03
25.75
13.81
6.58
9.74
11.81
39.15
17.65
25.66
42.58
90.59
89.52
86.87
77.62
18.74
29.36
54.10
8.97
18.08
29.16
44.50
97.33
55.24
10.89
100.95
83.68
68.62
41.12
93.22
54.38
48.27
70.69
35.78
39.45
96.68
54.80
66.38
34.77
90.48
53.69
76.52
74.81
37.24
52.16
2.18
38.02
4.48
26.03
90.91
22.23
2.76
87.48
68.92
27.20
33.70
45.22
51.83
31.20
1.89
25.03
1.36
94.05
5.95
60.65
76.06
24.37
13.91
6.85
7.88
35.64
33.86
48.81
6.17
96.43
38.43
50.88
61.09
39.79
15.72
95.64
31.17
79.86
79.43
56.07
14.56
66.85
96.41
13.70
5.70
64.15
44.78
20.74
75.37
93.85
26.93
23.43
58.87
66.67
44.29
63.59
19.76
67.45
13.52
35.23
89.08
82.89
88.15
24.00
2.87
63.96
14.46
29.61
71.75
28.52
100.82
20.27
84.05
1.01
98.80
76.57
8.40
16.22
12.08
4.17
7.83
41.06
3.61
97.66
43.97
62.74
8.22
1.11
94.09
18.93
51.46
1.20
42.47
64.51
94.33
2.00
45.69
76.38
61.91
3.07
96.90
42.03
99.64
91.53
75.89
60.79
1.76
50.07
20.81
42.05
60.19
32.68
14.80
41.67
44.56
39.58
95.44
19.23
40.03
59.98
63.45
8.24
2.81
90.97
98.56
9.52
6.47
7.52
3.55
78.57
13.98
19.47
5.90
4.47
22.53
84.18
39.74
23.72
54.64
78.76
91.16
51.15
87.11
38.83
8.21
3.45
63.78
72.15
92.39
97.65
54.03
17.54
94.62
55.29
28.12
49.40
21.60
96.41
26.43
100.01
97.01
29.16
59.71
82.88
57.71
37.85
40.78
49.32
4.17
41.40
84.56
35.52
55.07
35.60
87.81
19.66
61.89
52.87
80.69
35.93
56.67
80.48
23.11
98.69
77.93
15.69
93.39
77.39
46.22
13.90
42.29
14.09
87.11
77.84
76.63
81.05
81.69
74.40
67.26
2.57
93.58
11.82
51.76
21.55
18.52
80.78
54.20
36.70
90.18
18.18
20.19
10.52
14.44
22.06
72.45
65.09
27.21
29.83
80.79
4.13
66.76
33.25
94.44
65.85
24.48
3.72
20.01
2.40
11.51
28.93
28.77
7.03
66.61
79.38
94.25
94.05
36.48
26.90
92.12
71.29
86.26
1.70
23.31
48.49
17.62
25.33
41.19
98.28
7.52
1.48
67.19
59.45
37.20
63.69
64.88
46.58
100.25
76.96
22.89
63.64
78.95
54.16
59.80
34.96
22.37
17.93
66.18
10.86
17.34
69.11
59.74
41.60
49.90
69.10
98.13
58.38
94.77
92.77
20.76
44.25
62.76
63.83
45.63
84.57
54.27
96.96
49.53
56.66
84.42
41.82
62.16
37.48
20.07
85.36
25.70
6.11
66.55
92.35
44.11
13.51
1.52
51.14
1.45
57.96
21.34
15.50
96.58
21.72
17.17
92.47
88.85
13.47
60.39
96.49
86.92
65.96
29.73
90.43
24.32
44.03
98.19
44.28
9.41
52.66
13.68
95.74
44.15
77.04
83.71
41.59
93.09
16.46
61.40
88.62
58.61
78.20
75.06
37.79
76.01
86.76
71.13
2.74
47.77
91.64
19.03
70.10
22.65
1.46
35.02
28.65
51.39
93.39
13.96
49.06
24.72
10.85
25.93
41.05
2.12
24.14
98.89
51.02
55.91
17.89
67.48
90.41
24.91
69.27
9.06
96.21
43.86
91.64
30.34
56.80
41.44
18.19
8.52
12.41
6.82
89.55
56.62
89.47
89.89
81.64
55.32
94.97
1.29
97.41
38.04
14.98
28.15
88.31
99.05
35.44
36.17
44.26
49.90
47.95
24.90
90.31
17.17
80.43
23.74
85.89
28.16
53.42
10.75
80.08
94.56
42.23
64.95
29.35
40.68
5.60
95.87
5.49
69.41
67.21
82.41
26.02
18.55
93.77
20.11
74.90
66.98
73.00
70.60
22.71
26.18
35.25
63.14
47.95
27.48
98.86
89.32
47.36
68.35
1.66
38.16
11.79
4.73
80.11
44.97
3.66
3.77
20.01
39.35
26.14
54.53
25.05
27.51
11.00
95.71
63.89
28.13
36.79
9.02
43.62
18.31
64.02
28.90
19.59
85.80
57.94
63.91
33.98
75.08
9.88
86.66
93.12
3.13
1.56
79.45
65.34
100.23
23.60
66.77
13.57
42.64
41.58
87.89
1.85
18.44
22.67
40.48
49.74
33.27
63.67
10.35
1.31
9.94
79.65
50.28
67.76
8.31
83.58
73.90
42.33
20.95
80.24
33.91
1.96
82.06
12.83
21.02
38.95
100.26
28.61
48.64
22.05
14.31
97.35
70.21
22.03
80.87
15.04
11.18
30.61
96.56
37.36
79.70
74.15
70.86
9.35
25.30
39.85
87.71
24.94
11.45
26.90
99.96
21.26
75.92
23.28
37.58
1.21
72.25
88.39
9.28
86.46
72.66
2.17
15.23
31.12
25.72
67.09
7.52
59.69
53.49
79.06
48.32
4.19
32.35
81.25
87.22
48.88
76.26
50.81
5.68
46.58
26.39
37.03
18.27
79.41
65.90
24.07
12.33
59.08
37.85
19.82
63.07
93.21
4.82
82.48
20.20
89.69
29.87
9.59
90.31
94.95
28.12
22.52
5.12
58.00
51.73
43.50
5.98
22.31
85.17
81.21
13.19
15.94
75.14
96.17
32.13
74.13
16.73
64.55
7.51
43.33
90.72
68.83
92.11
100.95
26.18
12.50
73.30
95.06
92.35
96.18
60.53
4.43
55.48
43.32
91.19
1.76
27.86
83.53
79.55
54.38
76.74
38.81
47.43
26.54
54.56
1.83
13.92
80.86
84.00
87.53
4.33
86.05
27.24
62.06
15.34
62.41
49.76
68.97
43.26
78.36
35.62
47.57
20.97
27.71
98.69
72.41
33.97
58.25
46.56
87.35
38.07
8.84
35.39
52.32
53.29
74.79
51.14
70.26
41.51
31.04
38.37
46.04
97.90
28.42
5.74
27.92
29.50
13.97
59.01
94.18
40.39
90.53
44.08
3.21
24.51
60.41
80.55
12.60
96.27
42.45
100.24
70.39
72.53
39.37
60.54
49.98
34.19
66.19
64.15
19.45
42.79
56.75
82.46
3.36
52.62
3.82
97.34
41.21
92.11
65.01
24.72
13.04
16.62
74.70
70.31
59.66
57.16
26.43
38.90
87.65
27.12
33.78
49.46
94.50
79.30
38.70
94.36
53.32
18.23
81.47
27.13
86.13
34.18
46.07
33.96
60.71
2.18
93.11
7.40
50.80
93.79
8.56
22.03
60.65
76.17
38.47
45.74
21.47
38.03
22.67
26.61
20.83
17.16
31.54
89.01
67.92
15.60
100.17
55.65
38.74
2.77
55.12
97.10
8.77
37.51
87.72
80.95
74.15
4.89
30.95
92.47
51.98
2.96
65.97
51.80
10.05
81.86
9.29
53.00
5.69
64.00
57.36
28.58
56.39
9.36
71.79
9.55
72.96
88.70
17.79
16.65
92.87
26.75
52.16
54.63
72.27
80.06
81.79
15.83
65.36
32.99
10.21
49.61
86.43
21.13
59.26
19.24
89.17
76.49
23.70
25.94
92.71
20.43
67.06
100.07
65.76
60.59
10.47
25.22
38.35
94.36
24.60
98.55
67.96
53.79
91.41
59.16
7.88
49.92
45.94
46.03
10.91
28.01
22.16
65.44
69.90
82.95
94.10
99.95
63.85
89.08
65.80
94.24
37.02
70.45
88.96
56.05
30.63
52.37
40.29
84.43
66.88
33.79
43.57
92.97
71.13
61.41
66.85
93.65
93.30
40.60
64.58
21.72
52.96
56.10
16.34
94.77
64.55
28.49
76.81
73.85
65.52
1.01
84.13
21.81
94.86
10.29
16.28
26.51
25.95
80.15
1.49
76.06
7.76
13.62
64.36
6.53
19.73
24.07
9.30
19.94
80.29
23.38
39.72
25.07
88.54
25.02
23.70
15.92
34.31
86.31
42.03
18.94
25.15
7.56
47.11
13.07
13.50
41.64
42.85
1.15
53.89
36.32
26.47
23.23
56.58
45.93
21.95
33.24
69.04
13.23
41.71
95.70
22.36
30.35
12.38
8.62
52.61
84.13
39.68
41.44
61.82
7.38
80.40
17.53
66.97
100.95
59.93
62.00
69.66
26.97
46.19
12.35
26.84
10.24
1.39
44.89
10.71
31.29
7.28
99.10
84.59
41.93
79.19
57.50
64.08
54.38
41.22
84.61
90.39
7.44
34.92
52.07
3.79
3.44
10.88
22.35
70.11
15.04
19.95
47.73
31.11
34.20
4.47
79.89
22.81
5.19
98.33
11.22
13.91
20.33
95.01
100.50
86.78
92.47
56.72
20.78
51.77
38.43
23.91
24.98
57.29
10.54
16.86
79.71
35.67
74.75
8.43
45.80
6.96
8.30
16.69
11.30
22.73
36.69
51.83
10.86
2.36
21.42
87.77
98.92
100.97
24.49
5.04
93.54
89.28
44.15
18.37
69.14
78.13
58.59
3.40
44.35
19.02
78.32
29.74
62.85
90.01
16.27
20.97
15.32
21.77
53.14
4.14
17.27
5.07
40.93
23.08
72.09
80.92
11.48
15.39
25.20
91.50
60.66
68.67
77.00
60.66
17.84
28.06
92.74
9.99
79.41
89.39
72.41
23.80
92.60
93.00
35.81
35.06
39.11
80.11
18.03
35.10
46.59
11.52
26.04
95.82
86.51
36.70
73.09
94.90
31.14
19.03
13.81
40.77
6.51
17.81
54.01
79.71
31.39
41.87
32.93
5.17
15.53
53.79
98.52
85.47
4.52
62.89
11.78
96.18
59.83
45.75
56.08
11.66
99.61
21.78
76.88
31.37
90.80
11.82
38.41
80.21
99.18
1.02
67.41
33.50
62.12
40.38
53.45
35.48
71.91
35.72
26.93
6.32
14.72
35.24
99.40
45.08
6.80
60.11
99.82
89.76
100.43
6.15
2.04
64.82
75.48
65.41
15.64
22.21
59.62
95.86
52.31
66.06
37.62
55.82
12.14
28.51
99.09
24.94
80.84
82.60
68.12
66.97
90.80
91.75
57.84
45.34
66.81
36.95
61.43
52.92
15.51
61.64
16.04
77.85
77.44
35.13
23.73
92.71
28.64
97.54
76.59
92.28
14.05
36.52
48.46
14.72
42.34
47.94
56.07
88.37
84.41
75.25
45.70
95.86
19.51
69.23
86.60
79.37
7.54
50.27
55.05
18.66
70.30
76.40
39.53
33.43
57.21
1.08
90.83
63.13
36.44
88.31
30.75
32.82
82.59
85.92
47.60
84.21
41.91
26.43
15.53
58.91
55.13
88.52
27.30
64.08
76.17
92.91
92.73
77.89
15.77
12.17
15.90
54.54
54.51
44.97
19.94
73.75
92.98
23.70
47.91
83.63
27.76
99.56
99.60
77.58
59.63
74.18
3.30
52.20
35.25
78.95
10.04
10.08
15.97
24.75
49.47
88.49
58.16
63.36
28.81
20.50
45.32
60.00
13.83
49.93
9.66
52.42
56.40
100.35
79.06
1.96
7.67
97.98
25.55
27.39
10.76
14.94
34.20
16.09
14.68
81.80
25.66
32.94
5.27
99.08
4.90
51.86
73.41
95.10
30.98
55.21
80.51
32.08
20.44
13.69
15.62
86.34
28.47
30.16
81.14
70.74
24.80
17.38
96.77
42.08
48.62
24.97
80.30
89.32
55.01
9.01
16.20
72.95
39.92
6.87
55.38
11.44
74.99
20.32
1.93
29.76
94.40
89.51
11.27
21.19
42.00
3.39
12.74
9.76
71.81
39.10
59.52
26.11
26.93
44.75
66.49
99.39
39.29
81.21
74.39
73.43
41.19
71.27
100.92
17.72
11.41
65.63
9.25
33.30
38.95
63.18
7.10
30.45
88.66
61.38
73.02
52.40
64.34
97.19
55.16
30.69
90.17
75.78
62.34
25.28
41.85
30.71
92.73
62.45
46.44
69.77
19.98
40.63
43.86
20.71
58.83
72.66
69.31
75.85
59.61
34.51
52.21
6.75
57.96
99.67
60.56
12.33
67.75
90.89
18.40
45.73
72.90
79.44
19.15
21.56
93.53
93.76
68.68
42.87
9.99
16.00
42.47
55.37
4.83
75.64
1.50
40.77
76.90
14.19
21.71
22.90
49.25
85.56
57.58
4.56
92.84
32.04
35.78
57.97
85.95
2.52
77.87
37.56
9.87
78.49
11.63
21.18
90.12
2.35
93.89
3.71
77.39
92.26
95.61
49.14
39.11
80.78
50.66
25.11
83.68
83.18
72.52
66.21
81.77
12.91
57.54
48.05
91.65
14.38
35.83
60.29
68.16
36.79
3.79
71.48
79.28
14.80
5.60
21.09
94.60
77.85
91.34
73.63
78.67
4.93
8.36
91.64
49.12
25.09
76.87
94.64
4.69
40.35
32.24
39.31
38.54
71.38
97.29
66.57
3.59
25.64
61.12
27.70
43.44
71.56
44.56
1.19
18.96
39.81
73.32
41.87
82.56
3.06
22.21
95.57
83.85
70.56
79.02
86.78
66.65
95.21
91.42
18.86
34.73
55.54
7.17
22.12
61.71
16.39
54.03
16.69
2.51
81.58
7.89
42.67
46.26
12.97
91.30
45.94
52.99
24.80
38.21
22.80
35.04
89.10
62.75
22.76
87.56
87.15
57.12
67.92
73.51
16.82
37.57
66.81
37.89
46.11
10.20
68.63
26.56
87.08
3.03
75.92
3.83
17.80
51.26
89.45
88.87
23.20
67.12
35.28
85.45
77.85
47.24
4.92
66.20
47.74
76.56
73.98
26.05
100.22
15.70
14.84
67.72
33.20
73.64
45.47
19.84
21.59
22.37
51.56
58.46
23.20
23.90
21.31
92.30
62.06
45.23
15.64
44.30
9.68
65.55
53.59
78.99
82.24
98.57
75.66
95.65
74.40
14.60
95.23
4.83
92.09
62.03
25.99
97.35
26.68
17.65
99.69
83.23
100.60
58.96
45.40
98.91
48.19
66.64
23.17
21.89
6.60
39.63
25.95
18.71
74.25
84.43
23.19
20.88
2.70
13.88
41.18
3.78
37.49
70.54
98.12
54.06
92.60
43.88
57.00
71.28
80.20
57.98
56.94
99.96
76.99
31.09
71.03
39.54
58.44
85.57
34.39
15.90
63.50
90.88
43.83
96.03
80.98
92.00
32.01
23.05
51.45
21.40
9.41
76.43
16.78
70.07
49.13
45.50
40.71
15.58
26.81
31.52
5.05
15.05
82.55
38.93
53.72
73.39
95.73
32.72
6.37
5.41
18.08
66.88
81.64
95.84
11.43
20.97
33.01
43.86
95.17
83.64
5.22
45.22
62.35
4.89
64.97
9.27
8.01
64.84
22.90
82.63
28.46
97.82
13.16
51.96
69.11
10.62
81.28
27.07
60.84
36.31
72.69
65.92
19.93
64.36
29.74
13.32
100.36
71.37
61.77
55.28
65.70
97.79
32.90
88.31
100.71
85.87
90.80
88.54
89.41
77.75
17.81
46.39
29.08
50.74
100.11
63.84
30.12
22.46
46.93
29.17
81.83
41.26
21.80
11.17
95.86
39.44
13.32
25.63
73.25
2.83
99.35
84.27
6.89
57.58
95.51
21.77
99.30
4.57
31.29
78.68
18.21
36.16
85.52
14.80
97.55
76.29
62.16
43.88
33.98
95.80
57.81
23.29
20.52
16.30
63.39
83.33
95.06
20.22
85.43
55.59
49.87
4.08
33.81
48.51
19.93
24.35
63.23
6.32
6.99
96.28
79.50
10.17
1.83
88.93
89.00
91.61
93.78
65.90
6.90
61.94
31.66
76.67
57.83
21.19
29.79
46.29
18.48
56.56
38.58
4.06
63.57
43.26
85.65
24.63
53.88
8.40
88.59
73.40
9.09
15.50
91.39
57.07
29.10
56.20
41.02
81.92
27.99
87.13
79.46
44.13
31.84
13.60
39.72
8.00
38.42
13.50
75.02
38.53
36.44
20.06
96.09
57.58
2.07
13.85
20.84
91.76
31.96
28.66
79.18
32.32
42.92
29.37
49.53
16.14
29.76
21.98
91.36
74.89
39.07
79.85
34.98
24.03
28.92
43.43
57.27
19.01
27.84
25.12
1.86
88.78
39.59
50.38
64.48
89.04
2.78
82.16
31.36
38.20
41.09
99.76
23.63
70.32
11.38
79.22
41.82
52.78
87.18
83.11
63.34
79.90
61.66
82.49
70.19
13.34
7.65
49.43
66.00
63.54
46.48
66.03
96.18
42.87
61.62
39.14
23.18
3.64
4.33
3.47
50.24
85.14
10.32
88.84
8.74
98.19
80.94
47.53
13.46
90.10
79.99
19.51
16.07
22.97
16.66
3.60
58.29
8.33
61.23
6.24
13.18
92.37
6.90
8.15
24.11
90.48
9.15
92.96
72.60
3.52
92.87
11.94
1.57
31.55
96.99
33.40
59.22
23.69
37.92
12.62
17.64
45.94
70.51
9.17
52.84
27.06
17.09
75.28
29.59
93.69
11.18
58.89
28.66
70.24
13.82
46.94
64.32
88.33
44.84
50.49
12.66
4.78
63.70
92.92
66.54
9.49
86.80
86.01
37.72
51.55
5.44
59.37
20.04
54.30
49.38
62.11
53.24
29.03
23.53
36.15
33.13
48.88
35.02
84.44
97.15
86.50
36.44
1.35
31.11
64.67
87.31
20.77
8.87
48.13
59.61
10.66
34.36
84.18
66.05
3.55
61.75
100.39
98.78
68.49
22.04
26.95
7.88
75.67
68.72
45.78
5.65
48.38
36.68
69.49
83.23
2.63
24.34
72.12
63.80
69.21
23.60
42.45
55.86
17.15
9.32
43.58
32.51
97.56
6.70
98.58
32.44
13.29
86.76
13.52
25.38
27.27
26.73
8.76
20.97
89.94
16.31
52.74
80.65
97.65
9.76
1.21
89.97
48.27
43.11
27.32
21.74
44.21
76.60
60.79
25.76
78.77
72.32
15.04
9.54
20.26
48.61
56.43
56.60
2.21
50.74
75.79
84.84
46.51
66.70
22.38
91.94
32.36
50.98
5.36
2.53
20.84
95.96
5.86
17.73
15.84
24.25
21.64
28.26
54.27
54.35
36.57
100.60
49.05
21.79
11.07
26.93
68.92
26.89
94.63
65.17
27.65
84.98
69.06
41.24
32.85
10.17
6.59
97.01
17.72
82.57
17.63
72.81
61.39
85.29
40.02
29.61
87.17
21.13
21.56
48.88
95.47
95.16
92.12
12.32
58.80
8.87
49.52
68.44
1.85
27.05
27.81
13.10
23.62
92.59
16.76
78.51
99.49
10.18
22.61
23.79
20.52
86.51
83.55
2.13
30.89
86.46
31.77
27.78
59.16
52.70
62.83
30.57
15.08
28.40
38.23
48.83
9.22
77.94
17.49
26.95
39.31
8.70
3.74
11.37
22.20
25.34
11.61
17.35
83.14
27.78
47.80
60.53
85.62
65.45
11.04
93.29
19.83
9.96
3.89
76.65
16.03
65.13
22.81
23.15
39.28
12.86
8.11
26.37
5.82
72.92
43.73
70.54
69.68
60.87
58.65
43.89
15.14
34.51
70.98
26.01
99.42
64.17
9.58
96.09
89.91
15.30
49.63
24.29
69.89
12.67
40.00
35.00
12.43
25.53
3.50
30.23
73.09
26.07
78.79
34.14
52.22
58.70
81.57
48.74
87.93
35.97
51.18
33.62
53.90
64.65
53.82
54.18
59.75
28.54
40.85
30.73
52.99
14.55
73.47
26.89
73.95
53.22
84.50
34.61
51.96
72.87
93.15
58.30
62.04
91.95
22.03
72.70
84.00
27.36
98.31
13.93
57.17
15.83
28.45
48.80
87.98
87.53
33.01
26.72
26.78
31.86
18.33
37.63
81.82
24.23
53.69
8.06
48.41
81.29
87.21
7.86
63.97
67.07
4.63
22.94
13.57
36.17
53.43
70.93
24.13
36.57
58.18
99.96
47.10
45.66
15.35
13.67
43.55
68.18
61.44
33.01
97.39
14.52
85.76
46.01
43.03
43.31
47.63
39.22
16.22
20.66
48.07
43.17
37.52
50.60
75.46
59.61
75.60
58.49
83.32
58.35
38.29
54.26
22.38
60.52
78.58
55.45
97.55
80.80
44.85
26.53
5.90
54.56
81.25
7.97
3.08
13.38
46.00
53.30
37.31
83.98
40.83
96.82
10.84
12.61
21.31
48.50
29.41
68.22
57.96
22.04
65.85
20.49
51.84
75.54
21.40
41.43
96.02
38.57
93.86
86.41
48.12
20.41
47.11
9.68
22.29
17.72
35.64
53.25
59.75
1.33
1.69
42.75
19.92
26.36
41.66
61.21
34.47
96.07
87.19
40.84
10.98
47.06
5.27
71.17
5.18
16.50
71.95
80.71
67.34
90.14
73.14
12.03
24.63
90.23
73.48
64.23
87.96
68.02
81.93
52.12
23.73
89.40
5.95
63.43
2.37
82.94
95.19
90.03
100.44
66.48
66.48
61.73
19.22
100.18
11.24
24.88
53.74
20.41
70.75
8.50
67.02
51.67
92.77
5.91
33.03
86.63
31.96
93.16
24.56
12.55
18.18
35.50
54.02
29.74
95.31
3.08
5.22
3.60
76.14
28.42
13.06
15.52
26.56
7.28
35.40
11.41
9.62
7.47
12.65
96.16
56.13
64.10
65.38
66.45
87.87
78.51
47.01
25.84
66.47
46.63
46.57
51.38
53.75
46.51
64.77
72.52
1.21
21.61
79.74
54.83
5.40
61.74
25.84
64.53
96.00
63.01
18.80
23.23
20.97
17.72
12.07
7.51
8.00
61.98
11.61
41.11
82.02
34.73
55.26
23.63
45.57
83.92
2.73
3.32
86.49
39.63
2.16
78.13
52.03
32.69
45.39
94.15
26.24
75.99
7.36
34.39
27.99
17.32
52.21
13.78
9.67
82.77
69.52
83.81
3.24
81.09
6.12
39.42
48.92
24.71
6.21
16.71
51.75
11.83
65.26
88.92
64.30
97.66
10.41
89.54
100.83
97.54
55.83
8.51
42.74
13.17
41.20
66.95
61.98
95.41
69.65
90.69
62.54
13.40
89.88
9.30
60.33
37.21
45.15
43.85
95.37
26.95
63.29
24.37
36.76
18.60
74.58
47.47
68.24
4.04
82.73
59.95
59.20
97.19
60.59
75.91
47.46
71.29
42.97
58.93
17.40
31.60
28.62
52.58
82.54
21.07
20.74
33.84
22.40
93.61
3.82
83.29
16.63
31.28
49.61
20.76
77.01
23.03
32.99
20.00
12.47
98.22
10.40
80.47
18.75
94.12
5.03
3.81
55.37
48.97
98.67
17.28
44.57
63.09
65.53
27.54
95.01
73.21
97.07
62.12
74.17
22.69
36.13
60.70
2.72
72.81
58.70
17.97
62.80
25.36
38.66
66.28
44.26
47.94
72.05
24.78
12.67
53.69
24.10
18.34
42.22
45.50
53.97
59.20
29.17
36.21
67.98
90.04
13.81
37.90
58.15
36.81
69.62
72.05
91.91
25.43
15.15
98.04
16.08
65.99
9.12
90.32
13.26
47.82
16.33
76.97
6.02
4.49
88.08
50.38
10.21
92.09
44.57
99.20
14.25
12.15
87.77
17.10
19.40
33.29
30.53
66.90
96.70
10.77
4.37
98.41
99.90
56.29
37.85
98.72
62.31
97.39
72.50
85.49
57.37
44.87
86.84
9.72
93.33
86.08
44.42
50.83
100.73
99.36
21.39
66.00
82.93
69.15
89.24
8.73
37.49
52.24
52.94
57.25
54.40
47.12
54.01
6.01
12.32
67.75
15.53
77.97
52.99
82.65
51.12
32.24
22.73
11.75
2.44
98.89
47.03
29.30
22.74
13.84
18.12
5.51
75.47
40.84
67.78
22.76
44.06
89.27
80.39
88.26
83.51
72.71
43.32
19.23
25.02
8.21
60.30
31.42
70.67
67.23
3.39
19.44
95.45
27.14
84.63
4.53
32.16
80.90
78.24
21.12
5.67
18.05
19.10
60.71
59.69
63.98
19.28
86.51
59.68
18.30
40.51
1.42
13.20
66.96
18.28
55.34
76.21
38.22
98.47
37.61
14.23
98.58
99.21
54.09
42.21
75.85
69.55
42.66
33.52
92.77
2.40
14.09
100.50
51.23
11.61
23.12
32.38
59.33
75.26
1.11
57.45
2.96
6.09
8.93
66.09
60.40
10.70
4.64
63.33
76.74
5.01
78.41
7.26
32.42
30.43
4.75
52.77
59.27
55.17
2.69
24.85
99.88
49.98
43.34
56.09
76.32
71.72
8.01
12.65
79.12
33.26
17.53
11.05
87.15
44.24
63.67
44.03
18.71
22.43
43.53
28.39
85.94
64.62
9.25
99.27
12.83
57.45
55.19
57.76
95.06
98.04
79.91
19.18
23.58
66.52
54.23
90.62
65.42
9.74
49.39
52.74
3.93
61.18
7.69
35.77
90.01
45.62
3.31
9.65
63.57
70.34
58.67
38.01
75.51
57.87
70.38
17.55
56.86
72.69
27.08
29.42
37.72
22.90
16.00
73.39
13.54
12.56
2.35
91.53
82.75
59.52
83.01
82.66
42.63
58.95
87.66
60.80
84.41
52.05
1.22
58.72
72.66
31.01
74.60
55.81
91.91
44.20
37.72
50.16
92.89
38.94
24.67
64.63
89.24
16.37
26.71
94.44
47.78
36.03
81.22
43.20
40.09
50.74
63.36
93.20
60.10
69.21
22.17
67.66
46.11
84.26
87.87
37.06
24.31
96.02
98.44
86.99
29.16
6.57
71.98
35.28
94.61
23.31
34.76
74.20
43.78
77.90
1.88
50.10
32.61
16.85
39.26
99.33
58.30
47.31
18.99
80.60
21.86
21.96
75.45
79.47
87.66
31.13
12.47
6.69
80.50
44.34
2.92
50.65
45.72
79.14
97.25
27.23
47.07
18.69
9.74
38.20
32.30
41.17
22.40
13.56
30.35
33.01
62.76
27.51
5.80
53.65
97.19
46.54
77.11
79.20
32.71
60.96
86.12
43.46
70.61
52.01
3.89
14.61
87.95
73.61
9.21
47.26
11.68
58.07
8.25
66.92
56.90
89.04
5.60
91.05
53.95
91.15
3.96
66.85
75.99
75.35
60.10
36.06
2.36
53.51
48.01
1.00
6.35
1.49
10.68
12.52
59.66
73.56
57.74
43.55
46.75
13.54
17.78
75.18
15.20
37.66
19.85
7.92
21.43
45.35
78.96
8.28
97.88
94.62
100.08
98.75
58.04
21.32
73.91
29.03
2.25
41.74
68.08
79.45
19.00
32.00
50.38
36.17
23.38
49.68
89.03
72.20
99.69
80.45
95.67
95.30
26.44
64.32
51.86
41.28
86.46
50.41
32.14
80.12
85.00
41.17
10.63
85.76
25.98
79.26
9.09
18.24
66.39
12.28
16.12
21.67
86.58
80.43
31.07
35.75
96.56
36.44
100.71
56.63
32.79
53.61
42.32
74.26
65.81
14.11
74.91
9.34
62.30
89.10
20.10
62.02
92.50
36.48
94.26
83.00
34.75
66.22
47.31
95.93
10.69
43.91
54.61
49.82
96.86
88.61
26.09
83.83
71.12
6.09
68.69
67.98
42.29
81.58
49.33
74.54
44.75
23.93
87.98
58.72
52.56
15.59
51.56
43.66
16.31
36.32
27.19
5.26
94.19
6.91
34.73
22.50
52.84
3.93
74.35
18.05
86.24
50.70
90.25
4.16
57.72
8.62
24.91
92.39
79.31
26.84
45.10
9.81
4.13
36.09
1.38
34.15
43.39
53.31
38.12
82.87
9.47
57.24
97.03
27.04
24.40
39.97
37.35
37.22
1.55
9.70
22.15
78.62
18.31
47.11
81.23
99.40
13.37
71.79
57.28
48.02
88.23
4.20
5.55
72.65
3.56
26.04
70.71
12.35
75.85
78.03
100.51
71.75
33.01
21.24
64.35
93.20
38.71
73.32
85.65
58.26
67.31
67.05
73.11
15.75
66.92
10.55
65.84
12.65
41.54
11.85
54.36
23.45
40.68
42.37
88.04
51.44
4.39
19.29
35.25
85.07
11.91
96.37
51.59
42.84
88.13
83.45
45.69
8.31
50.02
11.85
46.91
27.30
7.00
31.90
75.33
73.37
43.83
87.66
30.70
76.65
2.77
22.78
88.39
66.91
73.84
67.04
25.13
13.47
59.03
57.52
62.60
31.45
85.43
22.67
51.78
62.95
56.36
4.42
13.63
36.61
64.49
74.35
91.30
9.54
23.89
20.97
60.55
93.48
71.02
22.05
99.27
36.90
65.62
59.41
4.57
13.99
7.47
100.84
41.54
49.53
21.63
60.17
48.68
45.63
78.89
29.81
42.90
22.40
31.70
5.51
96.71
12.74
43.16
4.26
15.04
49.06
23.02
11.79
44.23
22.40
80.76
26.59
14.81
28.52
83.46
54.27
4.10
15.34
71.59
8.01
43.44
57.00
20.44
7.49
17.73
9.14
74.28
70.65
42.01
35.03
71.51
13.53
41.11
31.01
57.30
41.99
72.62
13.45
55.85
31.94
59.40
49.16
87.83
11.12
40.46
71.77
100.69
28.42
71.86
36.64
6.41
94.39
39.85
1.38
2.41
2.11
22.31
18.54
46.89
84.33
2.93
93.56
7.21
5.35
87.38
73.12
43.79
14.17
44.61
49.20
92.51
69.85
5.81
77.85
17.28
99.41
48.44
76.48
63.46
25.29
65.70
3.25
17.80
90.47
76.62
54.76
88.59
90.52
70.99
57.75
99.20
6.93
99.36
86.54
99.71
74.01
93.67
8.09
22.08
99.77
86.75
98.63
4.95
19.33
73.16
72.23
32.06
12.17
30.85
92.96
36.65
76.80
71.76
27.88
83.41
68.32
36.40
85.06
1.78
69.26
28.31
42.68
99.28
43.79
14.09
9.10
45.55
18.00
74.16
47.69
38.81
19.33
19.30
10.62
83.78
7.36
17.84
83.42
5.38
67.08
99.60
5.78
86.92
48.00
87.57
65.99
57.27
96.98
49.33
66.76
83.49
95.71
4.12
15.03
25.45
24.93
5.12
79.88
98.41
13.55
26.68
63.35
16.93
35.03
54.64
2.21
21.43
21.69
69.21
5.26
92.99
23.43
75.73
95.34
71.93
9.36
55.94
60.36
65.20
14.78
10.07
97.86
93.97
77.31
74.99
93.10
38.60
38.90
94.93
68.72
30.70
25.38
22.03
13.89
23.57
33.66
69.67
52.35
84.36
44.81
84.95
91.27
60.90
65.13
27.80
93.23
6.48
9.12
3.33
13.48
26.32
1.63
33.09
72.19
50.57
37.64
7.38
65.62
9.85
81.95
15.12
68.97
16.58
40.61
14.69
28.49
19.12
43.63
33.42
8.18
30.09
58.39
78.74
10.00
13.02
34.66
61.17
54.59
96.42
84.01
84.56
70.55
42.32
6.73
14.31
90.16
61.70
50.40
6.83
80.98
75.91
36.55
100.17
52.89
21.24
90.21
59.78
40.69
74.23
62.61
7.08
12.64
17.92
11.15
64.90
17.38
8.16
82.18
28.72
68.76
21.66
48.50
82.74
36.44
25.12
3.92
80.20
3.37
82.15
50.07
79.48
2.64
73.03
54.46
66.00
16.22
39.33
27.53
68.42
26.71
42.09
85.24
44.03
98.30
53.50
67.97
41.43
84.37
26.08
44.10
20.13
65.59
8.53
77.87
9.30
31.09
69.19
8.65
83.34
59.26
96.17
4.23
32.15
81.38
58.40
84.40
48.37
5.93
56.52
66.74
80.06
50.15
13.83
47.77
34.42
38.20
44.30
71.50
6.97
13.93
18.37
53.77
89.56
9.16
57.43
25.17
31.70
89.44
34.62
5.63
6.84
84.15
6.72
30.58
10.67
55.38
16.43
44.38
2.88
20.18
87.94
55.10
34.76
89.67
90.81
83.39
15.93
56.57
88.77
97.49
16.17
34.78
29.92
86.15
11.01
31.71
42.83
4.23
45.69
6.14
64.04
48.87
15.26
83.23
35.47
62.95
50.80
5.50
24.80
49.35
21.93
8.33
39.75
45.35
83.97
11.26
1.58
94.58
90.72
84.22
14.86
54.82
24.29
24.59
88.16
68.53
78.33
72.04
13.30
6.65
19.99
90.87
82.66
33.96
93.00
29.88
33.55
12.95
27.34
72.30
60.70
28.19
90.09
70.93
19.86
23.33
24.42
12.91
23.35
97.74
97.75
20.12
13.83
57.82
42.62
59.13
30.78
86.74
66.78
20.14
80.75
12.51
90.04
40.67
53.60
8.82
44.30
31.68
70.79
69.93
15.73
83.72
22.29
34.43
11.74
59.76
10.28
80.30
64.17
18.39
5.15
89.28
23.51
97.45
61.76
81.60
38.45
1.52
33.37
6.63
54.54
34.18
14.23
24.30
81.20
95.29
50.21
35.29
82.53
64.40
91.12
11.73
19.73
82.71
34.94
35.50
28.10
22.40
11.72
13.00
84.28
55.78
16.99
51.83
18.94
17.57
70.42
23.68
79.69
19.20
54.10
7.94
1.19
6.56
29.18
88.33
30.19
26.50
56.09
72.18
68.55
10.35
12.53
21.63
99.10
27.26
89.61
51.16
27.87
13.02
98.98
34.31
21.77
68.20
56.06
64.99
27.17
88.42
8.69
53.11
62.57
33.05
33.69
39.73
41.55
25.52
87.43
73.33
29.73
21.10
37.41
92.20
27.73
75.39
71.75
88.36
41.92
7.38
32.13
15.10
81.23
9.29
93.28
51.81
97.38
13.80
85.17
77.65
28.12
13.75
64.16
5.96
39.35
12.90
6.13
20.32
19.52
85.86
41.86
8.81
45.50
80.93
98.25
20.39
49.92
88.86
79.57
33.75
36.91
55.79
1.63
30.27
33.52
40.11
17.56
61.60
77.10
10.43
21.99
35.64
21.56
3.87
70.84
62.15
18.26
99.01
4.94
20.33
98.88
50.53
30.17
29.73
99.18
95.19
52.92
95.72
44.78
59.01
20.88
12.77
28.79
47.92
9.07
24.27
94.60
57.86
13.50
92.87
10.60
18.66
77.49
26.40
27.07
37.27
36.80
51.69
80.49
46.64
29.25
41.30
7.86
61.39
81.05
31.85
96.14
68.12
98.31
81.78
86.49
17.60
54.64
58.12
45.97
63.55
41.72
10.95
11.10
21.51
96.87
52.59
3.58
31.03
89.83
6.66
1.07
98.99
44.21
65.37
18.62
43.08
43.78
64.74
94.53
39.14
69.64
16.38
87.00
63.63
69.22
56.09
13.67
2.95
58.52
91.03
62.11
52.82
58.70
56.46
4.86
85.86
29.83
36.19
62.35
38.18
35.08
2.41
92.10
25.26
93.94
71.75
70.48
18.32
12.77
13.78
71.47
100.35
45.14
89.95
6.09
60.69
10.68
20.82
12.50
21.54
11.97
10.43
62.26
25.58
12.42
68.56
6.84
29.23
76.29
61.51
21.55
62.77
27.25
91.97
13.22
75.86
88.64
27.87
12.95
89.74
21.40
80.81
15.71
40.45
30.83
64.64
43.74
53.30
22.61
92.04
78.24
58.72
85.46
20.74
4.43
51.35
10.16
24.29
67.83
64.18
18.89
90.23
71.82
87.10
7.53
12.23
24.98
34.05
77.35
13.18
40.51
62.04
26.74
27.51
24.13
6.10
96.38
13.34
18.57
22.82
98.22
10.47
53.71
78.74
78.92
14.83
30.29
25.41
24.79
69.98
75.46
43.74
86.69
78.76
32.12
63.91
38.09
97.02
24.74
62.00
55.50
78.63
59.00
82.67
34.45
12.52
58.09
67.44
85.55
14.36
94.52
10.29
85.59
58.44
90.82
14.00
10.98
7.98
82.15
64.32
84.08
21.22
64.82
82.88
10.46
99.65
77.42
5.58
8.29
32.50
74.34
100.75
64.94
14.55
30.26
3.39
77.41
8.41
43.43
45.84
60.83
79.14
2.22
99.46
70.71
15.22
16.69
3.46
2.05
59.31
58.35
38.07
53.70
90.58
35.52
37.04
39.75
30.91
27.94
39.55
73.08
63.40
83.13
59.50
76.94
10.45
61.42
46.36
26.44
12.37
53.52
13.86
14.14
24.57
17.58
33.78
94.47
1.69
95.24
64.96
91.25
22.67
85.52
48.67
81.90
32.21
23.96
68.22
53.50
28.29
70.65
80.64
14.62
14.42
97.29
54.01
26.15
22.89
70.94
48.78
62.55
63.21
98.50
22.94
100.75
28.32
100.22
27.09
63.34
8.01
27.19
84.49
91.77
95.74
18.62
57.80
82.52
69.55
14.06
89.62
94.03
8.35
37.79
3.31
8.36
96.55
55.13
23.55
4.32
52.27
77.95
52.16
77.05
24.35
53.02
20.36
33.07
90.47
10.37
97.55
94.05
76.67
16.14
26.95
90.90
26.26
40.92
69.86
24.27
50.68
81.91
10.27
5.43
93.09
17.61
52.46
12.30
17.68
14.82
58.61
66.58
49.08
29.90
96.11
16.07
45.49
11.57
4.59
42.21
54.94
36.59
6.04
85.88
8.70
47.13
8.40
66.95
39.77
19.40
4.29
13.79
37.61
85.01
45.79
33.54
65.32
26.65
32.63
66.99
82.71
15.94
28.55
97.49
24.59
57.89
24.55
19.08
28.63
88.45
53.00
5.70
15.74
51.12
28.47
48.34
29.79
25.04
96.13
83.05
5.62
38.61
12.52
67.97
61.61
11.45
7.60
15.23
57.91
9.81
35.75
50.92
38.11
28.66
43.21
100.32
67.84
66.02
79.48
8.06
89.67
79.43
94.15
47.45
99.98
99.16
100.46
1.19
62.56
46.92
80.93
10.31
43.26
77.51
16.40
86.25
6.28
3.08
13.71
16.83
64.54
23.31
41.09
52.80
55.00
4.58
2.03
80.11
1.00
14.35
7.22
87.57
41.51
27.80
80.12
93.16
67.91
9.59
44.95
2.12
43.60
74.27
60.18
32.34
77.55
4.99
69.78
78.30
13.79
49.25
77.96
68.01
39.70
13.33
70.67
71.60
90.75
15.15
72.60
60.64
34.70
91.30
96.80
72.42
93.99
24.35
86.51
14.88
85.19
11.94
27.63
63.69
6.40
88.46
99.38
68.41
94.19
28.95
69.19
19.41
50.93
31.47
37.70
55.58
87.93
92.74
6.15
16.52
27.35
23.95
73.73
12.04
29.66
41.26
24.64
43.01
98.53
85.95
67.79
31.11
78.33
19.39
73.86
64.05
9.14
7.66
70.62
67.25
56.62
30.28
70.90
12.06
9.14
23.44
92.22
85.05
2.30
19.70
16.58
51.63
16.08
31.39
75.42
61.62
79.72
64.63
82.16
6.93
48.19
87.74
29.65
6.73
51.54
90.43
51.71
91.61
96.21
69.85
41.82
23.98
16.75
45.86
1.54
24.32
66.10
7.95
25.93
8.35
25.90
63.72
41.40
6.61
5.19
57.72
71.19
44.63
11.85
7.09
20.49
37.39
60.65
30.91
28.97
36.05
69.88
22.58
61.27
61.97
36.65
77.53
87.46
52.43
76.58
40.90
64.38
62.19
24.14
43.00
40.49
23.80
62.67
67.30
96.69
49.08
29.15
43.01
88.80
8.86
58.44
25.67
5.78
17.82
22.85
47.22
46.15
76.76
48.46
58.65
73.03
11.68
41.11
25.32
77.86
95.89
26.59
36.58
60.79
31.20
27.18
23.38
22.70
59.15
77.32
28.91
24.29
1.49
2.44
36.45
68.80
37.73
12.70
5.75
46.93
14.23
63.37
49.87
12.79
15.97
18.56
25.10
61.77
76.82
44.85
100.04
62.21
88.67
35.03
27.08
79.49
57.83
16.08
8.39
48.98
33.21
84.66
3.03
42.67
96.59
25.79
34.78
41.37
44.12
73.26
33.32
57.12
2.85
80.04
44.22
39.36
59.53
61.55
4.43
100.37
14.44
69.42
52.96
13.24
66.86
75.57
17.90
13.52
23.43
73.34
32.50
36.19
66.53
60.28
17.10
40.72
77.31
24.55
99.19
49.45
15.01
16.52
50.39
19.96
70.17
95.35
10.83
4.52
15.04
19.58
24.39
66.05
8.78
88.63
55.20
54.87
12.93
10.37
15.22
9.35
19.61
78.39
83.96
7.79
98.40
85.22
9.93
22.36
24.56
65.68
27.68
97.93
100.69
7.36
27.26
6.41
68.27
45.68
84.02
21.13
81.13
40.25
51.77
6.39
81.99
17.94
42.36
89.90
83.45
79.35
25.83
34.76
48.20
7.64
53.87
10.72
42.17
1.32
93.26
23.51
29.44
13.11
93.45
59.85
8.63
88.43
62.58
19.43
76.42
92.09
73.31
25.60
13.57
4.28
26.35
28.69
66.48
14.38
86.84
16.97
53.70
27.88
67.89
10.93
76.65
23.71
42.48
15.47
12.97
28.19
34.86
22.81
65.63
72.34
78.82
14.80
92.64
7.80
38.67
60.06
11.83
81.86
25.02
77.85
3.79
25.52
16.20
55.25
4.88
59.64
36.24
13.59
28.39
34.44
32.51
35.71
71.92
41.58
69.87
26.75
16.95
18.54
58.49
58.57
17.07
45.88
85.95
10.56
97.63
29.72
83.14
61.33
57.29
14.58
33.00
61.31
28.04
67.89
73.08
95.76
50.08
76.99
47.28
80.82
75.61
38.29
66.83
77.34
21.92
17.81
20.60
62.10
89.72
58.21
16.24
11.85
5.57
5.46
9.16
1.43
97.90
40.81
34.93
43.65
95.13
59.13
27.87
93.68
53.59
11.45
21.71
19.57
37.51
86.67
24.20
26.24
20.55
84.17
18.60
91.41
14.09
5.90
99.08
28.62
30.24
38.49
33.13
23.35
35.56
92.14
51.89
92.94
14.17
60.85
5.98
97.82
100.94
25.99
4.76
60.78
94.13
14.06
98.17
94.14
40.54
22.84
80.36
25.62
79.46
94.55
46.94
93.22
84.53
100.99
18.81
73.92
22.26
83.77
73.26
48.84
21.65
88.55
20.46
14.13
13.57
98.08
19.55
91.28
60.57
67.25
50.96
27.34
65.09
66.67
83.82
35.85
42.77
71.99
76.64
61.27
70.33
52.72
56.25
13.07
41.13
39.80
68.53
52.16
12.91
51.57
45.97
31.43
88.75
74.29
30.31
45.23
9.62
10.80
71.90
17.23
14.74
87.30
1.25
9.28
28.32
38.01
43.70
14.55
38.03
34.51
38.41
39.05
29.89
75.06
62.29
24.01
85.12
11.35
73.74
13.34
23.38
4.86
16.64
1.62
71.96
53.61
16.73
17.70
89.91
45.83
15.25
100.86
42.08
4.46
27.25
46.03
92.06
12.94
98.85
4.40
30.41
7.76
55.49
88.30
96.61
55.75
53.79
3.40
100.23
18.62
52.14
14.01
76.64
12.03
34.30
60.27
72.00
89.30
24.10
86.48
16.13
72.36
2.50
27.07
31.47
34.02
65.03
28.25
10.94
71.08
70.95
66.92
78.86
3.03
37.57
17.27
27.70
49.75
75.45
26.68
52.81
89.21
85.88
34.27
14.36
74.60
20.95
84.91
89.12
24.16
72.04
13.10
24.03
3.44
97.88
78.80
9.73
32.84
70.50
25.44
69.05
35.87
82.33
6.34
35.63
39.27
58.82
57.72
82.12
17.45
55.68
1.28
74.76
9.26
76.96
50.02
52.31
82.58
26.90
23.46
16.84
14.92
16.93
27.24
12.74
74.50
10.91
15.66
86.19
54.79
36.40
30.65
13.82
80.82
94.33
14.28
35.51
38.64
85.54
20.29
37.54
52.37
68.17
49.70
80.56
100.31
91.85
71.43
52.65
20.67
41.53
11.20
31.23
87.57
35.03
65.13
38.49
9.46
34.79
23.01
52.80
22.96
30.64
60.44
22.14
12.57
85.92
69.68
68.19
30.99
20.87
66.82
45.73
53.47
70.26
54.08
94.94
14.75
89.21
76.82
79.29
17.46
44.11
98.45
46.30
65.07
67.04
86.55
3.93
82.33
91.04
90.52
39.38
57.45
2.58
37.93
89.60
70.88
19.75
38.87
16.63
60.07
70.80
54.98
60.20
52.84
75.33
94.67
25.18
29.63
92.15
51.06
87.20
23.88
52.96
95.20
3.24
39.67
90.50
2.44
58.10
83.25
57.18
95.24
86.01
92.25
76.78
54.39
13.57
28.64
42.12
3.21
90.98
11.24
67.41
21.34
25.52
87.99
69.68
28.34
44.15
46.62
15.95
2.57
60.77
7.07
87.04
98.82
64.22
45.20
30.44
2.65
68.75
52.49
11.37
12.30
43.02
58.33
86.92
7.68
10.13
64.15
72.33
31.41
94.69
22.19
73.33
25.98
60.32
57.24
23.33
54.71
79.62
25.96
23.41
63.25
75.45
84.22
65.96
77.07
90.91
40.14
4.06
17.50
33.09
91.06
32.41
93.44
70.97
11.28
58.84
46.82
69.43
88.88
57.97
7.25
58.39
16.83
32.66
35.54
12.69
64.36
62.27
43.76
97.26
7.89
31.10
71.59
36.11
5.65
20.66
2.03
65.96
96.90
65.36
66.91
67.03
77.78
38.14
60.82
12.97
65.26
93.58
44.38
55.71
92.00
2.64
74.15
6.01
71.40
36.99
12.50
66.39
90.85
57.77
42.15
45.32
18.90
58.44
34.23
66.36
82.49
27.39
43.86
71.53
12.50
60.50
11.28
32.90
52.24
19.37
23.98
77.74
14.43
45.95
96.43
51.95
23.53
93.61
18.28
88.66
48.38
14.72
70.53
89.97
79.06
92.49
66.90
65.32
37.78
34.00
92.05
63.88
3.61
73.75
49.35
83.05
97.93
55.48
89.88
94.77
59.48
39.84
52.10
28.90
94.56
45.93
77.95
70.52
94.26
35.78
57.80
23.07
62.58
14.09
74.53
15.36
4.40
49.70
94.73
70.61
57.25
61.54
54.08
45.06
91.02
20.31
63.40
30.85
88.76
80.78
20.88
35.45
5.35
2.36
84.80
67.95
55.32
60.33
15.08
87.21
37.40
73.06
81.27
8.51
70.39
47.82
40.56
3.91
47.77
68.68
45.10
23.20
67.00
98.59
8.25
28.06
27.50
11.29
90.55
10.84
89.89
31.36
18.28
11.82
18.08
10.38
65.98
78.97
98.71
3.48
57.52
7.19
2.30
22.33
36.92
54.51
42.14
20.80
35.91
8.03
23.16
89.35
24.79
84.60
98.30
5.53
93.68
5.13
45.95
19.27
95.04
73.83
20.11
94.34
2.64
82.51
69.75
95.64
9.96
83.97
68.34
98.80
6.13
9.77
16.08
84.15
88.05
8.51
28.13
57.73
51.37
9.55
50.02
35.31
44.94
81.93
7.07
79.58
28.37
87.23
67.73
17.43
11.53
8.53
50.54
76.69
62.68
97.20
82.53
90.56
18.44
87.50
49.40
61.91
68.35
65.25
38.98
59.72
57.60
100.50
92.62
64.78
84.32
36.72
53.21
30.80
70.09
52.57
63.16
54.72
70.80
31.71
91.94
7.31
34.33
86.23
66.23
49.83
93.67
7.34
84.01
11.21
25.09
59.73
51.73
83.59
92.12
73.40
9.01
6.25
83.58
70.73
41.45
51.00
100.26
8.81
18.44
56.06
41.45
44.10
61.04
67.85
69.05
53.06
78.52
1.78
45.11
16.12
49.17
22.01
14.42
83.09
17.95
74.30
33.98
25.70
26.78
8.42
59.59
25.01
80.32
81.56
19.02
97.35
5.08
62.21
43.60
74.55
64.48
64.30
15.25
59.00
9.11
9.60
11.67
1.44
65.14
59.00
40.60
17.65
22.96
76.68
22.61
24.05
22.84
80.25
36.56
93.00
95.26
56.15
48.75
12.64
57.16
99.50
4.34
85.73
83.29
81.07
37.62
29.06
60.23
20.06
18.15
93.04
68.10
45.81
66.11
28.76
50.29
20.80
4.88
92.82
35.85
78.70
39.44
20.84
53.30
2.41
83.95
90.20
47.17
11.02
16.49
75.27
49.19
2.24
67.28
62.18
89.76
37.72
29.12
13.85
90.72
88.55
81.09
69.17
84.96
79.11
51.01
16.38
10.20
57.36
81.71
9.22
77.67
95.85
81.95
38.21
69.44
70.14
42.31
17.69
69.47
21.75
43.21
25.91
54.59
87.92
50.65
7.91
90.47
54.50
60.74
16.85
63.39
90.98
5.44
3.65
3.61
32.00
63.89
9.03
9.59
67.15
12.93
33.98
79.86
49.64
1.41
14.94
9.07
96.48
92.83
96.84
90.73
29.21
60.50
51.71
49.28
55.35
56.93
86.68
37.68
90.51
9.35
27.73
74.17
21.49
96.88
39.89
20.29
63.75
70.43
53.19
63.26
76.97
17.01
82.85
26.19
64.46
72.64
91.59
70.85
12.07
76.41
3.89
36.46
94.14
78.86
30.81
42.28
87.02
31.32
27.84
63.63
97.05
75.36
54.90
24.41
85.62
86.85
86.95
62.13
81.16
42.86
69.41
46.82
41.94
10.52
98.80
58.97
46.17
66.26
72.10
86.53
41.95
76.63
25.31
1.47
86.38
4.59
98.49
75.77
38.36
6.38
15.63
59.10
17.55
27.33
8.51
76.27
61.84
83.43
36.43
63.92
27.83
76.95
96.98
68.98
73.19
69.70
7.35
100.52
3.48
59.48
89.80
93.32
1.08
36.78
85.50
22.15
23.27
22.90
25.72
69.67
20.80
74.34
72.23
67.23
15.29
95.74
89.77
14.32
12.30
37.41
17.85
19.03
39.53
47.34
49.25
43.91
10.14
2.79
27.29
14.76
98.87
25.34
24.47
6.16
88.11
15.17
91.43
59.54
14.34
42.51
68.26
32.36
1.80
42.49
57.69
72.73
90.35
79.23
29.32
39.27
27.50
42.32
43.28
73.13
44.16
52.19
41.35
63.52
20.56
16.11
4.62
79.54
42.34
43.43
74.59
28.51
85.34
57.50
60.30
88.60
5.91
78.70
72.90
22.34
4.79
60.84
87.00
1.93
62.65
55.31
4.19
29.60
70.87
23.68
35.04
85.82
61.81
13.18
79.44
35.89
28.21
75.65
50.95
97.33
91.41
89.21
68.08
69.25
48.06
24.47
19.54
81.26
36.46
14.91
32.85
14.24
70.81
11.36
13.02
33.46
88.91
52.72
82.47
96.91
17.21
49.73
53.38
69.02
49.36
30.86
99.11
19.18
57.50
34.78
88.12
67.58
57.36
16.98
51.57
42.68
15.24
36.50
6.84
6.39
64.32
13.45
70.74
5.11
35.30
91.12
71.19
32.20
45.69
23.68
17.03
85.93
14.28
20.71
13.42
93.22
38.90
57.01
99.32
4.68
61.13
6.54
20.52
3.64
26.67
4.59
18.10
68.58
71.10
56.69
25.48
74.47
12.27
15.53
72.58
52.78
23.62
12.19
90.24
87.67
1.71
71.64
68.76
19.13
21.20
7.25
68.19
8.89
71.61
66.89
63.85
16.78
75.52
2.05
35.12
15.83
50.30
8.76
34.80
55.19
38.94
7.85
78.24
65.27
39.93
30.51
81.49
48.21
27.85
1.68
70.73
31.00
62.50
51.23
11.01
7.48
42.37
12.00
8.66
80.43
80.87
14.67
12.11
13.00
37.69
36.75
12.15
83.75
43.70
54.36
70.55
60.81
14.98
55.49
61.23
55.50
9.76
29.67
31.62
15.48
57.67
18.72
61.85
90.26
8.76
23.67
52.83
39.69
93.55
8.00
8.34
41.53
92.18
22.66
20.69
56.31
13.02
68.80
59.06
56.29
42.13
28.21
85.26
4.58
79.16
69.47
53.07
63.48
38.02
24.77
58.89
56.44
6.44
92.83
12.33
62.81
2.66
62.94
32.69
37.60
35.78
27.97
51.00
22.82
50.92
75.12
84.85
15.09
22.86
16.03
48.89
79.28
45.37
12.93
12.94
11.06
84.35
45.37
42.65
4.50
16.14
34.12
17.95
33.72
23.52
85.53
64.16
87.62
53.89
4.97
35.48
28.49
96.82
36.63
30.63
24.22
66.92
24.43
18.59
46.25
16.89
39.01
9.55
40.16
17.64
59.33
89.34
37.91
39.43
55.44
29.08
35.43
72.35
71.90
37.52
15.40
86.60
73.37
14.23
28.28
8.91
9.20
64.80
72.77
94.36
24.45
23.80
87.26
86.81
74.20
93.04
29.04
45.42
57.98
62.24
95.66
43.04
7.81
41.27
48.27
9.27
42.32
21.73
37.79
27.07
86.49
20.39
2.69
46.30
75.65
97.33
62.31
89.42
58.59
53.68
91.63
57.42
13.93
100.35
50.40
77.09
34.59
14.99
31.24
70.15
8.22
27.70
99.45
70.11
39.24
52.64
66.05
87.09
36.01
40.19
7.03
92.85
66.78
43.45
2.22
92.32
43.63
3.15
64.20
98.52
87.30
53.89
56.35
71.06
59.53
29.63
49.11
24.07
83.92
3.74
53.72
98.03
40.04
19.90
74.49
11.91
41.08
70.74
65.26
66.72
53.86
14.31
63.22
2.09
8.20
2.30
26.07
31.92
71.32
14.65
5.38
59.19
80.68
63.58
26.70
93.26
13.82
74.28
32.72
78.55
79.39
58.86
47.45
19.70
63.46
35.43
57.67
56.67
96.59
44.61
36.05
25.68
100.61
56.48
68.04
68.63
85.09
38.93
74.81
83.76
12.40
97.34
98.89
86.54
75.30
55.00
12.51
38.04
16.72
51.84
75.25
100.45
57.07
20.13
79.54
81.81
3.50
81.07
65.86
46.38
95.62
97.36
18.66
42.13
68.32
44.71
24.77
9.19
12.23
24.78
99.07
22.46
63.26
71.62
27.06
15.53
58.92
2.14
12.10
3.06
12.46
45.40
64.61
52.57
48.89
7.63
67.19
3.94
72.57
46.18
2.18
98.26
96.17
43.16
86.45
50.24
64.12
39.56
61.34
77.29
94.03
50.02
10.29
40.28
7.68
23.51
41.47
90.24
42.82
42.37
29.24
31.30
71.06
92.99
13.37
6.83
65.65
81.60
88.40
17.06
98.11
13.41
39.03
66.30
90.48
80.96
45.91
12.47
37.85
56.46
74.94
63.25
47.69
23.53
53.04
23.85
61.40
49.22
18.39
2.27
17.16
42.49
73.12
77.07
39.14
70.51
3.35
27.32
41.67
10.27
98.94
69.73
94.92
64.92
1.14
24.34
38.95
17.73
64.31
91.95
43.66
31.82
76.69
32.60
24.65
11.30
49.63
49.72
10.59
99.90
20.27
80.02
95.61
43.37
86.06
67.65
61.43
36.44
85.69
97.94
90.15
19.00
43.04
77.24
65.15
76.14
71.78
38.38
8.53
45.22
31.33
35.49
78.45
1.55
30.04
32.28
72.19
42.70
55.50
5.83
1.09
19.93
89.61
71.73
15.39
4.62
15.82
41.68
14.65
14.87
25.43
39.42
47.81
24.20
15.02
100.13
98.33
77.39
14.24
11.22
17.39
46.24
52.82
90.51
81.80
67.18
40.02
12.14
16.46
76.52
86.90
36.09
21.45
80.91
99.76
90.12
47.92
59.91
43.29
10.76
62.87
84.76
12.24
92.33
2.56
71.71
70.01
54.97
26.70
36.93
5.71
37.82
51.85
77.67
40.05
60.46
97.64
68.14
25.60
3.47
34.83
62.61
37.81
29.70
19.93
20.05
31.77
40.07
32.81
61.65
82.46
14.81
40.59
35.30
5.08
89.37
21.21
98.40
23.92
14.33
69.86
33.21
20.35
60.67
32.47
70.46
54.38
77.11
12.61
71.08
58.04
57.37
100.50
80.24
63.06
87.22
4.43
57.11
52.90
46.30
60.85
19.35
52.78
49.75
14.27
21.30
59.87
72.40
11.04
15.24
15.07
6.76
79.41
27.30
46.24
31.35
75.65
1.97
1.02
100.53
56.06
8.24
50.24
17.14
20.91
27.42
95.18
9.85
53.28
22.08
55.09
14.98
1.74
5.90
34.48
67.50
37.76
24.75
46.45
86.12
68.93
62.62
70.27
78.41
49.66
45.82
23.79
21.31
48.98
23.65
79.88
19.11
61.69
22.09
84.36
18.20
43.98
76.23
99.87
27.12
4.48
55.20
44.18
82.81
76.34
68.25
57.88
48.30
62.98
20.94
59.31
56.71
32.23
71.99
49.43
69.86
17.67
70.29
7.31
66.48
98.95
77.98
79.36
77.27
33.56
37.67
11.82
88.17
51.86
17.46
3.60
52.21
11.07
34.65
78.31
12.60
1.38
82.81
14.10
45.35
90.81
40.02
6.85
57.84
72.55
21.18
17.91
11.58
52.46
20.16
48.08
22.60
95.56
92.23
48.67
47.72
35.44
17.95
53.36
91.44
22.56
71.36
38.29
71.29
85.77
21.13
74.22
97.72
72.46
17.02
55.07
23.22
47.88
50.08
94.41
99.98
1.98
62.12
18.84
73.09
10.44
97.43
66.67
82.25
60.01
29.37
59.40
3.82
73.81
8.45
26.65
84.57
12.96
76.88
13.63
54.21
84.01
85.60
56.31
85.27
64.06
12.39
82.78
47.09
92.84
74.08
52.01
13.47
66.82
76.17
83.80
24.54
18.41
14.33
80.59
85.49
37.02
9.48
99.31
30.29
59.47
20.29
90.98
71.63
31.14
47.07
27.77
71.43
20.92
81.59
7.52
25.27
46.50
84.53
60.03
10.49
71.70
28.25
23.56
20.78
36.91
8.04
22.18
36.75
7.48
48.71
93.60
81.54
77.86
43.67
6.24
29.45
1.29
64.09
74.90
93.52
81.02
13.68
1.27
21.77
26.66
28.21
7.79
76.83
41.29
95.43
55.07
62.95
45.48
56.03
94.59
81.19
5.63
4.21
4.11
36.51
6.87
33.28
89.47
67.11
1.99
17.14
78.84
70.34
40.17
43.80
31.61
55.59
73.08
10.24
26.22
60.01
18.75
27.16
89.35
91.23
48.84
53.50
24.61
54.62
17.94
66.48
30.61
73.82
45.20
57.58
5.21
34.31
50.08
11.01
65.87
3.39
35.39
16.86
21.18
39.60
59.69
1.24
100.55
83.04
13.63
44.35
89.41
96.97
29.75
90.33
70.69
39.58
20.75
41.21
20.09
19.33
24.86
78.85
55.70
69.95
51.40
62.76
78.83
13.57
41.04
62.77
89.76
88.40
55.27
20.83
98.15
62.91
75.46
5.45
73.49
93.23
15.56
14.64
38.44
44.07
7.25
12.22
39.56
29.82
4.46
42.81
9.12
91.58
17.02
67.33
46.26
5.34
71.17
5.46
66.81
86.06
15.67
52.01
25.06
95.33
6.99
36.48
24.69
83.55
1.16
63.41
83.78
40.33
59.91
49.19
54.04
13.41
3.18
80.59
8.36
17.38
26.29
33.58
92.41
6.48
32.59
71.66
92.62
7.92
2.68
100.78
88.76
19.54
24.92
52.41
49.62
6.50
97.82
62.30
31.94
11.52
27.10
19.97
6.39
26.00
34.28
22.50
50.04
56.10
67.54
55.03
3.42
66.82
36.07
62.87
20.76
10.50
24.77
41.84
9.73
70.07
22.96
27.20
97.39
65.46
62.49
3.24
21.27
51.75
75.54
26.21
73.42
46.75
14.02
74.92
40.90
61.05
77.46
27.74
18.04
40.86
10.01
43.79
3.36
62.54
17.90
81.80
33.45
50.78
89.48
82.76
26.48
4.04
4.91
48.01
78.55
48.20
81.72
70.99
84.10
42.36
94.45
47.16
63.44
83.54
37.66
21.27
28.53
3.81
24.11
32.22
10.44
75.45
27.63
9.99
73.09
8.78
68.64
32.55
47.53
2.75
99.28
37.22
96.37
86.56
44.91
17.53
51.18
20.49
23.34
60.05
51.46
20.18
60.08
45.87
4.80
6.15
33.47
79.29
79.76
77.06
15.41
4.96
85.09
85.23
4.79
71.62
2.10
18.91
47.10
86.69
13.15
42.49
24.80
85.93
14.54
58.81
1.29
8.79
12.02
91.06
70.79
12.75
33.67
53.11
73.79
89.47
95.02
10.16
96.57
34.80
74.33
95.78
16.09
6.04
32.94
62.28
96.31
12.28
21.53
53.79
80.23
34.57
85.92
57.44
24.06
92.18
73.07
9.53
45.17
24.28
18.59
96.94
11.83
53.96
65.69
11.96
71.17
19.16
47.78
91.83
20.16
28.52
88.98
11.71
86.71
24.99
50.40
16.28
33.61
81.19
59.45
38.79
1.57
40.57
9.91
8.01
87.04
29.48
5.62
8.86
9.59
85.19
33.83
58.84
32.29
46.49
41.05
32.01
28.32
22.53
9.89
31.07
74.07
39.10
69.71
51.83
22.06
97.73
66.98
68.27
73.90
99.36
13.22
91.44
40.46
15.49
79.28
38.26
46.47
81.60
15.17
57.54
68.06
14.49
53.84
42.78
77.71
8.01
5.58
85.35
27.86
5.91
50.55
8.43
26.23
10.78
4.10
24.52
12.80
23.53
17.64
12.25
51.01
8.82
21.81
66.04
5.15
44.22
48.99
37.56
77.78
42.53
29.31
82.35
28.36
53.85
52.45
98.43
80.95
94.14
46.72
63.88
31.32
60.41
55.10
32.81
4.24
59.63
76.73
13.40
100.75
14.16
25.82
81.27
69.20
6.42
48.81
64.45
27.40
58.04
79.45
61.99
60.75
16.52
17.25
12.99
21.75
19.04
19.67
31.47
62.26
98.37
76.56
24.02
68.38
85.16
86.68
41.40
23.06
78.06
13.75
11.18
51.28
17.05
9.69
98.27
20.05
26.99
71.74
52.97
17.85
62.30
36.49
57.56
17.84
90.37
62.10
88.25
75.36
72.22
67.89
48.21
56.92
96.80
65.73
14.31
75.27
8.71
41.52
27.40
85.01
2.62
65.97
58.10
63.99
9.09
31.24
25.27
82.54
15.55
65.09
90.10
10.66
8.77
46.75
36.97
14.26
44.15
99.30
66.77
22.87
49.62
70.31
83.31
15.24
48.07
92.55
3.17
11.77
61.39
76.67
12.33
7.45
46.20
25.78
31.20
78.96
13.55
2.55
24.89
50.65
99.70
100.29
43.42
91.18
95.60
14.64
58.24
91.85
57.47
5.90
99.35
21.47
61.57
33.25
27.40
47.24
76.41
93.91
23.47
88.82
36.88
71.56
46.03
22.77
65.83
54.86
27.36
70.50
72.44
24.19
15.79
50.38
17.29
90.38
11.11
95.98
95.04
33.03
35.35
18.21
3.20
55.88
1.27
7.26
37.10
96.16
71.77
77.94
88.63
59.00
17.21
40.91
85.97
21.79
34.34
50.74
67.20
56.50
80.26
81.11
1.84
19.11
17.23
5.83
44.08
17.68
17.40
12.82
81.08
72.56
66.00
65.25
9.11
37.19
7.65
84.46
7.02
76.23
19.04
19.75
1.77
90.94
1.58
9.08
22.83
28.40
83.74
70.80
83.19
86.28
71.10
32.13
47.26
26.43
76.83
73.06
66.06
33.80
89.41
25.30
18.77
81.64
93.14
47.63
68.55
62.36
62.73
91.56
48.52
51.47
17.14
100.11
15.42
17.49
85.96
30.21
18.73
42.52
29.03
5.11
56.91
13.74
17.88
51.49
45.26
63.04
25.86
95.53
24.12
14.98
63.38
78.94
47.23
24.82
43.40
95.01
2.09
85.57
58.27
62.88
57.53
5.31
25.35
33.81
94.78
80.34
16.50
92.38
8.32
31.42
16.38
7.82
97.09
77.68
58.44
7.58
78.81
51.24
23.92
31.70
52.41
51.36
23.07
32.05
7.33
89.06
99.44
69.08
23.56
57.93
78.20
11.62
59.40
26.63
48.24
23.03
59.94
45.80
3.84
34.86
83.35
67.82
37.21
58.87
67.32
86.17
67.43
3.06
4.95
1.86
75.88
82.78
12.30
2.40
89.04
4.89
86.35
5.16
44.53
74.24
29.37
99.84
43.22
46.81
70.55
37.43
1.71
84.95
68.90
21.80
78.47
48.14
26.63
74.53
66.66
87.12
69.13
71.93
39.31
64.07
10.16
75.75
25.68
54.28
30.75
24.49
74.01
58.16
62.63
98.65
17.95
2.25
98.48
45.63
66.22
84.06
36.79
20.52
2.33
24.14
17.57
85.53
90.69
1.58
67.36
62.82
80.47
91.86
14.27
9.28
60.73
12.63
44.26
94.61
45.55
22.14
17.27
70.99
82.86
14.51
43.90
83.52
59.62
87.58
20.08
9.61
7.61
34.81
95.02
36.45
22.67
4.84
1.40
11.15
27.63
60.38
64.17
49.41
10.42
87.41
69.39
86.47
55.14
49.60
58.88
85.55
53.01
49.62
19.30
9.19
12.64
9.37
12.03
6.90
93.14
41.36
48.98
92.34
9.21
17.06
56.20
78.90
63.60
89.37
92.14
14.42
40.89
40.94
94.42
56.47
16.57
20.09
22.09
44.05
93.48
82.42
52.00
8.82
4.63
87.37
11.49
31.00
52.53
67.80
12.20
93.66
15.07
100.47
94.85
91.35
15.76
44.65
60.72
46.99
98.95
16.68
5.72
8.07
29.60
66.21
81.88
94.63
42.70
6.61
59.48
91.86
83.53
86.71
23.38
30.08
2.23
18.03
17.12
42.27
28.54
27.62
2.09
29.48
5.66
6.11
5.30
45.75
25.73
82.62
12.35
28.33
41.62
96.15
6.70
74.09
1.98
99.64
24.39
69.25
50.16
23.38
6.60
53.67
25.20
16.94
63.84
75.84
59.02
50.00
58.98
1.14
86.52
16.28
19.71
5.48
1.13
97.56
82.80
46.98
40.47
47.20
44.29
5.24
77.44
24.48
59.15
63.76
41.48
66.59
66.18
57.22
67.02
6.49
81.79
50.18
38.25
78.78
65.91
22.63
61.16
95.99
70.12
24.35
92.13
46.34
15.54
45.91
55.33
63.05
23.12
100.41
98.16
33.52
80.77
31.54
20.57
13.44
92.76
69.97
40.67
60.58
53.26
30.13
66.66
90.07
75.18
99.10
6.91
73.76
68.58
63.19
78.50
83.78
76.86
8.62
92.51
19.96
3.41
52.76
16.51
44.28
76.90
52.99
73.75
60.22
3.15
55.81
13.49
79.10
19.76
10.23
11.94
54.01
50.35
48.06
78.43
84.95
70.24
87.36
24.56
37.64
84.86
12.63
81.50
56.15
32.71
92.25
37.64
7.46
98.93
16.51
22.81
87.23
5.01
4.00
89.72
69.46
28.48
42.76
10.03
35.64
17.99
43.66
32.16
70.47
96.24
4.21
60.01
100.00
60.63
15.86
15.11
2.02
1.90
2.23
96.66
15.59
29.11
55.18
86.66
30.35
64.09
5.41
79.13
25.27
6.26
66.64
33.03
82.28
58.60
34.88
37.02
84.56
92.51
70.99
70.39
29.42
76.13
41.87
52.76
76.09
22.59
10.11
83.92
49.69
97.84
13.36
51.08
34.98
67.75
74.28
90.84
89.04
34.98
20.81
80.25
62.16
62.00
23.40
10.48
43.23
58.70
80.08
21.87
59.40
41.62
45.24
15.50
12.20
49.31
20.47
98.68
69.15
70.29
92.60
28.51
86.98
52.60
88.17
27.90
91.51
60.55
68.04
21.30
7.45
66.39
69.51
87.71
33.65
91.52
81.39
37.99
75.76
95.75
87.08
75.71
36.38
90.84
5.72
37.81
85.30
21.46
49.54
12.73
22.46
72.77
99.72
38.56
26.78
47.87
74.26
93.91
5.12
57.34
79.57
13.64
88.38
42.57
19.12
35.97
18.24
68.97
61.66
51.32
26.83
10.78
70.04
65.66
6.79
31.30
44.00
38.20
4.80
100.01
71.71
48.92
49.70
64.66
37.15
23.60
50.10
84.05
24.67
61.18
10.75
35.17
93.59
40.26
2.79
38.80
14.99
60.17
26.39
34.12
9.87
6.07
22.28
35.88
48.57
31.80
21.58
64.36
37.94
98.99
22.61
83.45
18.10
61.87
41.19
90.84
62.89
57.61
72.25
80.25
80.93
25.49
3.05
64.35
36.42
48.76
83.55
32.11
63.28
6.78
38.99
36.96
57.97
22.33
28.43
87.93
3.06
97.90
19.09
46.25
17.69
94.66
14.19
44.34
14.55
79.19
57.64
51.09
93.51
79.08
4.34
57.36
6.96
83.23
19.38
97.77
86.71
23.54
4.04
18.26
75.60
22.92
96.60
82.38
17.85
56.96
28.87
91.80
63.99
88.34
80.34
26.49
27.34
19.53
6.16
84.66
30.75
39.85
47.14
10.75
97.88
18.65
81.00
38.01
82.82
42.16
29.10
98.55
9.33
85.80
16.48
22.47
68.97
56.35
27.13
40.86
87.69
86.69
92.34
29.49
5.69
83.54
73.74
54.14
7.91
4.72
4.05
97.48
14.13
83.43
72.81
17.74
14.16
26.81
43.44
35.89
66.37
55.32
71.96
84.68
66.13
59.62
7.36
33.27
21.26
38.51
73.56
65.43
17.96
8.09
49.46
57.10
69.51
92.20
99.69
26.85
69.75
56.55
64.58
22.22
17.57
5.55
29.77
2.55
94.44
63.14
56.38
38.76
20.88
87.11
19.73
95.12
43.58
22.84
48.27
68.69
88.04
29.16
93.87
91.70
17.70
54.50
26.72
94.04
68.33
51.38
56.67
14.17
20.11
90.46
40.30
27.77
27.08
2.43
11.22
88.93
43.11
34.78
8.06
8.45
70.43
47.21
59.22
68.36
42.08
28.51
100.43
20.79
85.73
61.02
5.75
48.54
3.64
51.46
74.11
16.90
37.44
54.10
75.15
6.56
52.53
86.38
62.67
1.72
34.09
98.65
86.99
27.85
50.81
41.00
37.92
53.20
16.87
56.66
19.92
36.16
58.99
94.13
93.18
72.69
8.48
5.85
41.92
64.36
23.37
16.64
20.53
93.25
45.23
94.06
72.98
94.02
40.52
44.05
14.31
50.40
90.84
30.12
97.34
8.19
60.51
17.87
91.95
83.02
50.51
37.15
63.38
85.15
33.28
1.71
34.77
9.28
11.25
80.70
22.46
88.51
32.17
59.87
1.40
92.48
48.58
20.93
10.73
87.52
71.52
10.77
1.39
37.24
55.01
78.04
97.53
29.06
1.40
93.65
56.65
98.95
11.76
38.66
93.83
12.22
28.54
25.42
56.96
61.84
82.13
58.59
82.48
97.56
71.56
55.49
64.97
2.65
54.46
12.71
36.30
52.90
2.26
87.56
8.95
89.05
89.73
79.61
2.53
27.51
82.68
16.41
80.40
3.78
1.80
94.88
75.18
79.85
94.61
3.88
70.39
35.72
59.27
96.25
16.79
78.31
80.03
69.97
93.72
68.96
2.93
75.72
57.29
38.55
86.41
50.68
73.22
34.38
91.23
55.70
14.65
67.77
99.79
26.39
79.77
46.72
27.29
12.46
14.08
5.38
61.34
23.27
9.22
82.69
96.99
95.69
90.59
10.83
37.65
89.63
21.33
44.62
94.90
72.28
96.36
30.80
46.93
40.83
26.30
75.88
61.20
27.85
51.27
7.37
17.46
45.27
50.19
51.04
27.99
54.02
76.85
16.44
72.48
78.86
58.80
28.58
99.70
97.93
73.40
74.73
76.83
9.91
5.00
67.63
8.98
93.03
18.85
81.56
20.71
63.23
79.13
34.91
89.79
18.21
44.77
14.07
52.72
25.29
10.64
86.43
49.08
38.22
17.17
78.53
13.39
85.77
28.02
17.96
4.91
89.31
5.14
42.88
88.52
46.09
53.12
67.02
56.95
56.93
22.14
14.60
24.61
70.59
93.88
34.58
89.56
32.63
87.24
82.82
8.86
72.45
58.94
68.97
96.58
84.32
59.12
39.74
21.75
78.95
60.00
24.82
10.94
39.82
57.73
70.73
16.00
60.97
25.30
73.60
11.36
83.58
18.61
29.99
61.78
97.07
83.91
44.42
89.23
77.57
85.80
1.86
86.11
67.95
16.46
16.49
81.93
67.62
3.41
86.06
21.49
2.50
10.66
41.89
93.88
20.09
73.48
96.27
99.51
98.79
4.67
64.57
22.53
76.26
8.02
99.66
4.59
52.03
86.10
80.34
39.93
43.20
34.93
14.32
9.35
57.47
55.76
65.56
94.31
64.03
76.53
86.06
88.84
48.01
97.84
80.61
90.60
84.46
26.72
95.43
37.86
51.31
25.52
35.83
46.23
66.57
60.55
61.13
77.78
81.63
16.21
32.35
8.93
92.64
71.83
1.24
62.02
23.49
100.60
26.81
83.74
60.83
81.60
18.53
86.29
43.88
35.21
81.85
43.42
60.20
62.17
54.36
9.84
2.46
28.76
85.09
26.69
14.44
50.67
62.15
64.62
24.19
13.51
9.16
41.28
72.70
38.01
26.21
35.25
23.69
98.26
57.29
33.33
90.57
19.82
27.88
28.63
66.03
87.67
5.21
72.43
85.95
1.19
41.80
8.18
45.26
23.42
84.09
85.92
80.41
95.57
60.73
28.40
10.19
40.81
48.94
15.12
30.80
100.76
46.12
6.39
69.52
2.57
15.79
31.65
97.19
52.07
58.02
44.58
71.82
71.28
12.07
13.85
17.95
18.58
92.04
22.54
20.28
97.41
23.32
51.34
8.74
99.82
25.10
46.30
62.27
95.15
8.56
86.39
42.72
76.32
89.69
22.08
75.28
63.22
52.16
100.37
69.88
98.90
73.84
87.50
21.50
25.65
27.12
26.35
6.84
38.09
66.62
84.22
87.93
17.54
95.01
38.89
44.29
55.34
33.75
92.51
95.23
86.37
63.64
99.49
95.56
6.69
6.58
25.93
19.79
81.09
17.99
38.93
9.20
23.61
95.10
24.68
84.41
96.93
87.59
57.02
65.50
81.58
20.34
76.82
90.03
18.77
82.44
86.89
87.96
41.41
47.71
55.08
33.00
13.91
46.87
4.24
94.06
38.19
29.06
30.81
90.95
8.26
66.65
7.57
44.04
4.50
24.11
20.35
22.08
27.14
10.98
58.44
73.53
2.87
62.87
42.48
43.64
97.98
26.03
49.80
68.93
7.70
65.95
46.75
2.36
17.68
82.03
28.26
54.28
59.85
71.91
46.56
24.22
75.69
14.86
27.34
3.90
24.22
56.48
35.71
15.88
81.78
54.97
16.28
83.49
26.20
14.14
75.70
2.59
64.84
1.84
59.88
44.74
8.22
97.67
77.19
11.56
16.49
66.96
87.62
20.64
75.77
60.18
24.63
47.19
82.49
8.77
69.35
74.31
63.49
15.00
73.57
83.95
60.62
85.25
66.30
3.94
7.83
59.67
12.55
12.87
63.29
70.75
82.48
28.90
12.02
6.94
70.00
88.69
35.70
45.89
48.49
38.17
49.69
56.82
58.05
51.93
89.71
40.95
37.85
41.43
35.02
60.40
6.00
64.31
59.26
96.94
60.43
44.09
91.35
12.17
58.40
12.66
88.43
84.69
88.41
7.89
58.51
78.80
45.75
9.33
41.15
37.15
37.82
7.91
32.74
7.36
64.50
22.70
71.19
22.67
97.86
75.11
94.27
63.63
2.04
59.42
69.14
59.23
56.02
96.80
90.75
49.96
15.56
4.59
3.55
69.66
53.90
79.55
91.48
25.50
21.95
2.86
5.24
33.14
43.37
14.58
18.75
22.91
30.95
80.53
90.37
94.66
92.20
45.81
84.02
33.58
100.02
91.62
43.62
60.05
60.52
27.93
24.36
61.61
27.95
38.82
33.84
98.05
71.35
42.36
97.40
41.84
2.36
1.51
79.25
72.65
2.99
60.50
88.94
14.12
85.94
21.66
23.49
88.67
24.47
80.03
79.08
61.69
52.17
20.01
76.53
61.39
97.51
42.34
8.58
90.56
8.78
74.63
72.68
16.34
27.88
23.12
50.10
15.89
70.74
1.99
82.61
13.20
15.30
14.71
56.49
12.58
27.34
23.77
81.03
65.91
3.69
4.87
52.32
21.95
63.05
95.89
40.60
99.34
13.01
34.85
91.81
73.52
95.87
63.46
64.61
17.43
26.78
76.95
10.79
62.94
97.10
82.48
13.65
69.44
56.72
36.17
5.02
32.46
77.60
67.42
96.98
50.94
72.04
31.15
8.64
53.97
78.83
62.69
15.11
56.37
96.85
66.96
9.80
74.42
41.01
4.27
5.41
95.93
21.40
14.97
11.07
19.23
3.76
51.69
77.25
91.69
19.81
78.24
5.46
15.12
73.14
86.93
28.87
53.11
49.43
97.98
95.63
52.22
14.94
11.37
47.50
89.05
61.28
73.17
41.05
22.77
20.57
5.14
69.70
9.87
81.27
76.62
31.50
92.83
99.26
99.78
46.45
87.38
19.52
11.88
88.48
50.55
47.31
91.82
40.78
17.46
16.59
89.75
65.20
49.11
28.42
86.65
64.09
72.66
79.33
88.59
23.70
58.34
97.21
93.99
27.97
2.03
98.29
29.66
6.08
85.10
44.50
64.43
73.16
82.68
59.29
64.06
99.75
100.60
2.75
56.10
64.95
18.49
87.35
57.60
67.36
14.95
100.95
36.13
42.39
84.23
1.80
59.70
10.96
48.09
85.88
90.90
57.25
6.25
25.21
97.86
45.44
7.65
86.59
92.44
32.84
77.82
20.32
17.72
27.66
20.38
39.07
45.91
40.17
4.73
80.99
97.92
11.79
47.27
55.82
16.53
83.46
47.20
23.34
5.94
71.07
7.61
43.14
8.12
30.44
75.10
75.52
77.92
30.64
54.64
24.98
5.81
79.79
91.77
44.62
11.83
64.95
75.26
42.10
64.22
28.78
15.81
22.24
63.11
23.20
36.86
13.26
32.09
67.20
31.43
77.94
2.74
4.26
24.34
94.84
94.67
99.28
18.26
12.84
77.94
2.38
30.46
100.69
63.34
19.54
72.93
51.94
58.32
2.40
85.47
5.37
33.84
44.28
93.07
68.93
61.57
58.33
57.09
7.44
96.17
97.06
80.81
98.80
9.25
53.51
51.33
63.77
19.45
39.06
8.76
16.92
6.62
44.11
49.76
24.06
88.31
53.45
88.41
22.84
52.77
35.13
9.18
53.26
97.39
51.40
51.95
12.02
2.34
44.28
91.56
24.82
97.34
55.35
13.37
13.84
2.16
76.80
7.22
14.33
43.48
76.26
49.09
62.24
73.34
71.26
92.77
19.33
23.85
89.43
51.74
15.65
19.12
28.68
42.47
62.51
6.65
38.38
54.30
75.59
22.78
67.86
78.74
38.15
5.58
20.25
38.13
39.47
24.92
19.50
37.84
7.89
92.30
16.24
88.12
39.44
98.80
14.33
39.26
18.41
77.54
31.26
50.51
4.84
54.24
80.56
63.97
6.80
33.20
72.33
80.68
33.81
71.61
30.91
50.40
100.12
66.10
21.10
48.93
25.20
66.25
86.65
26.96
47.40
83.57
32.51
93.46
44.61
49.02
74.18
62.27
11.78
49.15
89.24
18.73
31.93
21.72
58.68
62.56
46.03
68.50
43.91
41.08
4.67
42.84
22.63
20.85
94.35
33.23
21.51
47.62
42.95
43.19
98.33
68.58
32.78
99.47
60.53
34.46
6.95
1.35
28.34
17.39
86.88
30.61
69.54
19.83
37.65
47.42
62.97
9.69
92.46
40.78
22.62
64.22
100.89
14.13
47.26
59.30
12.11
36.47
25.56
20.84
8.49
11.83
89.65
94.61
5.56
41.99
3.88
26.89
5.72
33.79
52.41
98.15
28.12
5.99
29.52
52.94
29.74
51.57
8.39
70.08
44.56
70.44
46.15
52.92
51.36
63.81
41.03
28.22
30.92
14.48
43.89
73.94
15.33
18.15
10.79
64.17
31.89
77.61
17.37
5.23
64.06
52.66
81.67
52.94
61.49
23.84
5.42
1.97
32.15
99.69
52.62
7.97
80.82
70.03
14.10
28.68
62.71
53.89
10.59
44.98
52.95
70.36
82.98
3.33
7.08
47.20
16.21
29.67
19.53
64.97
7.00
88.75
99.80
20.28
11.08
95.76
9.95
69.54
29.31
14.21
74.21
13.30
85.33
53.18
65.95
16.61
21.91
14.78
47.02
19.31
49.94
64.86
94.26
10.13
83.54
90.20
98.84
84.67
86.16
53.75
17.84
54.87
29.96
77.06
19.27
99.61
78.31
95.51
65.74
31.32
39.84
38.70
90.74
14.56
11.25
73.50
89.31
34.73
33.17
8.59
4.86
51.05
12.76
25.69
95.60
65.86
26.78
51.44
72.79
72.22
77.51
26.24
73.15
34.91
22.35
82.23
61.90
9.61
8.41
58.97
62.71
78.85
99.17
98.55
21.97
36.99
22.47
91.55
26.50
85.75
1.10
26.18
59.18
23.73
95.44
3.23
39.26
100.19
28.14
61.04
54.92
24.51
17.56
2.59
56.41
12.53
16.07
7.39
44.89
97.56
13.78
30.86
59.34
29.35
92.98
35.61
68.95
87.07
81.45
95.57
60.81
67.84
91.68
30.04
76.78
84.97
26.40
55.82
4.54
84.88
71.22
11.73
93.64
39.85
48.61
3.83
24.83
15.01
49.61
2.05
46.24
66.74
49.54
10.79
28.01
9.13
85.83
93.47
38.14
27.29
54.99
1.02
34.07
54.34
32.84
12.09
46.87
10.68
4.42
51.99
12.31
56.17
1.54
14.95
25.82
72.56
17.32
22.85
60.24
6.43
1.93
17.50
77.08
21.07
2.81
36.28
65.78
47.39
65.80
34.46
69.16
20.75
52.63
16.59
85.09
55.42
20.66
82.96
19.44
15.82
60.31
25.93
80.42
70.14
77.41
39.25
93.78
77.59
40.71
73.49
86.08
43.03
41.59
23.73
98.60
48.16
48.06
82.76
83.60
27.09
72.16
22.65
79.37
14.26
71.23
5.91
77.29
73.40
30.09
72.02
49.93
77.59
95.27
11.30
68.30
2.71
91.41
16.55
72.97
10.56
23.18
52.14
22.75
45.54
77.62
64.83
32.80
8.55
57.87
52.87
17.08
6.39
95.40
40.85
74.59
82.95
22.73
98.15
88.05
2.77
87.30
38.06
26.90
67.59
14.82
62.74
60.03
38.92
31.92
80.55
16.58
10.74
56.51
37.76
59.94
82.18
70.27
86.64
90.17
18.82
9.10
14.87
71.08
80.25
77.20
45.93
10.76
2.56
51.03
49.74
64.01
74.79
14.30
58.61
99.72
2.70
22.55
62.10
53.61
83.65
21.59
38.98
10.93
73.41
19.81
47.25
56.60
30.33
14.02
26.03
3.58
51.51
66.00
2.57
64.42
35.80
10.44
68.86
59.96
4.87
70.46
82.66
76.43
95.96
67.31
12.95
67.82
83.48
26.40
84.50
44.01
33.94
23.53
46.03
58.50
66.81
7.23
80.02
13.29
14.85
43.83
93.97
39.03
7.52
90.88
21.68
68.22
7.66
39.20
14.68
88.97
49.94
82.69
56.83
10.53
81.86
70.74
43.71
19.13
83.45
4.67
32.25
23.14
79.00
79.76
2.24
28.82
42.87
100.30
1.14
27.54
97.44
1.22
30.85
78.69
16.03
22.72
98.82
39.83
11.92
3.39
51.78
8.45
53.87
21.42
59.38
3.83
67.95
55.54
78.33
63.96
59.81
95.37
45.60
24.52
44.81
11.14
54.57
35.24
26.45
95.58
2.82
93.82
31.92
6.59
40.44
27.11
6.90
98.54
15.51
16.61
12.19
77.18
61.05
79.12
33.37
18.39
43.03
24.71
54.13
48.53
7.62
84.15
98.08
96.17
2.70
23.28
77.22
89.76
51.75
68.89
53.80
21.62
70.61
20.53
19.67
20.81
28.26
21.97
93.64
87.39
18.88
94.48
36.53
2.89
31.36
22.48
33.48
37.37
43.05
76.95
4.82
55.37
24.14
28.58
12.10
2.85
36.60
19.17
41.92
83.54
61.22
26.31
34.12
5.08
17.21
68.39
71.16
11.33
73.90
61.75
90.41
73.35
10.93
21.69
5.20
74.04
8.72
37.83
10.59
29.48
60.33
22.86
59.61
5.27
66.84
89.98
16.36
15.47
73.61
8.91
13.69
39.28
79.85
37.20
60.30
76.90
20.94
84.37
89.03
52.15
3.36
78.06
95.05
27.86
76.21
60.39
58.26
18.39
85.53
85.24
38.72
88.56
22.94
49.41
39.54
33.99
48.77
11.14
36.68
76.84
39.58
75.47
87.19
54.98
40.21
64.36
25.84
38.45
70.37
12.39
68.08
85.43
89.05
52.58
6.04
37.40
20.25
97.38
17.25
4.18
72.90
2.56
30.90
40.44
24.57
12.83
85.49
17.77
29.37
67.98
71.88
89.44
53.63
26.44
49.21
79.83
87.33
3.69
52.60
23.09
36.62
48.67
50.63
4.53
77.45
83.13
22.50
3.48
48.08
33.38
6.56
6.20
83.71
43.78
100.81
81.38
41.45
83.28
30.50
94.76
14.47
97.23
76.74
26.15
17.43
11.02
51.03
58.88
74.26
56.57
46.08
34.58
1.04
20.35
60.44
81.68
89.11
89.97
27.23
59.63
2.67
21.44
59.70
22.78
49.57
85.30
35.09
67.28
87.75
55.57
27.45
43.61
39.35
13.36
6.72
64.17
15.22
3.06
91.44
43.73
11.15
29.80
57.10
81.00
82.92
34.54
68.79
12.65
35.64
81.81
3.67
82.09
20.25
28.51
2.37
31.12
3.84
36.64
31.75
69.11
60.19
21.44
10.66
77.21
74.98
63.97
28.61
51.09
24.53
17.99
23.02
9.50
82.25
90.96
75.49
40.82
56.41
39.96
11.44
44.40
85.75
72.81
18.94
62.14
81.23
90.84
7.76
4.26
98.59
95.81
17.09
89.83
65.72
14.27
17.33
31.93
77.12
29.79
54.48
66.53
22.40
40.53
28.88
82.51
7.48
85.43
64.04
79.89
88.96
54.62
16.31
75.09
99.21
82.58
40.80
50.74
42.33
13.94
30.51
94.11
87.67
10.88
18.08
30.47
21.55
9.02
21.46
40.04
64.88
24.65
7.79
60.47
51.47
24.68
1.26
40.27
19.23
91.68
13.89
23.73
2.89
38.11
3.48
81.76
9.86
19.19
65.34
13.88
59.78
27.97
100.46
3.81
71.31
18.41
90.01
24.09
10.47
77.60
6.18
40.33
86.83
12.47
57.25
42.59
92.28
66.05
96.88
83.84
13.26
49.00
99.83
12.90
3.07
2.36
57.52
9.60
25.61
85.45
44.62
4.93
55.43
4.69
56.57
87.66
68.48
77.37
71.82
91.07
14.81
61.21
85.15
22.79
10.24
1.01
10.62
82.27
80.30
12.55
92.30
93.12
87.11
74.42
41.94
3.00
32.30
17.83
82.81
38.07
28.46
55.66
3.70
64.62
33.67
29.79
13.01
23.51
99.90
90.55
3.12
22.22
10.16
25.69
25.83
45.59
76.48
92.76
48.62
19.26
88.87
26.03
56.25
71.56
56.99
18.10
27.02
36.98
99.00
7.34
92.89
42.43
91.46
98.88
6.64
48.68
36.83
41.26
93.04
12.72
32.68
10.83
51.84
84.98
54.69
23.13
43.16
28.81
73.30
6.35
7.97
25.31
1.60
9.91
21.91
73.79
13.25
63.32
31.79
72.85
38.74
90.65
76.46
49.17
17.09
72.62
90.50
27.94
62.10
18.71
12.11
90.88
35.71
96.54
41.89
72.54
16.80
2.56
71.96
33.01
62.56
38.19
98.35
87.23
84.64
47.65
14.65
33.35
47.95
26.49
99.69
100.61
25.07
73.74
31.38
8.28
26.54
67.53
92.94
32.87
44.61
38.68
5.50
61.77
41.22
94.47
25.50
10.12
2.80
9.98
28.45
25.31
52.47
17.79
40.80
34.54
42.07
8.93
52.00
51.90
71.89
74.08
91.77
52.98
41.72
59.59
2.99
4.02
42.78
52.00
63.02
81.30
85.08
91.67
72.98
8.01
38.58
1.50
55.57
10.26
73.89
88.36
4.09
96.34
53.05
80.11
84.69
56.44
88.23
32.70
15.94
93.05
42.28
16.42
8.09
77.72
10.40
3.48
1.15
88.77
79.81
27.55
22.73
61.48
11.42
92.80
78.77
8.09
8.18
3.00
96.33
72.89
29.21
66.88
27.11
15.64
37.66
20.91
80.00
1.80
19.98
54.87
52.97
33.20
18.08
58.53
66.34
9.95
7.65
91.55
72.49
38.46
8.74
28.83
77.75
65.97
61.79
26.45
6.97
2.41
32.19
34.40
57.30
68.33
5.77
27.09
17.90
76.23
64.45
86.04
5.06
17.60
72.12
8.35
57.07
10.67
76.96
21.63
50.93
44.46
20.27
17.66
11.17
90.93
36.37
23.59
6.72
30.05
67.64
90.96
33.80
71.85
11.48
47.30
31.68
98.90
95.52
36.72
16.72
94.68
54.95
37.49
21.88
99.74
89.70
12.23
86.74
59.62
70.69
4.68
91.52
91.10
28.35
61.88
48.14
24.50
54.31
85.03
71.96
4.03
15.29
9.29
44.64
76.16
76.38
15.70
68.67
81.95
28.28
71.23
72.92
66.42
4.75
15.02
65.40
97.59
72.63
93.33
37.24
65.40
52.78
39.74
46.12
2.43
39.17
28.94
61.90
68.69
17.52
91.79
91.79
25.61
45.93
1.34
100.04
26.31
48.25
74.41
90.43
22.22
71.81
9.25
11.06
10.43
11.22
36.16
54.28
37.15
14.12
9.33
51.39
36.90
67.80
92.03
84.10
63.01
97.92
37.47
40.04
87.25
82.71
83.32
29.81
64.45
21.73
100.97
97.36
84.46
22.52
19.02
2.80
11.77
21.08
64.79
92.50
52.21
18.12
6.90
7.79
42.49
89.93
97.89
8.78
89.56
62.06
76.83
20.09
72.43
60.05
3.07
90.01
12.12
80.69
4.49
60.98
88.32
32.05
11.29
98.43
63.97
68.71
22.90
12.26
13.09
64.33
10.40
43.08
13.13
87.92
38.68
28.88
14.35
3.01
82.95
81.17
34.66
100.61
53.24
52.40
45.35
63.56
65.98
39.07
54.08
88.65
5.63
88.58
96.98
4.16
87.75
12.63
1.72
30.44
64.83
81.29
65.30
44.67
15.60
8.49
10.39
84.87
20.71
93.49
79.19
4.97
13.06
60.16
34.68
77.93
2.80
35.37
11.43
84.35
80.37
23.63
19.77
2.52
42.48
88.85
5.23
75.58
44.34
13.79
85.79
42.33
12.11
100.69
5.59
70.82
19.19
26.55
23.11
19.60
30.65
33.53
67.82
19.24
6.07
1.83
30.97
79.53
95.50
96.27
32.36
8.61
41.99
27.61
77.77
19.98
86.98
77.08
15.22
94.08
75.06
12.55
83.13
96.14
82.10
17.27
30.86
78.72
12.30
44.23
98.57
49.16
23.97
36.92
53.76
90.23
21.41
99.06
88.43
92.69
51.43
46.06
12.54
32.72
98.92
71.74
9.43
12.78
5.77
86.13
44.16
17.66
60.15
11.72
84.23
74.68
80.63
50.77
25.33
25.23
16.92
11.37
62.92
32.34
89.20
19.90
70.21
17.22
43.16
19.93
23.12
23.43
79.14
96.34
43.72
35.65
40.85
96.56
2.66
43.72
9.32
60.26
24.29
86.87
4.50
89.28
3.09
34.82
63.62
32.33
88.29
39.07
62.73
59.26
65.85
18.99
48.04
71.67
93.08
9.72
97.00
41.64
74.65
79.48
64.95
14.71
32.72
61.95
99.05
7.12
24.27
32.74
2.83
72.01
92.17
80.20
54.58
4.68
60.27
79.85
75.47
93.69
6.38
97.61
37.98
39.00
8.24
60.70
27.60
20.47
57.98
15.17
22.54
88.92
61.49
15.03
55.98
24.77
46.00
83.38
1.76
28.31
64.58
90.77
35.34
22.28
82.44
86.37
53.84
37.20
44.49
14.81
38.34
67.27
53.59
77.72
10.90
21.57
97.53
10.84
60.45
67.50
15.55
8.23
39.37
67.91
53.34
30.62
4.80
23.08
65.09
37.32
46.51
21.80
9.75
2.88
5.97
84.89
17.10
4.32
87.30
85.97
78.70
91.13
35.20
69.14
18.98
21.89
8.29
14.72
53.96
58.45
67.61
42.28
31.47
12.15
81.01
15.34
43.38
100.89
41.72
62.20
86.55
71.35
100.09
69.10
80.17
100.49
46.97
72.74
22.46
15.60
64.66
31.53
54.03
78.98
99.09
16.01
51.25
82.84
9.28
18.36
15.04
5.04
20.22
30.33
3.42
49.76
22.59
94.02
76.02
19.21
13.23
78.38
66.62
15.63
26.26
88.55
92.10
89.12
23.70
43.98
50.61
67.31
9.52
85.01
40.48
22.59
79.19
8.30
97.21
95.84
34.58
24.59
3.42
87.82
22.52
45.50
99.48
54.07
91.54
97.29
74.54
36.06
88.19
80.80
4.25
38.25
30.39
45.98
85.28
48.38
6.94
68.13
30.27
6.10
42.42
11.30
14.61
67.97
74.80
19.36
52.62
6.42
1.87
17.64
3.66
73.42
67.22
29.93
19.72
51.43
1.54
99.97
30.38
65.27
23.98
62.35
58.10
89.84
87.11
44.03
78.36
4.27
100.63
59.99
15.92
27.24
53.22
50.47
65.78
7.52
45.99
78.55
39.00
25.69
42.75
73.91
96.16
47.21
69.44
81.79
34.63
95.34
18.60
96.68
69.22
94.77
55.72
16.56
1.83
58.98
40.34
5.17
68.85
29.18
41.80
73.40
10.99
53.22
1.04
51.71
45.27
24.67
30.61
98.91
82.19
91.98
68.83
6.60
12.52
68.62
60.46
99.89
46.69
77.24
22.63
1.92
40.25
14.23
6.99
37.57
68.81
16.76
58.64
88.70
50.13
69.59
100.62
7.48
17.02
16.75
14.26
11.76
27.87
32.30
82.65
11.08
78.42
9.21
22.58
4.11
63.22
98.86
93.97
11.33
1.10
98.82
90.51
11.60
88.52
32.06
23.81
58.60
62.79
44.56
96.82
73.73
94.43
18.40
97.31
17.35
50.55
60.80
45.94
91.81
11.91
17.38
50.83
40.10
83.62
63.85
26.49
8.60
26.89
90.17
39.79
54.61
2.74
99.68
68.41
52.20
65.63
58.41
68.34
58.11
19.55
61.66
61.99
31.54
69.82
42.54
40.62
41.81
4.79
93.92
7.67
17.54
19.23
57.91
100.03
100.93
41.07
80.30
44.63
65.11
44.10
68.86
45.55
13.48
71.52
46.61
44.07
3.96
46.70
94.49
80.48
98.28
89.87
69.90
2.88
97.90
78.63
83.08
44.68
20.30
26.38
51.88
91.06
6.79
78.23
61.32
72.90
92.21
9.09
37.85
10.36
27.80
95.89
63.01
91.94
27.69
42.41
27.38
2.24
22.32
58.05
98.62
33.29
14.22
11.92
81.35
9.80
100.71
63.66
99.76
56.79
65.23
10.91
36.04
1.62
97.24
40.82
26.10
45.19
96.27
5.67
9.06
98.64
98.35
69.86
19.44
37.46
20.70
82.37
29.26
52.25
44.16
77.19
64.79
77.56
24.73
94.27
46.01
70.03
60.06
1.94
26.42
29.66
28.02
52.08
30.31
69.51
63.37
82.46
24.80
25.78
68.37
46.91
66.00
9.08
15.25
4.80
59.00
56.74
16.58
56.44
32.82
89.72
36.92
5.18
71.80
80.26
76.93
22.09
68.77
67.81
32.83
94.05
43.31
21.45
33.08
3.23
56.53
11.13
71.82
57.45
87.11
56.68
19.81
25.51
1.72
55.19
81.44
7.69
76.68
19.15
12.37
6.30
73.50
7.20
21.80
94.24
89.51
3.06
73.94
78.69
47.79
28.99
23.43
64.05
60.11
51.13
88.50
32.77
19.12
67.53
9.07
43.64
50.71
57.64
17.85
4.60
64.14
2.81
75.09
47.39
86.13
65.56
71.83
99.38
52.33
66.54
39.84
3.18
34.13
79.16
91.84
51.65
80.74
48.68
28.40
87.23
77.53
43.09
47.62
68.78
32.70
76.70
98.40
97.75
10.39
81.54
2.75
6.98
11.40
4.03
55.81
60.95
2.82
3.89
4.00
7.46
25.23
54.20
79.60
58.95
23.69
36.48
18.07
26.67
86.27
18.96
25.76
17.75
42.70
54.85
75.18
54.38
22.15
18.25
10.61
100.01
7.36
42.07
98.41
70.49
84.25
7.88
58.38
64.29
60.89
85.90
18.56
17.32
58.37
70.60
11.09
67.41
22.57
63.75
85.35
21.41
10.21
45.84
96.37
5.61
32.17
21.70
64.21
75.40
50.28
13.36
97.95
26.52
1.53
30.66
84.77
20.32
16.67
15.72
99.06
96.84
96.27
41.12
64.24
30.81
83.51
13.10
79.49
85.58
13.89
10.48
10.08
68.60
36.33
87.63
30.25
35.04
13.55
12.03
8.38
22.02
62.44
7.89
15.52
15.26
54.58
71.87
87.02
24.40
42.19
59.80
96.96
49.26
63.59
76.82
35.02
37.13
87.28
20.64
66.81
94.03
37.90
31.64
92.34
88.31
86.30
44.25
37.23
3.10
56.19
10.40
29.71
54.78
14.24
16.96
27.58
72.40
2.29
51.07
69.39
54.97
87.60
80.03
24.95
91.05
19.25
16.45
36.27
12.83
94.25
29.16
47.22
79.88
70.52
32.25
77.50
15.68
9.01
29.55
19.31
96.41
75.86
96.09
61.55
21.61
43.84
69.59
18.19
55.30
71.44
3.69
69.10
54.67
62.27
74.89
86.49
15.26
66.07
5.83
18.63
77.20
11.54
71.54
87.02
98.41
44.78
61.22
94.58
45.49
1.98
37.35
15.28
42.10
7.04
9.19
10.22
30.11
82.67
47.16
8.25
100.20
18.27
81.33
79.34
53.50
85.79
67.51
38.77
66.13
25.54
6.98
16.43
53.85
84.18
94.56
17.03
11.46
84.77
89.80
100.96
15.27
6.88
47.76
11.48
73.85
41.32
78.25
82.68
30.59
61.70
44.95
38.46
39.17
90.07
30.31
93.95
68.82
88.01
5.63
14.19
11.42
20.97
4.30
47.65
92.12
39.77
42.00
87.88
4.38
44.00
50.09
54.62
49.90
86.35
10.11
3.34
48.85
61.35
54.24
69.57
33.07
32.84
27.50
69.40
10.86
63.56
40.80
90.45
5.34
81.32
95.60
54.27
70.08
49.70
98.33
47.91
90.33
43.84
54.58
14.69
86.06
67.04
7.27
24.94
33.94
13.29
26.10
61.50
75.52
68.48
76.59
17.53
90.25
75.22
84.03
70.74
49.75
34.17
53.03
47.00
55.15
43.73
96.03
48.05
67.65
100.13
39.73
91.84
72.58
44.47
42.28
49.37
71.94
27.88
4.33
26.54
94.67
87.75
11.32
65.72
85.76
21.20
62.50
73.84
86.86
5.87
17.65
32.00
69.20
71.42
68.05
97.77
25.37
8.12
7.18
21.37
25.47
17.79
39.94
27.03
94.93
27.65
29.04
19.06
73.30
63.89
100.36
57.76
19.04
75.44
22.98
15.61
18.06
96.70
17.65
14.10
50.34
52.08
56.13
62.54
33.77
91.25
92.33
5.22
65.84
45.28
26.24
47.59
88.43
83.88
43.50
84.78
28.52
61.95
63.41
87.67
52.62
41.87
21.54
45.23
9.06
79.94
70.58
75.23
79.06
90.91
97.81
69.92
95.48
23.69
41.14
80.84
31.54
83.64
37.79
4.80
30.72
36.26
92.01
36.88
7.97
64.39
72.75
69.32
4.13
53.84
63.24
83.60
23.57
2.69
93.23
71.59
9.45
59.73
49.90
28.51
9.64
1.50
19.53
73.52
52.14
23.81
11.32
52.90
1.78
57.31
49.47
98.67
44.56
72.33
40.26
63.86
3.68
16.37
83.12
68.57
22.97
92.37
15.63
82.77
6.41
5.95
7.81
92.43
69.25
11.22
9.02
96.17
18.83
100.24
4.81
13.15
82.14
55.09
29.95
9.20
7.30
78.11
5.54
6.60
63.93
27.34
48.34
23.02
57.10
70.93
18.54
71.09
18.23
49.14
21.65
42.54
61.84
85.34
1.54
74.73
80.22
13.37
9.92
91.10
94.56
77.61
8.78
33.06
45.41
85.76
46.56
44.70
45.14
47.55
17.27
32.01
15.79
85.36
18.26
1.01
17.89
77.92
17.64
49.12
10.49
16.70
89.99
23.16
84.83
20.94
60.73
30.72
49.15
10.73
11.58
73.68
3.63
98.16
19.67
5.79
6.19
94.31
35.30
74.20
80.50
96.60
1.38
6.68
86.78
23.76
38.24
21.25
31.58
44.30
62.90
75.54
18.37
31.77
32.59
21.65
38.49
66.91
77.15
11.69
70.21
75.07
42.24
13.45
81.00
72.86
75.80
76.88
43.76
69.45
11.94
76.99
29.78
30.30
52.36
90.67
50.90
91.74
76.54
54.72
33.29
12.70
14.56
23.87
37.16
7.40
69.04
44.18
47.88
23.80
58.70
86.50
97.24
43.74
99.40
99.75
23.55
42.10
59.34
3.20
7.79
10.15
89.18
96.81
60.57
72.40
80.84
72.40
97.18
59.45
59.96
36.84
98.61
10.56
10.63
78.99
32.54
56.15
5.18
99.80
50.82
66.25
8.04
90.76
26.80
92.03
22.20
86.44
40.96
9.65
74.84
69.94
52.30
97.93
49.04
97.27
47.04
20.75
19.86
96.26
74.35
51.93
95.28
39.87
54.36
28.69
77.58
98.74
57.55
28.49
99.18
34.33
19.40
42.99
99.33
49.99
42.81
94.73
2.08
19.51
77.14
81.02
87.66
7.60
1.67
24.54
15.12
34.14
3.83
19.58
18.62
7.29
1.54
32.15
3.24
55.88
6.20
59.65
47.33
96.97
97.22
12.83
95.43
30.43
76.90
93.78
73.76
56.43
16.54
75.29
44.38
64.80
27.22
8.14
68.61
13.37
84.63
47.34
35.64
99.96
7.50
14.90
76.41
34.21
2.17
73.31
46.15
96.79
11.02
42.39
29.57
15.82
34.69
24.76
35.29
45.92
14.76
15.49
88.69
75.29
6.65
28.99
23.76
24.94
82.16
72.37
49.28
2.05
27.98
78.59
100.46
79.47
75.09
43.75
25.62
6.37
97.76
3.49
10.98
11.32
76.90
89.96
94.77
53.46
85.06
28.53
84.77
75.46
86.34
68.36
6.92
72.39
86.80
99.74
56.45
94.75
11.80
18.42
39.03
72.12
90.51
40.74
41.02
4.90
30.20
100.28
87.14
9.15
14.17
16.35
53.96
12.66
7.76
61.80
46.54
8.70
78.50
60.22
23.78
50.47
57.79
69.77
24.38
97.27
18.04
3.30
38.70
61.18
37.18
65.10
80.34
5.74
46.08
21.90
13.38
17.60
47.62
14.33
76.56
100.87
47.62
88.16
100.61
89.23
86.39
63.74
93.90
64.01
4.85
21.50
1.52
77.61
57.20
100.42
14.74
27.75
76.45
4.09
25.30
31.03
2.85
60.64
21.14
30.35
11.23
37.32
15.24
6.47
53.36
72.87
81.00
51.19
26.36
33.06
18.05
10.87
74.48
3.38
51.35
47.14
52.02
51.98
19.52
100.31
8.49
42.79
12.48
70.01
97.78
10.64
23.37
20.22
32.26
16.65
25.50
57.07
79.17
67.91
41.23
69.50
41.58
81.58
82.30
30.44
21.35
47.77
42.69
94.92
29.56
7.05
94.16
24.91
84.59
46.13
37.84
26.49
86.78
81.13
57.52
86.20
60.53
7.86
53.95
92.19
44.69
1.84
24.55
25.34
96.54
77.09
27.60
52.21
68.36
20.21
50.79
64.94
90.91
66.95
35.56
95.55
60.33
75.15
75.38
9.39
37.50
64.04
41.23
83.91
90.71
63.04
22.91
11.44
2.84
7.81
35.05
47.19
65.98
3.66
93.23
75.25
58.93
66.22
7.54
64.60
57.93
42.61
62.22
53.97
53.04
80.09
26.99
14.44
82.07
82.15
81.16
51.69
33.08
20.66
39.02
92.49
25.47
20.91
14.81
64.52
77.92
5.13
53.94
32.96
45.49
100.59
84.28
58.22
60.04
19.24
55.85
8.83
13.43
93.65
25.48
80.50
23.81
42.34
5.84
17.75
78.24
21.26
58.46
20.55
53.33
68.88
99.15
36.63
19.80
95.14
89.44
92.58
26.33
60.07
94.86
6.39
28.41
28.22
83.54
98.66
80.89
57.96
44.29
23.86
61.48
47.66
54.87
83.47
68.27
19.03
24.05
8.45
11.14
87.43
4.33
68.36
22.97
44.13
69.53
65.21
98.24
38.62
46.90
71.05
75.98
15.43
55.98
71.89
21.88
40.87
54.59
76.98
6.85
59.12
41.59
23.85
7.61
25.36
25.53
2.50
77.22
2.75
9.06
9.32
21.98
22.03
31.95
3.52
54.07
75.14
12.00
19.27
91.92
39.91
81.98
31.37
97.53
24.24
60.09
98.32
45.80
66.95
77.21
74.20
76.72
65.04
2.70
4.40
80.86
66.18
34.98
5.49
73.46
7.00
95.97
7.66
75.48
12.81
4.63
90.43
18.40
62.47
30.01
87.38
55.47
17.01
5.65
5.62
21.28
49.79
71.59
19.06
82.02
81.26
53.56
27.38
50.58
28.28
62.59
64.00
61.46
39.00
24.56
88.70
94.83
72.50
33.84
65.93
32.20
21.62
18.74
11.09
30.45
55.31
6.99
67.20
94.75
61.99
34.29
54.20
37.24
65.59
51.85
31.93
8.21
4.99
74.26
57.23
41.94
56.27
14.76
54.87
53.19
3.76
85.73
32.03
66.52
77.90
68.67
72.71
59.26
56.70
3.82
14.23
92.04
2.39
12.63
48.58
66.78
30.29
34.40
21.20
33.49
83.09
31.50
9.99
97.91
33.43
7.73
57.42
68.66
94.37
60.43
4.46
94.03
22.11
70.72
88.38
28.79
39.76
88.04
47.11
2.65
100.36
22.50
21.51
64.69
45.70
58.19
68.89
79.81
34.48
88.62
51.32
30.11
96.28
55.10
35.39
86.54
35.94
55.49
49.97
35.92
25.87
31.68
77.02
34.79
2.16
81.86
21.98
81.54
57.19
4.21
17.36
48.87
9.01
15.18
82.94
52.66
82.13
34.97
46.91
65.60
33.52
29.66
17.61
6.85
54.05
47.22
10.12
50.03
28.27
79.84
40.55
47.01
16.61
12.89
56.61
88.19
98.37
37.62
14.67
95.10
11.88
15.65
76.20
18.62
30.08
10.75
76.85
19.85
46.47
48.17
76.66
7.11
77.40
78.72
49.12
13.88
26.24
90.97
45.32
98.54
72.58
20.88
35.48
81.84
42.66
57.76
19.49
62.79
39.30
34.24
15.01
16.42
51.10
73.17
63.86
56.15
40.46
88.16
92.90
100.59
28.41
16.89
16.60
66.18
45.56
34.76
3.19
88.73
37.56
21.79
54.98
10.39
5.12
51.80
97.08
63.07
90.35
89.25
51.01
18.34
27.60
73.41
16.84
45.92
77.02
69.16
85.06
29.21
63.42
14.85
38.38
5.84
38.59
67.95
62.03
100.48
63.86
2.19
37.84
100.89
67.62
16.73
34.54
42.78
8.53
51.25
88.31
56.04
56.23
71.90
11.72
93.49
84.63
89.91
42.32
32.94
29.71
65.30
9.00
12.14
68.65
36.03
31.94
72.32
59.48
59.02
55.74
74.26
76.84
46.20
94.73
90.31
16.97
94.41
26.96
31.78
39.52
86.33
28.13
85.81
47.11
39.57
26.68
95.04
33.50
79.36
52.65
97.25
59.50
92.56
97.04
19.72
72.23
30.01
20.53
13.39
22.21
100.11
77.33
75.28
30.82
37.43
43.88
56.58
85.70
25.81
67.36
37.01
28.90
46.59
63.82
9.40
52.34
78.41
2.36
36.35
16.05
87.44
98.95
73.65
26.95
78.84
2.70
56.36
64.31
8.23
79.42
40.48
29.73
70.49
98.56
87.14
46.21
7.33
28.24
14.33
67.16
95.81
99.98
13.89
53.86
37.68
98.66
9.61
54.57
33.15
3.48
9.66
75.90
20.62
99.06
28.94
2.85
93.68
71.66
39.26
9.13
87.58
84.55
24.72
5.97
91.04
11.03
27.68
34.44
9.72
29.80
65.57
37.28
30.88
16.59
52.10
10.33
15.38
36.58
1.26
35.96
28.50
48.52
47.69
3.02
46.18
88.43
100.32
40.57
75.88
86.40
19.86
17.35
90.37
67.83
69.24
2.04
51.93
70.82
82.89
36.41
14.63
75.86
71.98
26.85
9.82
73.41
37.18
95.99
96.24
37.48
31.14
44.26
47.74
75.80
72.75
6.16
81.48
13.84
56.98
31.38
61.19
76.93
73.12
45.98
27.40
44.86
75.21
62.35
95.62
98.49
17.67
11.69
97.47
49.69
93.32
87.64
25.35
18.85
5.84
54.91
2.26
17.29
71.80
65.16
54.15
43.48
19.97
23.46
4.69
78.10
10.85
4.49
26.97
10.03
97.51
53.85
59.55
4.20
3.54
58.49
95.49
6.76
3.44
21.66
11.46
18.25
65.99
70.93
94.84
93.48
18.31
5.25
16.25
37.22
72.45
39.21
24.94
18.84
31.03
84.12
99.40
1.62
33.53
88.61
2.90
100.04
42.72
90.78
8.51
62.73
2.46
27.67
32.58
28.19
52.13
91.04
98.27
93.78
96.78
93.59
21.88
74.64
69.08
39.27
71.08
25.17
80.37
44.90
6.58
44.37
98.81
19.11
10.01
71.50
39.34
61.11
49.55
42.70
37.31
8.37
29.07
21.01
7.56
17.33
74.16
32.14
82.21
1.67
21.99
27.56
79.87
82.75
34.71
14.91
20.79
40.22
60.43
26.68
74.84
70.94
42.51
71.65
67.39
5.79
31.01
20.16
2.28
26.55
35.15
36.67
33.36
32.31
26.12
52.56
69.49
2.10
12.15
80.14
35.70
9.45
18.20
88.47
96.76
75.76
58.54
48.27
87.28
20.85
11.11
98.62
50.17
88.62
17.78
72.13
4.36
23.27
73.03
63.67
83.70
72.04
14.18
62.01
34.15
7.00
20.69
69.94
26.25
77.59
52.39
53.53
33.46
6.01
61.89
84.43
16.34
64.87
60.16
56.26
33.58
40.25
83.03
98.50
15.73
7.13
42.06
81.74
56.21
86.36
69.11
18.74
60.02
5.66
38.08
18.66
94.15
78.59
83.90
75.63
58.56
66.59
25.37
70.48
47.58
67.73
27.19
96.33
22.52
35.59
75.65
12.55
3.63
48.61
13.87
84.50
12.89
18.24
38.96
83.90
65.27
22.33
40.78
58.11
50.34
35.03
82.94
54.05
91.37
39.65
47.67
38.84
51.45
57.51
3.16
69.00
18.30
62.06
83.00
88.71
14.28
28.33
10.38
27.61
92.53
80.87
2.11
26.13
81.07
79.31
1.34
43.51
52.71
21.83
42.66
10.49
5.79
5.64
83.40
97.05
82.70
1.45
49.37
74.03
60.38
21.30
82.48
79.23
20.10
30.51
58.99
71.42
22.56
93.73
66.66
4.10
63.57
7.67
24.00
65.87
91.71
2.57
74.42
72.95
18.64
77.26
79.50
49.88
64.85
28.64
54.08
24.08
76.19
77.04
87.15
79.38
100.45
11.49
18.62
68.15
50.98
16.36
45.64
21.03
21.05
20.34
88.41
64.49
14.27
1.43
16.57
2.20
75.95
10.51
89.63
4.48
31.29
99.73
16.79
89.32
36.39
70.01
23.56
3.69
75.79
53.53
81.57
81.35
29.51
74.88
74.53
22.55
32.45
26.27
83.52
4.00
98.47
79.29
16.51
23.42
65.66
63.96
22.31
17.28
62.97
63.52
3.06
51.77
93.13
74.44
80.87
42.49
61.30
5.99
89.67
13.56
91.97
36.77
97.04
79.40
65.08
57.78
71.73
21.39
64.92
23.98
1.66
25.87
3.22
51.93
33.45
4.65
34.64
60.48
16.81
10.87
13.99
4.57
84.70
3.69
74.81
16.04
48.13
23.71
95.51
23.07
74.90
34.25
58.72
6.67
48.03
11.99
12.03
27.47
84.06
80.42
44.63
19.65
34.54
92.79
71.05
85.23
18.66
7.14
72.31
57.95
8.79
94.09
5.23
14.54
29.19
85.94
25.85
74.85
83.45
3.30
9.96
17.97
15.63
100.08
5.89
89.57
82.14
90.58
90.30
23.09
26.97
62.94
2.06
86.81
94.41
39.23
80.46
53.34
20.87
38.97
97.96
97.41
84.73
34.06
72.61
56.86
100.46
16.35
2.33
30.62
29.48
79.91
35.29
53.00
17.57
48.26
25.24
13.52
80.10
27.24
7.15
60.05
57.49
96.70
8.17
83.77
81.97
55.69
97.27
68.35
58.06
55.75
9.75
10.92
91.92
98.55
94.79
32.89
4.02
32.60
100.80
64.88
61.97
35.84
72.56
17.68
38.69
97.41
49.01
25.34
28.06
45.40
12.59
25.66
57.31
18.58
40.47
32.23
48.05
33.28
47.01
80.25
17.53
22.18
84.71
60.03
83.07
83.62
37.75
26.56
14.67
9.17
24.40
22.50
89.81
26.38
99.43
39.47
23.25
41.38
15.99
45.91
17.62
69.16
88.62
100.46
49.70
96.02
55.38
83.28
4.22
19.12
70.24
21.61
28.16
5.87
68.06
80.32
44.02
13.68
54.87
4.35
59.53
40.38
27.43
77.81
99.62
35.14
19.36
83.71
40.12
10.82
60.84
42.51
56.54
50.91
32.27
92.21
27.22
50.22
77.44
6.78
22.90
60.97
22.55
35.23
98.82
100.51
39.22
70.76
66.06
96.82
14.53
53.69
24.29
57.36
87.74
23.85
94.22
57.06
40.09
70.64
72.10
100.83
24.74
84.16
47.31
71.37
55.64
29.64
79.39
22.23
37.78
74.33
54.24
17.95
46.92
74.14
41.59
30.32
45.80
87.42
73.58
86.38
44.82
33.87
46.94
38.73
62.05
55.41
71.13
32.40
12.10
13.79
26.64
26.38
44.74
30.97
8.56
67.26
58.15
40.99
65.02
100.59
91.03
20.89
26.17
22.14
73.65
1.63
3.91
28.68
69.64
5.11
96.42
74.78
16.53
25.12
79.40
99.94
2.91
58.33
71.69
85.06
45.57
26.19
52.77
94.60
36.76
44.76
36.70
75.94
54.29
47.77
56.82
82.99
43.05
66.20
82.76
61.62
20.43
18.89
19.47
21.09
60.74
17.34
25.23
27.37
60.16
7.21
98.24
48.59
41.78
75.59
87.36
67.30
21.05
41.85
96.49
49.40
67.91
89.13
33.55
18.46
18.22
26.39
79.83
59.28
50.86
93.41
18.17
25.11
47.66
9.69
63.53
97.57
20.29
2.44
56.08
37.82
21.21
8.54
21.61
84.45
61.28
13.48
42.70
59.67
23.41
21.97
73.09
82.21
28.85
63.38
89.46
16.48
39.14
63.48
73.02
66.80
22.72
87.38
87.36
85.02
75.42
40.34
63.72
23.30
83.75
19.04
62.81
83.51
32.57
1.66
36.96
27.10
95.26
7.79
23.05
98.73
80.26
65.66
39.44
21.29
61.40
79.24
17.12
20.01
93.61
11.29
99.98
24.37
62.68
79.40
50.74
14.37
11.14
15.09
89.21
17.26
27.02
65.95
7.75
14.75
14.48
7.77
28.67
5.28
1.08
12.98
36.19
93.99
34.24
82.29
49.38
87.03
58.61
56.50
73.11
7.38
100.90
76.93
38.23
25.97
9.09
74.82
1.82
14.53
77.32
76.10
78.50
73.60
4.91
77.65
30.97
37.86
57.58
2.97
22.76
95.21
87.30
29.93
33.71
38.67
15.35
91.45
26.03
91.99
64.72
27.37
36.38
68.25
12.30
77.77
62.26
30.10
96.10
53.08
39.56
98.23
11.46
20.40
11.66
78.64
78.78
62.69
5.67
42.84
29.15
73.55
69.86
9.95
41.35
88.97
17.30
81.96
85.58
22.99
89.48
40.89
47.49
32.12
74.37
37.60
21.81
69.09
43.50
32.02
81.38
84.68
96.05
68.09
83.09
10.64
65.74
27.82
78.14
59.07
38.17
92.65
66.86
16.10
6.86
82.37
46.52
11.46
21.74
46.02
5.03
89.31
73.72
30.61
81.23
68.09
4.61
6.37
83.11
16.40
67.31
74.55
1.50
69.52
8.80
21.17
59.81
36.65
14.73
36.42
11.41
23.53
40.24
78.57
23.44
9.71
95.27
37.51
92.66
92.83
42.66
64.37
93.44
96.08
9.72
94.83
36.12
6.72
5.41
21.54
64.92
67.78
71.38
37.28
71.91
26.24
76.13
72.09
13.53
9.24
74.23
39.56
65.85
3.80
56.75
75.56
11.29
99.13
93.57
37.20
37.74
30.28
25.71
15.82
2.58
20.82
25.39
87.07
5.82
82.82
15.89
58.37
78.67
81.56
79.62
19.65
3.86
75.25
74.13
19.19
58.90
38.72
56.80
36.84
96.91
32.47
38.03
86.90
2.49
11.62
74.17
90.82
74.03
12.07
77.39
62.83
9.96
17.38
90.25
25.33
18.26
60.63
52.93
92.80
40.13
53.98
68.27
85.58
32.18
55.66
11.99
61.42
25.61
1.02
88.93
92.34
66.59
5.44
95.18
16.52
67.20
57.02
6.41
16.84
89.60
28.17
37.29
96.21
42.08
83.76
70.78
75.13
41.84
78.46
38.86
84.42
63.14
91.52
99.81
63.47
53.57
80.69
59.71
9.10
47.64
9.98
21.73
34.63
60.41
48.07
17.10
96.64
79.89
10.79
56.64
81.26
23.72
42.69
50.45
62.77
23.48
11.23
75.07
11.12
79.19
65.68
56.80
93.47
38.18
27.84
89.05
1.56
77.57
9.91
65.05
17.83
84.75
34.31
3.29
39.77
70.44
76.77
25.79
43.19
85.46
75.54
32.75
14.57
39.20
10.73
95.04
9.93
66.10
56.68
8.15
27.76
28.81
81.08
95.29
36.19
81.49
45.29
64.70
12.57
20.24
77.02
8.90
54.57
73.36
80.65
67.91
48.33
29.25
9.70
4.03
72.74
33.09
74.89
39.64
11.71
5.40
44.53
82.33
41.14
41.52
48.83
16.66
84.02
68.04
2.19
48.35
57.14
13.62
25.69
52.45
29.06
76.55
62.10
77.57
31.56
47.94
38.21
2.25
37.68
3.65
11.41
84.72
57.83
70.07
31.96
96.10
15.17
15.20
47.38
73.68
88.17
36.39
37.34
71.89
31.03
97.77
80.61
70.77
29.20
25.55
88.81
74.93
20.40
37.29
46.99
18.19
72.40
2.64
6.43
6.87
32.68
56.25
20.55
89.22
71.68
75.67
63.15
45.57
21.19
12.68
96.64
74.30
83.41
52.38
26.80
86.71
12.05
70.08
14.33
22.79
53.57
84.86
92.32
68.70
75.77
44.48
32.23
55.63
1.33
63.63
78.02
79.27
22.71
28.60
94.47
16.63
43.48
44.23
39.73
28.46
84.26
10.07
16.06
84.10
70.61
78.55
87.35
15.60
62.54
88.24
47.75
70.10
87.45
12.60
48.78
67.28
21.18
18.98
64.81
3.25
70.91
55.15
17.55
13.95
33.92
85.73
19.98
99.21
30.74
85.09
70.90
71.40
12.60
9.22
3.49
19.16
38.83
35.92
88.68
37.69
10.09
6.75
54.72
11.49
88.68
6.44
36.37
28.84
30.16
5.21
93.43
96.81
17.38
33.43
10.54
19.30
39.98
71.55
47.23
2.32
47.00
39.62
76.11
53.35
6.62
24.78
30.84
73.33
60.78
71.30
49.10
73.69
91.42
31.27
100.12
51.21
71.11
6.80
43.46
97.77
13.01
98.74
13.22
15.92
22.27
97.45
69.70
56.05
6.75
53.51
11.19
52.10
6.41
47.26
29.68
67.20
69.61
5.60
16.44
45.88
65.18
8.13
86.46
13.60
18.44
91.01
22.90
81.96
4.56
69.10
85.68
15.43
72.23
46.40
10.33
34.89
6.12
5.83
1.03
71.15
81.50
22.57
82.50
97.13
6.81
79.45
99.20
30.46
30.92
24.11
25.00
24.57
81.39
40.25
56.51
44.39
67.57
94.05
36.11
18.88
59.53
8.48
99.57
47.83
2.44
18.50
83.40
44.20
34.78
4.58
93.10
36.20
42.07
76.25
61.23
74.44
91.32
94.99
7.16
74.57
95.10
48.54
23.01
74.92
67.09
21.17
80.62
94.60
52.00
44.31
71.50
37.89
34.80
55.08
48.89
74.87
18.14
91.91
11.41
12.10
57.78
82.42
61.67
64.41
20.06
7.91
93.87
26.52
14.42
67.71
13.95
83.30
58.89
9.04
67.99
67.90
8.28
19.47
35.02
89.78
4.77
79.94
90.28
3.37
12.87
26.42
35.33
73.46
42.92
11.68
85.78
39.94
52.95
15.43
43.45
65.92
22.27
89.78
73.29
56.63
58.91
14.18
90.22
98.96
55.80
48.58
19.21
7.58
74.64
91.05
78.52
24.70
78.76
79.59
72.37
2.14
49.16
55.08
70.81
62.05
47.90
1.74
33.63
62.20
26.44
11.69
30.05
20.20
92.30
89.95
66.46
18.15
8.23
27.60
33.80
43.87
39.19
72.04
10.04
31.17
36.49
6.88
63.20
35.78
8.29
28.47
16.40
9.48
82.81
33.28
77.48
83.78
68.68
92.54
39.21
18.81
12.75
49.67
23.30
75.94
93.59
83.06
86.73
25.24
1.82
54.61
91.18
81.96
26.90
52.46
92.55
36.65
92.47
97.60
68.33
56.37
58.24
90.64
78.14
6.09
53.57
23.68
15.43
23.36
5.34
55.07
5.47
55.12
74.67
22.90
62.97
51.16
98.70
94.95
21.55
52.85
35.13
18.49
8.36
91.05
1.25
14.07
92.91
44.44
69.54
8.88
38.80
16.79
19.58
98.34
76.70
50.47
57.20
20.90
71.93
7.12
50.12
94.51
54.11
4.97
31.00
1.54
71.38
5.45
83.08
19.62
32.43
26.02
76.54
85.23
24.61
73.65
19.76
15.37
39.03
91.10
78.35
29.14
2.04
33.61
86.13
62.71
32.97
89.57
17.77
6.95
27.55
86.01
15.10
84.24
36.22
24.60
28.85
9.19
81.08
23.05
75.91
85.30
71.94
2.91
78.15
8.21
78.74
1.49
93.71
27.62
49.88
90.94
2.48
78.76
23.42
31.06
88.54
1.41
41.90
48.12
87.70
6.54
17.73
80.27
76.84
31.84
49.34
14.10
43.68
18.41
7.19
29.81
9.28
16.09
22.08
30.17
20.34
28.13
2.82
43.31
9.58
11.71
73.86
63.72
81.55
65.51
23.17
64.27
49.62
72.61
44.86
11.63
47.70
4.09
15.82
24.06
48.70
40.76
9.71
40.58
79.24
27.51
85.80
20.84
24.40
87.25
11.24
4.51
11.85
28.44
39.18
81.74
46.01
13.64
22.72
17.68
11.14
95.23
59.46
40.66
56.63
68.72
29.60
15.70
34.49
26.70
33.10
3.87
19.24
65.63
7.65
70.37
95.29
39.14
97.15
88.22
82.29
52.95
86.55
83.45
17.38
52.25
12.69
68.70
90.76
96.68
65.34
83.46
15.19
22.71
28.37
36.97
16.71
5.63
57.97
12.09
13.12
88.86
8.07
20.09
58.47
12.31
35.22
36.82
79.92
98.67
70.11
93.32
80.81
90.86
24.56
29.96
46.95
2.38
86.16
8.44
79.12
64.61
89.34
35.55
18.25
56.21
80.85
99.19
1.44
95.13
38.21
2.65
49.25
9.37
72.46
42.40
11.57
37.82
75.57
89.45
21.83
11.11
88.45
11.41
65.31
2.20
92.88
12.43
77.26
79.69
49.58
19.11
10.83
72.37
28.69
43.15
28.55
80.59
33.46
87.25
74.60
55.52
52.63
77.69
19.93
60.47
12.94
65.13
60.55
22.74
13.56
55.54
65.75
51.93
18.49
70.09
17.94
22.39
33.19
60.06
2.65
89.39
13.92
60.47
77.83
53.81
19.18
19.28
27.31
23.46
85.33
85.70
64.42
28.66
29.96
49.94
19.80
91.03
54.04
96.51
7.26
26.48
8.15
95.50
12.40
100.88
92.14
10.89
68.40
99.69
88.92
79.81
56.47
79.40
17.34
16.93
8.82
66.29
87.59
99.40
79.40
27.46
18.14
76.06
18.98
35.25
72.99
20.58
10.23
64.99
2.91
41.74
62.64
32.03
64.72
30.52
18.51
8.11
96.20
72.28
27.80
16.55
22.23
67.13
17.36
57.32
63.59
42.16
7.74
73.73
90.16
79.74
78.02
94.91
6.85
81.46
23.16
91.86
30.93
51.63
25.52
88.97
76.89
75.31
85.19
1.22
79.64
31.88
58.38
55.79
83.08
89.70
82.46
6.68
97.05
67.53
19.96
1.15
11.32
59.12
87.61
80.52
74.18
89.67
17.01
15.48
98.24
38.93
81.68
66.24
27.05
27.49
72.97
56.98
58.94
68.65
25.54
91.72
34.14
31.67
73.07
96.48
60.06
12.51
55.50
54.95
40.66
87.34
82.59
65.52
12.44
32.38
53.65
25.31
44.04
63.98
1.57
76.95
87.78
93.19
91.42
32.73
3.36
48.70
71.20
95.02
86.91
34.80
98.81
67.78
45.07
95.08
76.56
14.74
72.33
87.04
62.20
14.39
65.13
38.31
24.21
30.84
90.72
23.45
30.89
70.27
39.84
70.59
82.18
16.02
25.77
19.84
86.06
61.47
3.62
65.92
94.87
27.16
8.88
56.09
84.59
89.49
14.14
92.75
11.19
37.84
3.02
56.56
37.68
72.30
45.91
65.32
64.42
9.51
18.56
35.45
36.53
1.05
86.43
82.86
93.00
67.50
17.41
19.13
46.80
73.83
17.98
90.58
63.89
81.82
10.84
11.79
82.34
95.78
51.01
28.45
47.59
52.76
62.44
5.96
81.54
11.78
60.19
46.37
6.51
1.29
23.23
23.83
96.89
82.24
72.08
7.28
96.51
25.87
61.20
43.61
91.64
42.37
38.36
39.57
9.53
30.10
89.04
95.10
28.29
21.48
77.84
83.69
67.75
89.16
26.52
17.06
2.50
94.83
59.26
37.23
82.06
20.98
14.57
2.57
85.81
1.91
59.08
11.12
55.84
28.32
38.15
76.73
30.74
18.53
20.06
62.88
91.41
58.17
66.91
79.22
6.20
63.29
80.16
28.47
98.97
8.73
9.10
13.33
39.85
6.99
13.12
82.13
23.32
98.41
40.35
38.02
69.29
27.01
39.22
84.06
45.45
16.39
11.89
81.91
66.42
21.91
47.77
43.63
14.40
11.87
16.54
95.92
64.31
3.07
45.25
38.23
24.52
43.55
6.57
87.46
86.61
12.65
65.84
75.39
46.22
23.11
86.25
65.75
50.13
20.35
95.28
31.95
85.12
29.66
83.91
8.85
20.85
78.66
52.64
42.71
50.10
52.08
9.53
1.59
59.98
39.92
79.10
38.50
56.00
57.69
42.53
56.83
11.03
72.04
35.58
72.14
39.62
99.64
65.14
62.98
50.97
23.61
56.46
66.06
78.27
12.06
66.00
87.23
25.29
66.15
39.85
9.47
87.71
99.35
55.39
21.92
53.46
58.09
61.80
98.63
16.37
30.29
16.92
52.71
62.80
24.29
86.91
60.61
3.78
47.60
55.51
76.18
58.93
57.35
81.41
47.75
56.68
5.59
52.46
32.95
30.88
12.94
33.32
43.35
55.47
44.65
1.56
79.53
14.09
31.41
2.86
10.39
46.19
10.85
73.79
3.34
22.14
87.40
58.47
34.48
84.20
18.59
73.75
48.79
80.98
10.29
19.81
54.55
80.41
56.57
75.53
31.23
8.56
43.43
58.74
4.59
26.90
10.95
50.37
11.00
31.08
74.22
47.49
98.65
97.38
97.86
50.53
6.25
95.39
47.53
7.62
92.88
37.78
62.29
91.15
65.86
60.86
50.02
50.77
41.73
65.56
81.71
50.02
91.91
93.79
60.90
60.51
86.56
31.52
63.90
97.42
77.53
30.44
79.70
98.01
76.77
50.19
43.24
22.39
55.91
91.73
97.39
21.14
95.72
22.03
60.37
16.91
9.38
34.50
50.71
44.46
70.01
1.16
2.06
28.65
66.41
31.12
19.82
57.10
60.37
82.54
1.21
65.50
81.91
85.67
47.63
47.77
35.87
57.80
75.55
19.56
60.72
57.18
80.92
76.90
80.68
22.78
54.20
42.78
58.31
57.67
82.37
45.11
60.92
15.28
36.74
74.37
3.15
67.98
53.56
68.75
85.62
93.78
18.63
43.02
96.22
7.11
18.22
47.25
44.84
12.46
93.74
54.74
53.72
2.21
10.18
26.80
46.25
9.57
83.22
98.44
5.54
50.59
10.81
98.73
41.41
81.30
64.55
32.71
36.76
60.95
35.97
34.44
72.00
79.73
88.55
73.26
89.50
24.90
65.98
82.63
88.71
24.02
56.47
33.93
9.56
84.82
86.86
24.52
68.66
69.51
18.87
96.15
13.22
25.68
63.82
70.03
43.88
100.89
23.97
59.42
9.57
86.42
30.46
11.83
89.98
66.24
81.46
37.41
72.39
78.34
88.90
97.16
2.60
41.34
37.40
18.02
72.15
72.13
97.76
42.47
12.63
84.12
19.94
86.04
95.83
32.13
9.63
70.14
33.85
87.09
96.20
48.19
22.45
57.59
13.30
15.72
43.16
24.41
27.52
54.59
52.50
9.57
8.49
25.19
82.44
86.28
97.58
5.81
10.06
78.78
91.59
27.13
20.64
24.84
60.29
28.54
54.10
66.65
23.03
39.62
9.97
25.90
49.79
2.93
28.60
35.18
22.64
51.96
12.91
9.06
16.57
26.49
6.71
69.89
97.48
2.77
1.90
36.66
13.08
50.97
78.08
83.89
12.93
71.37
12.94
74.47
56.46
66.59
13.38
90.46
30.03
10.06
3.99
87.00
40.67
54.77
67.46
16.71
37.11
100.46
69.06
58.65
8.85
9.67
53.48
75.05
79.80
40.09
95.46
70.98
19.68
72.79
83.33
3.38
85.20
14.48
25.92
71.81
29.34
53.39
40.63
29.23
52.47
87.15
25.44
85.36
12.12
83.47
30.80
19.54
69.60
15.23
3.85
29.28
96.59
9.32
35.95
88.33
85.90
38.33
3.05
51.39
68.16
100.78
46.85
100.69
27.69
25.17
73.75
100.95
70.21
7.75
72.09
28.48
18.75
50.64
44.63
74.96
22.46
68.30
24.29
25.51
28.83
41.31
53.37
88.38
87.08
2.49
38.83
9.81
86.77
28.13
97.70
40.68
52.06
19.35
14.33
3.74
93.92
63.21
76.01
57.31
30.03
47.99
68.65
70.53
53.10
26.70
9.64
55.09
45.04
26.47
78.26
80.95
2.40
8.53
3.77
59.39
30.32
4.13
88.45
59.41
59.92
58.86
85.57
85.35
69.20
78.50
45.36
32.61
50.20
62.44
13.12
36.98
74.79
13.38
5.10
85.22
58.66
43.24
57.03
64.07
85.24
13.09
36.94
52.00
73.74
10.10
18.97
11.02
8.31
22.49
63.44
21.53
34.06
81.64
50.59
77.15
87.82
10.78
24.19
71.87
52.47
30.77
15.56
19.73
57.86
98.08
25.53
11.51
89.73
91.55
1.13
57.83
18.80
38.17
96.89
96.99
60.55
13.29
6.74
51.05
45.77
93.00
1.00
17.37
89.12
10.94
37.46
19.20
63.54
86.67
76.64
98.22
24.79
22.53
2.27
2.90
47.64
6.51
98.65
8.20
24.16
20.03
61.69
3.63
8.85
4.98
13.23
83.37
48.65
59.47
69.54
32.51
27.09
89.03
46.01
71.01
28.54
73.73
96.37
15.26
11.62
3.87
70.17
80.56
42.45
38.43
25.35
50.59
99.89
80.96
7.10
53.93
90.99
23.47
19.27
69.41
22.83
16.33
21.09
53.76
75.09
64.08
26.03
92.13
24.05
38.82
1.92
87.98
79.28
4.96
10.57
97.41
90.08
8.67
24.54
52.23
31.93
80.95
14.64
99.82
30.05
46.34
58.16
91.83
98.13
60.03
59.88
79.08
53.94
95.98
41.82
87.62
83.47
61.27
72.61
94.93
6.47
91.56
96.80
93.62
2.53
69.04
68.80
81.41
16.58
19.26
1.09
66.45
98.59
71.31
33.08
15.97
23.96
10.07
73.04
74.12
21.68
72.69
2.63
57.19
27.37
94.88
49.10
84.21
13.22
59.28
38.79
34.28
20.84
23.66
100.33
5.46
99.98
4.45
20.57
83.66
23.85
19.37
47.44
13.20
43.62
4.77
49.09
20.39
71.77
72.87
25.25
55.93
99.62
95.42
72.08
39.68
28.01
1.91
30.53
51.95
55.00
68.12
87.21
31.86
28.68
21.75
6.84
5.51
79.88
96.06
37.80
21.21
31.96
58.39
18.87
2.34
74.80
50.69
91.86
35.07
61.73
34.99
74.55
1.51
10.44
36.33
98.23
80.06
38.83
43.89
70.68
74.43
78.31
16.51
58.27
37.67
89.58
10.40
24.56
40.23
1.65
47.47
63.94
67.08
76.05
85.18
84.56
35.86
68.03
24.84
96.04
65.71
86.40
17.63
77.67
94.92
11.50
49.87
99.57
70.89
47.08
2.47
23.39
72.05
48.52
79.56
53.18
85.40
39.79
24.40
58.69
31.32
75.93
91.74
37.14
5.68
78.58
14.22
27.65
80.24
5.80
61.70
1.70
18.62
8.74
96.86
15.96
84.74
94.40
92.31
44.65
5.36
82.79
97.28
84.08
29.68
9.87
6.48
6.25
81.67
58.28
53.44
83.72
81.88
9.22
80.60
84.04
11.34
49.40
97.93
83.57
66.44
21.79
25.18
9.72
28.44
79.06
31.33
84.70
84.00
35.85
10.91
35.16
49.65
35.63
58.14
45.17
79.74
85.48
20.55
29.56
16.82
39.03
8.16
71.08
42.57
86.86
84.56
9.05
25.08
13.39
71.24
29.37
45.26
45.51
25.60
98.75
13.49
52.02
17.59
48.46
25.57
2.18
82.39
61.25
8.96
65.67
25.13
23.69
91.42
66.62
19.12
23.68
26.43
63.40
98.71
33.81
28.50
73.11
31.19
5.04
60.92
82.79
24.01
11.36
31.98
13.06
92.02
80.53
37.37
8.00
90.13
96.43
6.83
27.88
74.53
35.48
33.75
65.00
48.58
95.25
98.40
51.15
90.59
11.56
12.84
72.45
73.18
54.24
91.59
28.03
39.16
14.97
33.49
29.52
67.04
72.82
61.72
56.34
27.53
99.96
2.72
59.41
38.30
31.73
72.65
26.28
12.18
86.57
85.87
13.06
61.37
15.43
9.57
60.41
25.13
4.64
23.64
49.93
17.56
11.63
86.64
62.90
73.49
42.61
96.46
95.89
38.33
98.63
78.72
86.16
9.36
35.04
57.47
6.01
17.07
82.12
21.67
6.61
55.93
93.33
100.12
59.69
61.97
26.10
87.55
94.65
14.66
75.17
62.42
94.63
28.10
99.21
22.21
95.58
28.66
97.15
21.13
83.91
13.78
42.96
2.42
64.52
88.77
69.20
60.88
90.27
8.60
89.29
55.41
39.98
23.43
67.67
67.30
59.05
3.74
21.39
25.55
49.95
69.81
17.78
61.12
9.68
83.59
90.15
82.06
12.06
90.20
20.91
90.13
82.94
24.22
29.24
89.06
49.26
35.76
91.32
45.20
86.69
16.00
19.55
12.19
10.30
23.43
82.32
34.22
35.69
5.66
81.72
42.85
1.26
19.95
15.59
7.65
96.28
73.08
16.23
86.75
77.21
45.39
89.34
14.42
69.70
21.39
5.55
31.69
32.45
94.42
23.40
98.68
12.45
41.92
53.15
22.49
63.42
94.07
15.42
20.62
1.54
86.19
12.12
16.98
47.08
96.19
84.84
90.57
87.62
23.52
33.84
49.00
34.80
27.90
83.30
77.92
63.63
84.26
61.58
26.21
74.34
82.91
48.25
37.86
99.80
9.95
22.64
8.95
85.66
92.23
50.59
57.64
100.52
12.45
14.59
23.84
92.43
3.74
91.86
26.76
31.96
16.76
68.67
1.37
24.43
90.14
61.46
48.23
43.84
2.02
100.92
50.00
14.06
65.78
26.42
35.32
12.98
15.54
46.82
31.02
69.90
21.20
4.55
49.34
19.27
78.77
5.06
97.61
10.52
94.19
91.44
44.46
20.24
27.92
43.34
13.22
64.58
13.94
26.27
76.63
4.50
29.47
79.49
100.24
14.22
81.68
23.91
64.24
58.95
2.76
96.81
95.64
60.22
58.34
99.44
83.50
14.83
89.70
68.72
53.87
53.43
65.55
43.83
44.87
47.75
31.63
94.43
46.08
97.24
27.55
47.27
32.00
27.13
48.63
94.82
66.31
44.05
87.96
22.89
81.52
32.02
15.22
57.66
74.26
51.89
55.08
18.24
48.50
93.19
15.41
43.09
100.40
52.11
89.90
42.38
29.83
80.17
23.50
83.14
8.97
43.30
50.25
37.81
94.58
52.93
7.08
13.70
29.71
68.58
71.43
72.55
44.67
41.57
17.47
11.36
2.81
36.04
9.27
21.66
61.08
58.45
25.58
51.94
37.10
33.38
85.71
30.53
12.55
70.54
54.00
12.25
64.70
19.49
30.75
16.69
100.61
21.18
62.66
72.21
8.78
4.04
82.24
21.29
11.84
56.62
45.93
81.51
9.35
10.36
65.14
31.23
21.63
74.35
38.52
15.98
83.75
30.58
45.55
95.56
6.85
31.58
56.18
26.18
6.64
76.75
64.17
25.12
31.62
75.48
55.78
3.40
41.67
90.20
27.68
84.55
52.57
88.94
57.93
88.68
41.82
96.02
41.02
73.90
3.51
47.38
99.76
80.57
24.58
45.24
8.37
19.48
27.22
18.72
28.67
49.33
9.57
6.52
19.73
48.13
80.47
74.46
37.08
54.22
86.38
1.06
33.75
93.94
9.33
82.29
65.73
50.38
57.24
37.77
29.30
82.07
36.08
16.01
37.37
49.63
80.63
85.44
59.54
28.12
99.51
19.41
52.68
64.64
95.83
34.50
29.96
48.52
40.70
19.49
22.79
23.95
10.03
51.10
72.84
58.81
8.28
50.82
19.49
25.73
87.87
86.88
68.79
21.27
4.70
61.46
72.72
7.09
48.14
82.78
13.85
42.04
22.50
19.17
19.65
79.73
24.53
54.51
39.93
94.54
89.49
43.93
56.35
25.79
99.58
89.04
63.76
49.33
20.86
40.71
79.60
43.14
2.74
35.10
17.01
62.44
23.05
24.59
82.05
78.46
4.79
20.05
21.79
25.65
23.33
35.52
3.57
71.48
74.63
94.65
30.33
59.86
21.66
23.86
46.81
42.23
61.83
59.43
27.06
13.41
85.23
68.50
61.35
100.28
7.68
63.80
88.59
65.04
5.45
16.69
51.83
3.19
3.46
31.26
18.64
93.42
12.78
45.65
71.73
58.35
61.88
78.82
11.35
6.64
26.39
95.03
13.45
52.70
12.70
58.04
57.39
87.45
84.83
55.08
73.30
64.11
11.43
94.82
33.86
38.59
22.22
25.68
78.78
100.71
33.83
1.62
30.71
65.27
2.31
97.18
90.92
83.48
49.58
54.46
84.17
47.13
82.82
35.94
2.75
33.61
15.63
31.83
12.74
2.57
3.75
91.73
51.20
26.23
76.46
1.20
60.25
53.40
27.36
37.56
97.55
49.02
77.74
67.51
58.41
49.61
59.35
25.05
21.22
3.90
37.80
47.91
79.43
82.04
81.42
12.41
9.82
75.27
98.54
6.64
8.24
89.10
92.77
29.40
24.09
64.49
40.45
90.21
93.93
57.55
92.48
25.69
25.34
78.44
9.19
61.17
48.53
32.58
24.30
96.23
5.29
28.98
46.46
64.36
74.18
89.85
40.99
22.29
1.62
64.96
53.83
4.15
5.40
16.71
92.62
34.11
20.54
81.36
5.56
9.63
7.45
87.60
55.88
95.42
89.58
33.22
38.99
21.42
49.64
33.49
76.60
20.40
40.63
26.62
59.96
4.84
64.18
54.49
8.65
61.50
38.40
59.24
93.75
24.91
56.79
26.60
83.07
86.88
17.75
76.29
66.11
13.76
2.82
30.20
1.17
94.84
27.96
9.91
80.80
38.24
1.33
4.71
40.97
49.96
45.72
44.77
27.18
21.60
46.94
48.35
59.84
57.95
90.64
11.64
67.32
20.70
44.41
82.38
16.82
100.76
92.43
62.63
25.54
80.45
17.72
60.46
67.96
14.75
16.08
91.31
74.39
97.49
100.33
76.42
25.81
69.30
66.25
17.56
16.85
45.76
38.71
93.91
70.64
26.94
11.37
17.27
98.79
39.10
96.65
8.44
2.61
59.19
59.23
23.02
90.18
66.42
2.30
3.58
51.83
22.59
12.08
84.87
90.09
63.87
79.03
39.57
40.16
50.20
85.82
31.49
62.15
31.96
57.48
2.13
28.49
26.45
8.52
40.53
66.17
34.28
60.64
89.98
77.46
77.61
70.70
92.42
47.77
51.90
14.72
100.93
49.04
11.56
84.39
39.62
79.65
25.62
26.96
18.25
49.06
34.80
70.58
59.27
16.13
86.03
67.66
6.38
21.47
1.85
38.64
15.11
50.33
11.59
85.25
34.61
34.43
41.85
34.29
92.04
33.60
40.67
97.95
16.26
11.82
79.17
83.95
73.88
14.66
77.56
24.68
41.96
45.87
69.59
24.62
25.94
13.28
37.34
80.05
11.53
10.62
58.18
30.14
27.00
41.26
44.57
65.77
93.76
94.87
69.77
23.04
67.71
47.44
43.03
85.99
74.13
20.72
65.68
27.33
30.62
86.58
82.63
9.86
18.00
52.27
71.44
62.25
98.15
18.62
94.14
79.52
89.50
23.70
43.20
4.69
93.08
48.82
40.96
71.55
13.59
80.77
94.23
20.22
79.19
53.51
37.47
59.24
87.59
12.32
98.67
13.64
66.71
23.64
82.69
83.55
69.81
45.94
16.93
80.36
84.13
6.33
15.85
97.35
56.06
50.72
64.34
66.54
10.23
47.32
32.06
18.36
56.43
70.15
63.16
36.31
10.89
63.59
36.71
99.84
64.38
23.81
93.11
52.25
35.99
18.55
26.12
20.86
70.90
32.89
97.64
13.74
89.08
87.35
13.11
11.24
49.36
3.74
44.09
30.17
89.26
30.92
72.65
40.68
90.03
69.32
11.83
2.77
44.16
98.54
49.31
36.38
28.45
20.71
78.99
62.75
33.91
39.25
74.13
26.36
27.91
19.74
92.54
7.44
87.49
20.18
92.42
100.60
23.73
57.09
19.98
92.61
93.29
30.57
41.05
30.10
59.91
68.28
62.90
78.21
18.92
99.10
7.34
71.48
9.13
52.22
46.01
47.31
8.21
35.09
77.51
67.96
80.60
69.15
95.63
89.06
50.79
55.44
39.12
63.62
55.87
51.82
61.51
16.50
43.98
97.09
49.84
13.91
72.39
2.31
26.35
86.90
82.78
98.14
77.13
26.50
41.24
40.50
26.55
73.68
65.24
30.63
55.24
15.35
74.18
99.74
32.91
96.43
64.34
8.27
89.79
100.19
38.68
74.24
8.60
19.38
15.35
18.07
7.40
4.18
66.92
45.73
54.92
80.26
69.57
65.34
37.81
96.90
92.69
19.07
40.38
64.51
91.29
31.87
77.46
39.97
14.64
30.81
28.46
5.31
65.83
58.26
59.85
28.98
42.79
94.34
88.55
56.66
22.99
56.32
17.99
76.36
60.69
90.46
60.99
30.69
10.09
45.57
58.07
79.85
9.16
94.41
94.62
8.04
58.94
47.69
65.54
4.29
85.74
37.63
10.67
1.72
79.16
4.85
32.90
42.69
44.29
10.46
88.30
94.05
79.46
83.74
20.07
7.64
4.03
39.79
44.33
37.80
76.74
92.85
74.82
63.61
52.50
1.33
56.07
19.70
65.38
68.42
19.72
44.87
4.36
23.79
78.36
54.19
80.60
11.96
99.12
8.12
52.37
49.23
9.86
7.45
38.93
64.42
47.97
49.31
35.72
52.98
19.73
39.11
66.57
25.65
76.13
65.86
6.94
30.61
61.93
35.90
49.41
31.88
36.08
100.05
48.19
48.91
62.31
13.87
32.60
7.99
72.18
10.80
37.03
37.92
14.91
55.34
24.83
54.60
14.88
71.37
16.98
34.60
17.05
82.37
45.89
65.33
1.27
95.32
45.21
29.06
9.07
92.55
74.48
40.40
17.26
26.84
72.66
45.54
63.72
52.82
22.30
68.86
44.63
10.33
46.04
15.19
63.21
61.81
85.25
2.69
29.86
17.89
97.49
100.58
53.47
25.58
94.95
59.33
40.73
62.46
17.77
71.81
54.07
91.18
90.26
88.46
34.05
84.07
38.66
57.60
88.13
14.96
33.77
79.61
4.88
95.74
60.27
64.95
18.84
5.82
54.49
49.23
36.17
79.35
4.67
39.78
78.20
9.32
90.94
85.66
36.19
51.84
63.60
6.92
23.87
15.86
71.08
7.35
91.50
93.87
95.54
1.97
11.45
37.50
92.69
45.12
20.21
19.44
93.72
54.80
60.91
76.56
19.21
99.27
17.58
75.68
26.78
80.14
38.52
12.04
35.70
3.74
80.53
66.75
44.06
21.53
5.11
43.96
88.20
3.53
62.81
63.23
70.42
51.53
96.95
67.88
38.67
90.12
9.10
35.58
38.15
8.34
11.28
1.16
7.65
22.34
64.41
90.16
85.18
39.48
41.39
22.49
44.99
92.86
17.83
56.87
8.97
20.34
71.81
24.68
26.84
92.62
27.74
62.45
95.86
35.16
67.60
8.41
91.30
48.43
41.22
44.73
1.49
49.82
96.09
16.97
89.63
63.15
45.86
35.50
23.61
2.38
25.76
39.61
3.86
52.15
88.00
1.31
41.31
47.13
13.00
28.17
69.15
82.37
61.89
91.30
37.55
82.38
89.08
27.01
56.43
1.42
82.10
49.21
86.37
31.78
39.59
43.92
59.65
47.85
99.28
43.15
57.37
70.99
56.36
44.92
94.30
89.83
65.22
97.92
1.80
90.93
77.39
79.47
66.58
28.05
47.41
40.57
49.64
51.04
59.07
74.18
92.20
67.26
76.15
14.69
11.60
62.79
98.01
39.84
53.79
22.46
40.93
18.63
96.45
14.18
46.88
85.55
95.27
61.67
64.11
90.93
11.94
52.14
84.11
41.55
95.20
66.40
62.31
2.82
8.70
10.32
73.32
10.62
15.35
11.61
74.31
91.65
29.08
79.73
42.65
45.14
5.07
25.13
65.91
41.53
39.34
90.77
36.74
8.14
71.98
87.92
61.23
98.67
71.03
31.79
56.60
59.93
89.65
9.33
63.48
44.71
79.75
47.03
31.93
7.29
22.60
9.29
68.02
93.95
13.15
20.13
87.49
38.14
32.79
86.17
92.87
10.17
17.63
98.59
97.38
7.96
41.94
53.29
1.32
85.85
39.14
59.26
16.38
18.05
64.58
5.56
31.29
51.57
5.61
87.02
50.00
45.40
52.25
54.92
55.30
37.16
54.29
32.85
23.18
7.39
63.90
28.08
91.65
24.64
85.32
36.12
15.30
7.50
91.95
90.01
80.29
91.28
81.80
92.22
16.96
54.21
20.86
95.97
25.05
10.55
89.88
29.07
13.06
16.38
84.24
63.00
85.33
83.31
48.40
12.07
93.80
68.65
11.61
82.45
27.92
3.74
67.94
57.84
8.96
39.47
22.74
11.78
72.93
27.84
97.63
16.67
71.55
100.04
39.37
13.60
99.87
99.79
41.58
28.00
83.27
49.61
67.76
57.12
58.53
40.77
41.50
63.29
20.07
86.34
58.39
56.08
1.62
95.70
85.71
91.19
22.62
74.52
31.98
7.47
77.57
27.12
90.74
29.98
19.12
14.32
31.87
11.33
89.74
26.89
75.21
39.24
93.18
1.62
76.66
8.40
71.12
19.73
23.43
92.69
37.75
24.35
83.68
20.25
8.49
39.81
19.69
47.29
4.82
38.16
41.99
2.76
71.41
22.49
98.30
74.77
47.57
49.13
17.81
23.48
79.87
18.18
66.05
29.58
90.41
49.95
26.37
52.44
98.22
76.73
78.73
7.06
52.99
84.55
8.52
10.73
95.50
21.74
39.40
65.59
19.16
76.88
61.33
43.17
27.49
93.70
90.65
22.01
42.90
83.77
2.86
87.25
78.98
1.74
67.12
11.12
82.22
99.32
73.93
89.32
93.85
59.37
8.14
96.87
76.28
6.68
6.28
27.74
60.81
84.30
36.75
13.83
16.62
9.00
50.89
11.02
97.72
39.24
15.86
81.70
50.81
35.41
89.67
48.96
2.35
96.68
92.28
7.29
63.26
92.37
1.03
38.96
7.84
72.38
17.81
53.26
88.50
40.74
36.55
91.37
53.77
5.97
92.14
15.78
63.19
46.11
57.78
36.15
12.92
59.34
82.81
81.45
4.32
86.88
22.46
47.10
33.41
79.25
33.12
14.49
43.21
54.28
3.25
85.76
96.58
11.52
63.99
78.70
2.53
63.94
28.21
86.18
74.96
50.02
36.05
23.53
12.22
10.06
81.45
57.52
44.35
28.33
5.83
32.52
79.21
20.47
25.49
39.97
34.50
61.36
42.05
12.80
46.79
75.88
56.21
78.60
56.96
1.98
19.07
93.27
73.97
74.44
62.47
16.58
48.44
15.41
42.81
34.42
59.80
5.24
35.24
61.61
52.90
66.93
60.03
2.20
83.22
11.81
26.20
50.38
46.80
39.74
4.58
55.26
86.07
2.83
66.39
86.20
47.78
32.33
33.21
28.41
73.45
25.27
34.44
51.43
49.50
30.56
81.45
40.23
6.33
73.98
57.18
99.38
39.93
86.89
98.29
86.10
94.52
46.72
87.37
65.62
7.36
74.47
56.31
78.59
5.14
46.41
92.58
41.76
23.68
20.56
89.69
16.20
75.94
52.04
80.84
24.11
32.30
25.60
9.49
50.30
94.93
85.79
26.84
86.27
85.67
84.77
78.94
25.09
95.58
65.92
2.70
92.79
4.42
55.06
49.00
75.51
46.16
45.12
62.86
70.65
62.81
58.76
49.56
44.72
82.16
55.94
90.72
32.44
74.52
66.40
89.90
30.01
11.43
31.16
65.44
29.89
21.58
92.82
48.77
54.44
39.30
48.06
73.55
75.83
32.78
62.07
84.50
11.70
10.97
3.01
74.59
90.37
49.90
2.37
90.01
58.06
69.47
20.74
67.03
49.48
5.04
75.90
18.75
100.71
73.68
55.45
18.81
29.98
2.60
100.40
4.66
99.37
93.58
9.70
87.50
6.17
83.07
77.83
97.76
8.84
61.09
62.11
66.74
82.93
93.20
91.62
82.97
73.24
85.63
12.75
9.69
29.70
76.25
23.46
97.56
12.08
42.25
14.25
2.07
6.16
90.26
87.90
31.98
68.75
2.99
22.27
73.77
12.04
69.46
58.74
12.22
44.62
73.08
91.59
75.22
22.50
96.77
2.43
44.18
90.99
38.07
91.58
87.91
2.78
19.44
97.17
60.97
42.11
9.67
73.40
44.27
14.81
41.92
9.81
93.84
55.14
65.53
22.82
41.55
13.86
12.67
79.91
46.05
25.02
66.21
26.28
5.23
75.38
71.25
95.54
67.18
12.68
76.97
16.35
12.48
79.83
17.09
14.54
49.07
97.14
38.93
8.99
99.08
76.83
66.14
50.05
86.48
24.06
83.52
3.26
86.29
51.86
56.94
90.55
88.92
56.69
19.45
38.88
58.94
100.07
50.82
67.32
23.25
95.65
12.15
39.45
91.16
74.87
47.52
56.47
90.41
39.48
80.34
7.34
17.14
32.92
22.67
55.89
11.58
24.71
18.95
93.44
100.38
75.40
70.03
13.94
25.24
29.96
71.44
1.63
80.10
91.84
48.50
71.32
44.45
25.60
13.14
95.85
28.67
83.33
23.28
33.25
8.28
32.09
16.21
65.00
7.66
43.66
22.48
48.69
31.63
51.57
59.60
61.11
45.50
9.04
26.25
19.75
27.87
35.77
31.22
35.42
54.07
93.49
73.19
79.75
96.00
16.51
75.22
3.06
43.66
48.17
97.43
1.62
69.79
21.61
71.59
88.78
15.18
6.40
55.42
79.26
86.86
10.48
69.85
1.24
80.29
14.14
40.42
51.74
2.83
93.42
67.51
60.65
90.85
12.29
12.63
11.28
48.54
66.08
14.94
16.53
7.08
76.83
57.23
92.38
19.82
27.65
86.56
23.40
15.17
82.98
79.47
89.44
6.00
63.28
56.83
2.07
77.32
88.86
89.24
100.08
6.19
78.18
36.38
63.31
69.73
92.34
78.10
58.61
5.81
17.25
2.32
1.93
76.14
68.92
13.49
55.05
81.01
53.47
88.56
40.77
7.68
55.08
59.19
22.82
40.15
44.77
42.70
34.39
33.78
34.24
45.28
1.33
10.20
21.33
8.96
11.97
11.58
25.23
59.78
88.54
77.03
24.36
39.34
35.19
4.99
60.82
72.85
13.22
92.17
30.68
64.71
6.09
62.09
24.22
82.68
14.05
28.93
45.76
36.97
79.25
16.16
5.09
4.62
38.44
9.49
27.10
71.41
85.42
6.57
39.36
99.02
86.60
76.83
14.68
87.69
2.46
72.43
36.46
76.19
64.57
14.49
91.52
44.84
67.13
44.71
73.36
16.88
27.21
72.74
85.35
8.86
72.56
60.21
59.07
69.89
51.50
14.86
83.43
14.21
100.39
69.49
10.65
33.01
67.75
8.34
26.85
51.77
72.47
71.18
71.92
32.54
80.87
69.97
51.92
18.49
54.21
63.47
60.66
52.28
100.45
66.69
10.99
42.59
43.53
15.61
62.99
39.59
16.26
87.20
78.87
81.28
83.84
56.74
24.14
77.84
37.98
24.75
17.11
23.33
51.86
63.25
24.73
29.83
24.92
69.10
100.74
90.20
63.24
95.55
81.08
30.56
35.29
77.42
53.81
65.13
3.91
84.36
75.82
63.38
10.25
48.17
85.66
37.81
17.60
38.64
12.40
100.79
77.38
67.74
36.10
9.19
57.50
35.27
82.95
34.87
88.95
17.07
10.56
79.58
17.35
15.14
77.10
16.92
18.06
66.29
17.87
35.44
20.35
82.39
48.66
69.83
12.74
24.92
49.00
2.46
21.43
65.52
44.77
20.34
40.10
1.39
24.38
3.49
88.84
87.80
88.44
10.28
11.61
62.92
82.24
93.58
60.61
37.97
72.65
27.76
43.08
83.14
90.95
82.87
52.77
50.25
52.49
11.02
49.42
5.34
97.77
98.17
80.70
1.61
82.78
78.48
54.39
33.63
6.19
32.40
83.23
18.37
58.22
97.58
50.25
78.10
45.00
71.18
36.63
4.46
66.83
86.03
17.14
10.94
33.76
13.44
43.64
42.42
95.05
90.22
37.01
27.45
61.50
62.95
80.29
25.07
7.80
96.10
94.89
94.77
61.77
47.84
60.60
21.45
46.15
61.83
64.00
22.52
56.35
77.08
54.61
13.56
95.57
82.87
38.09
82.73
90.69
86.57
90.32
38.02
48.60
34.25
21.66
90.04
25.69
22.15
26.03
21.75
65.65
89.93
27.27
3.62
27.37
78.37
78.78
33.12
98.22
19.25
58.37
61.54
2.13
24.97
33.98
99.59
14.64
15.94
22.48
47.69
62.16
10.67
55.79
57.78
60.57
76.45
95.94
25.03
4.19
43.87
50.97
36.04
66.67
83.23
2.01
29.04
56.81
22.94
78.18
58.75
24.90
64.97
12.97
65.97
96.49
81.97
4.43
27.76
16.58
6.44
16.32
32.80
93.84
19.90
13.22
91.70
87.52
46.03
71.12
97.47
39.16
55.85
53.75
36.98
41.00
22.80
60.64
83.77
98.34
40.20
37.12
72.96
11.89
89.95
26.12
39.71
37.29
64.16
50.51
87.90
13.81
71.43
56.64
42.77
70.45
25.06
46.08
26.72
5.85
23.39
15.61
50.15
28.77
73.23
87.88
35.22
55.62
78.98
91.08
47.57
17.81
3.84
16.47
19.70
98.62
64.03
25.57
19.83
23.00
58.02
50.06
66.81
83.20
89.86
37.61
70.81
21.99
35.02
92.67
91.42
1.07
67.81
5.80
58.99
71.80
26.15
72.48
38.35
97.31
73.27
27.64
44.02
37.04
74.87
15.04
95.18
27.41
8.25
74.76
21.10
80.42
92.74
35.82
92.90
21.46
81.16
16.75
15.55
89.82
90.68
29.23
11.31
89.28
34.40
58.26
60.72
23.07
32.13
81.56
23.25
45.05
33.77
61.77
74.50
33.89
1.72
14.18
26.54
22.02
67.16
49.63
74.50
36.99
74.17
78.41
63.83
62.13
71.34
53.33
81.07
88.26
47.94
25.29
81.20
12.63
57.18
69.87
69.81
38.01
51.43
54.72
8.41
14.59
56.70
20.59
18.13
42.19
47.82
33.18
20.89
53.73
36.53
89.43
5.70
59.20
6.23
3.35
74.27
58.56
82.24
80.72
4.57
15.31
77.77
94.53
9.79
16.17
49.01
49.98
6.18
11.09
76.27
86.43
36.94
96.89
44.86
88.33
97.85
96.41
91.64
46.19
26.96
58.30
18.68
79.87
56.54
31.11
52.52
29.45
60.43
28.59
69.94
50.99
1.02
14.26
10.81
26.94
13.51
81.72
18.62
43.63
5.92
26.73
13.95
36.78
65.88
64.35
96.91
40.27
3.68
31.69
71.35
92.98
35.05
91.34
56.41
63.73
74.31
75.85
91.68
30.39
27.85
9.90
30.99
90.31
29.21
22.77
20.41
12.04
11.93
55.61
98.24
53.00
27.50
80.68
59.09
20.72
4.59
9.21
18.04
53.46
69.45
22.18
12.47
95.86
60.14
45.23
26.76
19.49
84.04
34.14
62.02
90.08
6.68
21.61
68.53
98.91
14.98
13.09
67.31
77.29
4.67
76.32
54.37
71.26
90.20
24.70
76.74
63.46
21.00
43.55
81.60
51.34
79.09
31.96
10.92
87.40
31.11
4.54
2.60
82.76
99.26
85.75
16.92
2.68
41.01
13.40
64.54
51.12
28.02
79.55
71.89
60.35
88.28
29.86
49.31
65.72
46.42
83.51
36.25
83.48
35.34
43.93
67.52
3.74
77.31
91.83
66.94
38.08
29.15
73.68
35.71
7.86
83.55
11.06
24.76
100.29
71.86
44.07
41.51
12.30
88.08
34.05
69.60
64.50
17.88
83.65
68.92
5.40
54.01
93.19
22.04
98.77
64.82
51.39
6.92
54.59
41.95
5.55
23.48
73.25
21.70
66.15
1.35
23.18
89.01
91.13
13.63
97.52
9.57
9.22
11.52
4.92
48.04
44.53
10.92
92.55
100.92
80.35
5.58
5.74
76.24
7.42
88.89
20.61
85.19
99.14
26.76
94.20
100.93
5.20
10.88
11.56
100.84
98.37
26.01
48.17
45.48
90.66
82.00
19.28
6.06
79.66
71.76
14.82
21.59
62.57
6.00
40.57
86.43
99.38
19.85
45.55
37.20
74.28
95.93
15.17
79.89
12.52
88.23
86.98
98.34
6.54
2.16
71.16
100.25
40.48
15.04
87.06
15.90
47.35
32.69
28.35
93.24
62.97
9.05
29.61
27.84
85.07
35.42
87.21
48.09
12.36
6.55
16.11
66.40
4.09
17.32
58.85
90.92
81.38
65.34
71.41
28.33
70.61
2.36
63.50
50.58
37.86
97.34
7.46
24.05
37.91
11.20
42.41
6.23
58.92
6.01
38.65
35.99
20.26
84.04
21.35
73.51
83.03
56.30
72.05
98.80
73.89
97.62
93.64
84.93
43.09
21.70
4.68
18.19
97.49
31.58
82.58
24.07
72.66
25.29
78.72
16.08
56.66
50.42
44.75
15.51
59.44
41.13
22.33
86.77
4.69
7.15
69.78
19.56
39.65
10.96
14.42
30.16
33.69
58.02
16.43
25.51
44.11
89.05
18.07
83.66
32.55
24.93
4.94
17.58
74.55
2.51
88.93
82.00
81.59
25.95
1.21
22.45
20.91
27.13
35.14
87.93
47.90
92.03
86.51
40.08
30.29
63.55
73.69
6.33
89.47
45.50
34.34
62.50
50.78
22.67
16.95
62.92
4.81
77.20
100.45
41.93
54.67
11.46
27.93
61.88
74.40
17.71
87.86
8.40
91.91
17.21
5.64
35.71
43.08
96.36
18.81
85.87
39.83
58.32
99.07
16.98
75.56
11.32
20.08
25.75
21.56
12.10
80.76
82.61
99.33
25.92
66.13
4.87
99.33
13.50
4.27
1.24
14.36
3.70
91.03
96.32
13.15
54.16
64.14
14.83
39.43
9.82
96.53
21.66
100.67
63.02
13.83
18.83
26.93
21.81
1.25
59.00
51.75
15.00
79.97
74.80
46.41
23.65
9.27
83.45
59.33
82.81
55.96
6.40
47.47
66.23
79.59
50.77
17.50
93.59
4.32
77.06
86.79
37.12
59.75
36.80
54.33
24.31
32.30
12.45
62.21
86.01
88.02
47.64
84.14
67.95
14.51
77.00
15.43
99.59
2.74
51.66
22.27
10.81
12.03
44.49
65.01
30.35
15.71
33.28
2.34
25.35
49.31
45.67
35.64
25.71
31.10
34.58
89.85
40.01
53.59
76.15
28.35
17.27
11.51
29.32
98.33
58.69
30.70
59.88
48.69
36.37
74.31
25.10
23.27
74.08
75.61
5.02
14.27
63.82
61.06
46.97
57.18
7.42
68.63
94.03
47.83
55.03
98.82
70.59
33.07
31.49
40.20
93.69
72.97
54.73
74.67
27.98
93.76
26.18
93.57
27.17
16.85
93.29
89.65
60.97
6.57
38.76
23.89
38.32
98.51
38.72
98.29
47.26
63.70
59.72
78.19
28.61
85.82
19.56
6.04
58.99
57.35
71.31
56.34
9.64
27.34
14.13
1.43
92.17
34.35
5.24
69.92
15.77
46.54
100.01
24.69
68.80
19.30
11.50
8.16
83.18
21.66
97.53
9.56
48.17
95.74
14.99
68.00
61.33
85.06
56.49
33.80
21.62
45.17
55.55
84.99
46.31
95.69
81.64
70.58
39.74
48.50
37.22
72.96
40.31
20.40
18.22
65.59
72.02
90.00
33.17
70.73
28.48
43.64
14.72
42.62
16.01
36.26
40.17
74.46
37.23
20.03
7.36
73.37
38.89
98.86
86.85
10.87
14.50
65.96
3.10
71.17
30.12
12.13
14.67
89.97
76.24
21.71
80.00
81.06
91.04
39.40
85.15
11.06
68.54
52.70
7.50
83.16
86.39
98.78
25.75
80.35
62.16
65.86
39.43
98.60
15.83
40.56
63.68
92.77
47.41
26.70
39.39
2.47
47.39
10.28
26.00
99.26
76.75
89.74
77.10
5.42
87.84
8.07
10.70
91.92
13.85
65.38
8.12
71.73
36.49
22.90
41.09
70.26
92.03
70.61
68.95
21.25
26.76
1.57
63.41
52.86
22.09
77.83
38.74
1.69
89.55
75.51
38.49
36.28
83.52
64.44
88.66
100.20
21.40
28.71
21.27
5.57
69.60
54.26
8.47
86.82
12.81
23.43
23.71
47.45
71.24
66.06
37.92
35.62
15.29
60.67
59.24
98.10
10.29
9.19
36.76
16.27
51.57
77.18
70.62
55.18
88.32
41.70
81.14
92.52
19.96
98.54
79.50
90.65
84.83
20.20
87.86
17.14
31.11
7.31
17.69
16.97
21.96
67.64
20.34
1.66
66.61
33.48
58.61
98.80
72.26
5.02
11.78
20.84
97.68
4.50
36.70
28.85
71.37
45.77
63.75
19.73
8.70
51.54
54.59
4.51
30.99
64.74
68.28
6.30
31.78
45.99
18.30
2.57
99.46
8.38
49.88
6.47
90.56
83.10
37.12
27.04
29.02
67.17
1.78
11.01
89.08
83.45
12.98
59.61
63.01
84.57
5.37
29.44
99.08
24.61
83.89
6.28
95.66
45.39
3.72
18.86
69.14
47.72
44.36
2.10
92.14
60.38
85.99
30.46
38.59
81.79
21.56
1.32
51.72
8.82
32.12
37.25
28.58
87.56
60.83
68.49
9.72
11.30
89.92
24.13
82.53
8.38
39.02
29.16
88.87
75.67
18.59
46.57
22.15
68.24
65.85
59.79
93.84
96.35
37.07
8.90
59.09
21.62
72.99
41.85
72.25
88.46
43.22
32.61
88.25
27.16
58.87
22.93
80.37
90.53
88.67
27.23
64.42
68.68
32.04
97.38
9.07
97.41
69.29
91.43
56.02
27.81
3.97
93.97
31.53
89.65
9.60
87.32
14.38
14.50
65.23
87.62
100.31
3.62
62.82
23.40
37.13
32.39
98.54
92.14
32.32
59.76
87.96
6.34
19.38
35.85
36.96
36.94
87.88
53.11
54.94
93.37
88.26
11.13
3.46
24.71
92.96
97.32
42.06
49.15
63.75
81.49
34.04
96.28
34.05
97.08
33.73
7.79
85.87
70.23
77.86
64.04
100.69
67.88
6.09
33.07
91.33
77.00
95.94
47.93
34.65
41.24
34.33
74.87
77.99
22.78
15.59
7.78
88.30
49.36
43.33
60.40
18.78
18.82
83.36
54.98
77.07
23.01
86.11
60.26
42.06
55.15
18.33
28.30
9.09
9.06
59.47
23.18
48.84
6.77
2.33
49.15
64.19
88.60
36.68
96.32
81.29
31.79
87.47
11.42
16.18
14.81
26.60
24.98
21.98
4.17
23.66
24.90
83.06
80.86
37.48
54.80
82.58
10.75
48.05
65.65
3.51
61.12
96.49
85.70
46.69
76.60
28.39
88.83
7.45
5.67
67.81
100.69
68.17
27.03
17.43
67.22
8.36
80.31
3.16
1.70
95.80
62.74
88.93
2.92
21.85
9.10
20.40
3.34
53.60
8.14
90.92
13.93
46.11
30.24
52.93
12.24
92.03
85.45
69.86
78.58
90.11
20.54
59.33
68.86
60.95
78.84
54.99
80.87
2.04
43.86
16.29
14.96
4.34
11.89
36.70
26.09
13.36
19.16
27.10
100.35
42.87
82.94
66.70
74.33
49.13
78.57
7.25
59.99
5.87
13.72
73.71
87.11
54.01
55.67
19.48
64.26
68.17
60.41
28.55
32.12
67.55
4.10
68.95
27.07
53.27
33.47
3.37
11.77
93.67
23.14
64.87
5.92
35.11
35.22
57.09
49.81
13.30
68.91
97.63
85.68
33.91
44.69
65.78
46.51
46.44
23.47
54.58
88.25
23.05
81.74
34.66
47.14
25.28
87.99
89.86
72.20
45.23
1.46
76.54
89.79
93.59
44.47
11.39
35.00
39.68
84.90
11.92
45.10
17.10
92.37
77.25
39.31
35.74
43.09
95.42
18.30
20.11
20.02
2.94
24.76
28.06
17.31
31.82
26.16
11.80
6.18
56.69
60.82
7.51
26.67
39.64
25.68
32.40
79.55
93.30
68.16
24.51
88.70
59.90
55.96
72.11
23.77
86.67
81.11
67.92
21.14
7.85
10.39
33.18
25.09
45.61
67.95
27.28
33.76
18.97
15.83
69.09
14.57
45.21
2.94
25.94
95.11
82.69
14.39
17.84
8.46
90.68
40.83
37.51
50.86
53.28
52.22
23.07
10.86
81.51
53.88
11.66
83.25
82.49
49.42
4.62
91.38
95.63
49.89
17.12
17.57
73.96
9.18
16.93
35.82
18.54
46.47
11.00
1.88
19.19
24.97
24.73
39.60
32.57
26.38
12.85
12.43
23.18
77.81
64.77
57.40
4.72
82.99
6.71
42.95
66.95
91.49
58.82
27.63
36.44
85.23
24.85
19.71
53.51
1.03
8.20
82.47
71.80
77.26
25.50
61.95
86.19
17.50
99.38
54.33
1.44
8.41
36.99
34.27
96.56
50.72
35.86
50.83
58.93
59.40
72.83
88.94
43.07
83.69
25.62
98.54
11.16
71.17
85.44
83.28
65.53
4.87
28.88
6.14
70.51
36.03
63.11
54.77
99.61
26.13
10.52
17.69
1.06
53.07
82.67
86.39
6.93
7.68
25.04
51.56
17.19
56.62
16.03
46.76
60.85
2.61
95.67
41.81
77.95
98.17
47.75
60.53
86.12
36.00
25.79
3.69
12.18
1.41
97.51
51.93
26.57
42.14
15.33
50.72
16.31
92.13
74.93
14.00
83.66
87.17
26.49
75.97
84.54
58.42
22.30
6.40
49.17
88.14
9.68
6.47
54.64
11.62
29.97
6.59
25.58
100.74
95.80
38.74
64.74
17.64
88.63
17.18
57.70
64.82
21.11
75.10
81.03
84.54
80.40
26.76
35.00
46.38
22.85
68.79
8.73
58.80
8.52
77.69
88.10
37.35
24.53
86.84
74.12
11.74
19.51
13.36
90.08
34.84
96.60
64.80
28.12
28.49
76.38
6.46
34.85
78.25
51.30
13.16
71.77
54.87
79.64
43.49
20.37
16.59
19.15
30.74
69.54
61.99
99.26
62.65
81.25
38.30
74.87
16.28
84.31
47.42
100.79
9.58
64.66
20.47
18.98
46.75
44.94
43.32
59.24
40.16
51.06
57.54
51.72
26.24
7.83
37.91
33.21
85.85
95.05
30.85
64.27
35.51
44.79
82.47
5.31
27.75
11.10
80.83
73.08
1.10
20.49
39.37
99.79
71.47
30.20
30.83
59.18
77.79
17.52
9.41
60.34
30.84
50.57
79.58
84.39
21.00
68.15
78.71
87.91
56.98
48.58
40.92
29.49
95.80
16.65
44.97
6.75
3.95
11.33
1.19
20.07
48.28
32.97
1.60
11.82
12.09
1.81
23.91
18.89
51.76
35.56
56.58
27.43
55.54
28.82
12.28
33.71
32.38
19.06
4.87
15.19
7.50
38.62
17.27
46.90
41.95
10.00
56.77
35.98
69.73
11.45
82.02
94.45
76.13
4.09
30.66
84.45
91.99
62.78
65.71
32.89
73.86
86.80
97.26
39.15
11.14
32.44
53.01
72.54
79.04
41.92
81.90
100.41
24.87
1.75
87.51
54.01
43.30
37.08
18.42
11.65
12.69
19.88
80.03
35.68
3.62
86.55
33.36
23.86
80.85
75.28
7.04
69.12
94.57
7.97
81.75
9.50
86.68
3.93
45.53
6.90
7.92
77.76
30.20
81.23
44.04
25.71
42.60
76.82
14.51
97.49
2.33
49.35
40.27
96.20
26.03
88.63
78.01
65.08
26.73
60.84
95.86
24.97
17.42
28.62
48.05
33.87
70.61
11.05
80.32
92.31
52.31
20.55
94.32
38.04
63.47
81.59
36.77
21.78
2.93
36.06
81.57
5.86
29.53
61.65
52.07
23.54
41.86
3.62
74.91
22.48
10.38
23.16
18.72
76.41
85.08
17.86
69.10
86.66
34.66
40.99
37.74
70.15
37.60
30.35
14.15
66.18
50.24
50.04
66.98
7.82
7.62
23.95
43.43
64.20
48.27
2.69
39.85
19.26
78.78
64.10
25.92
90.50
21.83
24.81
67.90
17.70
27.71
48.76
3.89
20.50
27.23
10.45
96.78
61.21
39.71
14.00
27.00
20.67
69.34
4.43
63.07
42.14
69.88
27.48
82.75
61.87
44.71
23.62
32.18
85.84
62.18
86.62
63.29
54.36
36.51
87.47
9.40
15.78
81.71
66.36
16.16
87.62
67.31
10.53
59.77
40.44
88.01
99.25
20.81
75.03
9.79
4.19
100.96
17.29
49.31
22.06
55.12
3.27
87.56
17.13
5.12
43.03
80.76
93.19
2.92
75.88
84.74
63.70
73.70
61.14
2.18
76.51
8.72
16.91
1.03
90.93
93.49
6.34
13.61
2.35
28.77
62.45
26.23
5.72
65.69
77.04
7.26
88.59
27.50
80.16
83.46
100.60
71.56
23.41
8.05
38.91
89.06
59.63
34.78
86.07
83.45
67.78
29.07
7.44
29.66
63.01
67.86
25.97
84.59
36.25
21.72
17.29
78.48
58.87
72.83
62.38
62.14
33.31
23.82
41.06
39.81
71.65
49.31
77.62
36.55
93.76
53.24
84.36
11.24
25.21
65.09
73.37
98.07
28.58
10.28
58.91
66.08
84.88
89.78
31.55
84.20
31.06
36.25
71.19
87.46
27.55
24.71
41.46
15.04
32.26
53.14
98.92
87.97
71.91
12.20
4.11
24.95
44.41
54.97
23.22
25.69
79.58
64.39
96.73
52.21
87.62
78.54
97.73
50.40
84.20
43.67
75.93
35.58
42.85
10.57
51.97
12.27
63.78
84.18
34.87
85.89
15.88
95.79
87.03
23.90
62.46
54.16
5.28
70.78
61.51
25.98
9.95
6.24
89.37
76.29
13.49
61.96
12.49
29.92
6.85
98.69
94.64
72.02
13.59
46.51
2.57
61.40
97.64
27.08
33.24
19.17
48.45
100.70
5.06
98.73
18.78
72.49
12.18
50.44
92.56
83.23
65.48
25.37
21.45
65.79
36.28
65.34
61.03
18.58
22.01
89.95
74.67
27.67
47.98
55.23
95.95
44.58
9.36
34.89
34.67
100.43
88.97
7.83
12.69
33.00
16.53
10.67
57.58
69.96
32.67
31.23
29.71
8.29
72.54
3.30
78.43
90.17
72.37
95.63
7.59
22.48
13.84
2.86
22.72
82.37
7.96
100.89
71.43
21.86
24.24
23.61
94.99
63.13
71.37
55.53
99.66
93.09
45.87
26.73
27.69
53.20
67.53
64.59
22.09
56.46
22.46
39.38
24.02
65.86
26.37
96.84
56.75
93.91
81.50
86.98
22.58
91.53
25.71
54.53
2.34
34.93
21.06
38.83
88.26
12.71
8.19
60.90
50.72
11.15
67.56
88.44
86.46
59.74
75.39
1.16
99.71
58.05
89.24
87.29
62.13
90.69
69.72
81.20
15.33
45.26
97.41
7.02
62.04
12.18
67.38
27.26
75.65
87.86
35.58
21.28
84.98
19.63
14.56
5.15
31.88
54.12
51.94
83.72
41.33
10.76
57.62
1.83
78.80
35.54
59.68
19.42
29.80
63.16
44.25
26.56
25.49
81.08
85.16
29.47
78.91
46.64
14.19
85.09
47.59
66.17
27.08
30.39
88.75
82.71
20.64
7.40
23.05
8.82
48.19
2.24
88.23
28.11
75.26
37.72
72.57
48.21
10.18
54.57
69.51
10.06
68.46
65.63
60.25
70.43
19.54
39.53
99.53
63.95
62.36
4.25
43.68
30.58
22.99
72.01
8.59
56.73
71.63
41.64
1.11
54.20
1.37
52.41
56.19
89.64
76.71
45.54
18.85
2.86
85.29
13.32
56.87
14.20
31.21
13.70
44.99
19.14
43.52
68.79
27.97
78.43
12.46
98.92
3.36
6.29
57.33
26.06
59.00
52.51
72.41
19.79
12.23
33.70
18.42
44.39
52.01
29.18
97.72
16.90
97.08
15.41
53.10
62.60
100.59
59.00
36.43
7.00
74.34
35.93
89.66
50.62
73.75
60.40
35.45
38.11
18.40
10.66
70.64
46.53
87.58
53.79
42.89
64.03
16.48
82.92
91.42
79.37
15.62
53.52
44.47
25.95
28.30
49.30
15.93
15.80
59.48
83.91
92.36
53.62
84.55
10.96
3.32
64.77
7.20
36.19
17.33
56.48
22.15
70.17
16.29
33.82
75.03
28.03
90.36
6.73
81.62
1.93
2.07
87.99
92.36
25.48
27.42
12.46
2.84
32.45
16.58
32.66
8.49
56.69
5.31
82.60
8.81
54.22
64.09
9.73
4.07
5.06
76.10
98.91
17.26
86.51
9.55
34.75
35.21
98.66
64.82
18.24
6.29
10.68
72.52
19.62
16.10
19.21
99.78
26.43
63.33
84.95
59.77
2.38
100.34
1.11
13.62
77.85
21.92
40.22
47.43
13.41
100.93
77.66
72.47
65.15
75.63
98.14
61.56
70.17
59.71
6.72
20.59
68.38
41.46
93.54
86.84
25.38
70.73
98.79
29.79
72.73
38.66
63.66
90.69
77.53
20.87
13.87
98.31
33.54
95.64
90.93
7.64
22.46
56.72
65.28
54.53
20.57
10.81
63.39
34.62
35.07
28.62
87.65
10.07
3.31
7.36
27.08
41.92
19.74
100.99
95.02
45.36
21.84
82.33
72.99
61.12
12.43
33.69
3.06
100.11
54.06
71.02
37.48
22.57
29.91
46.58
7.50
57.72
85.40
88.61
77.39
14.59
43.11
44.41
94.49
17.65
13.36
38.16
24.66
96.56
29.67
57.03
83.98
89.47
26.82
61.80
81.83
74.00
90.83
18.55
5.09
47.10
81.74
58.37
58.51
21.26
2.89
23.39
44.58
4.84
73.17
61.13
55.08
21.53
9.73
25.72
63.96
15.11
37.49
20.32
47.16
77.72
90.12
22.14
25.43
92.42
23.24
96.83
23.52
55.82
4.50
77.61
1.63
37.76
41.45
37.30
41.78
11.62
10.28
100.81
55.78
33.73
24.60
32.76
3.60
16.00
96.78
68.95
33.42
44.59
14.17
26.58
47.62
18.91
93.18
57.35
35.13
99.58
40.01
93.40
51.28
84.26
57.67
73.84
85.71
74.88
68.32
56.67
22.58
97.43
84.31
70.30
38.00
24.94
18.32
94.14
94.53
37.46
12.50
3.63
23.91
80.26
75.16
81.98
15.89
49.50
21.97
12.18
74.12
15.99
33.18
9.85
55.10
60.51
90.27
3.30
78.71
4.00
7.71
62.34
100.65
61.31
14.35
56.42
27.15
35.69
43.22
60.55
36.29
31.90
11.52
92.39
57.11
11.31
7.12
25.46
6.27
5.42
89.04
41.59
14.81
89.41
96.78
90.73
44.81
92.34
99.33
22.90
30.30
85.66
15.21
14.07
67.93
37.11
80.79
16.83
76.75
21.24
26.09
44.24
40.15
13.47
50.24
75.63
10.71
14.32
6.91
92.96
48.30
63.05
25.67
5.99
57.90
27.27
7.35
60.61
22.43
83.36
100.62
84.21
18.48
12.43
12.02
23.92
80.80
82.19
93.48
14.67
51.67
24.24
20.93
43.69
98.83
75.22
31.48
82.24
35.33
8.55
37.01
17.36
80.60
88.39
9.55
71.21
77.08
79.75
34.73
2.60
26.75
16.03
28.62
82.69
77.24
74.95
91.19
17.91
87.84
5.11
25.62
1.53
72.81
19.33
2.72
9.68
24.89
89.07
76.74
91.17
92.99
17.61
14.79
45.44
33.99
87.94
20.12
36.21
85.08
56.67
75.98
52.14
16.41
68.67
47.24
19.21
13.56
68.17
22.08
63.64
29.75
93.30
79.84
23.74
34.00
79.22
73.60
34.63
23.05
22.77
36.98
69.86
46.31
63.18
67.84
20.98
86.78
19.36
83.21
60.76
12.20
27.56
66.03
58.60
42.21
26.18
39.13
17.06
18.08
29.79
18.21
8.69
67.11
30.05
32.86
43.76
12.76
80.96
45.97
80.21
34.82
95.30
54.21
63.52
13.95
26.62
61.70
84.70
98.73
74.59
15.71
82.37
100.14
60.01
22.42
23.64
19.43
24.62
61.00
71.03
9.74
84.83
69.40
86.92
41.91
77.53
52.45
57.22
59.58
16.64
25.52
77.39
4.63
4.48
99.86
22.78
87.49
48.97
72.10
18.90
77.11
13.69
19.30
71.68
18.88
53.64
28.27
7.53
83.19
68.25
15.98
98.32
91.19
18.02
37.36
1.44
99.03
76.76
8.13
9.77
8.60
21.04
17.45
26.39
2.93
71.68
8.74
14.44
69.91
13.98
29.70
2.88
21.38
47.94
31.33
32.46
39.08
67.71
49.26
78.16
77.73
95.53
81.26
49.25
82.67
84.48
77.03
7.70
64.79
9.26
15.81
35.59
49.99
16.32
92.55
52.12
3.09
69.46
72.77
100.03
64.80
65.11
30.74
57.51
95.45
39.84
18.60
73.90
15.05
59.60
5.93
34.35
22.49
13.11
80.45
7.27
15.78
99.00
98.25
19.69
40.71
46.17
93.18
18.91
46.87
56.66
59.55
37.99
15.27
21.58
74.90
57.22
76.40
88.50
81.69
100.64
55.40
58.42
22.00
10.64
74.07
90.97
12.15
27.21
46.03
61.86
11.22
88.93
78.13
36.08
48.79
3.73
37.43
99.07
48.95
60.13
18.37
66.60
54.36
75.14
41.79
30.68
99.86
69.13
20.30
57.68
71.60
91.69
21.79
40.87
1.13
73.48
99.42
93.90
64.30
4.82
96.76
50.84
45.34
16.23
30.26
40.58
86.65
95.42
13.11
30.77
21.29
9.74
39.59
30.40
6.19
13.24
49.46
67.55
78.76
68.97
85.08
78.16
99.75
87.09
35.02
3.28
89.66
60.27
58.06
4.81
41.35
29.19
15.22
95.63
45.61
44.30
16.42
17.07
80.06
71.97
62.71
10.63
11.72
51.33
86.31
47.32
99.11
54.29
52.58
9.56
16.81
33.76
15.29
53.56
75.65
12.49
72.30
85.25
40.00
40.36
89.91
58.16
60.17
31.59
6.47
7.68
4.26
61.37
81.50
29.79
7.51
52.17
73.35
31.53
78.87
29.30
17.95
4.00
55.13
14.22
74.61
57.59
10.25
35.29
56.13
19.46
46.74
90.55
30.65
32.94
33.98
5.52
90.89
48.13
47.88
67.94
67.69
4.99
32.26
33.44
98.69
13.38
2.36
34.83
51.99
9.87
100.11
38.14
94.61
74.46
78.80
5.90
58.81
63.72
12.43
89.13
64.17
98.83
43.04
57.82
26.96
16.02
99.85
8.30
85.24
28.54
86.50
8.09
88.26
73.72
14.64
87.32
24.86
34.47
18.92
77.29
42.40
40.92
99.19
60.80
76.99
47.73
12.61
11.49
40.64
58.91
40.07
33.30
41.23
29.67
4.76
75.50
31.88
72.34
56.89
34.38
53.20
68.28
51.29
74.19
22.00
6.58
38.21
82.92
17.55
2.44
38.71
61.57
8.16
15.82
1.64
85.68
37.19
100.20
9.28
10.12
20.01
97.63
94.70
66.59
100.52
20.38
10.09
18.72
74.27
1.67
81.49
74.88
3.33
78.94
100.09
46.96
42.61
47.51
80.81
30.24
90.27
13.99
53.50
38.95
49.69
59.91
24.01
6.63
20.24
23.32
4.08
94.82
61.31
30.22
85.84
20.92
28.20
28.31
64.36
14.91
36.79
71.91
13.41
26.37
44.84
4.14
17.95
59.45
60.56
36.25
94.34
55.45
1.82
25.53
92.97
29.97
42.57
39.04
39.99
50.60
27.18
68.21
42.54
83.27
4.16
13.54
7.80
33.66
94.12
8.92
21.60
5.43
21.90
57.54
49.54
18.52
42.91
57.86
38.55
13.97
6.17
91.45
4.83
34.77
5.40
36.17
69.35
24.49
43.86
25.60
58.93
49.99
15.05
1.03
8.09
62.43
69.59
83.36
18.27
2.96
68.74
32.67
79.95
73.25
51.94
28.90
50.12
41.81
18.76
58.43
22.76
54.44
74.24
10.63
12.34
32.95
44.13
32.41
60.49
81.63
85.79
70.89
75.00
98.00
13.85
2.97
66.74
60.87
98.48
15.91
32.05
49.38
50.88
2.05
13.89
81.32
86.01
7.49
4.82
36.81
21.89
22.25
14.02
94.06
51.73
59.46
35.68
37.08
44.81
88.07
71.42
29.77
82.03
22.01
45.72
65.60
92.62
14.93
22.41
76.42
23.87
49.37
27.29
37.33
23.00
6.90
42.07
51.16
3.09
21.41
49.73
32.55
74.80
42.36
49.07
70.68
17.76
37.88
23.08
78.14
17.92
64.37
72.79
21.97
21.48
49.61
30.36
84.54
10.32
48.17
89.25
3.89
98.64
90.04
11.59
53.60
40.56
7.45
59.45
56.62
46.61
39.20
39.65
35.83
11.31
37.56
91.80
36.05
43.61
13.95
86.15
9.48
46.90
37.53
17.79
69.82
57.49
58.57
62.29
64.35
92.63
90.62
8.62
35.03
84.79
95.45
11.28
1.15
42.67
23.64
5.14
13.12
52.17
91.34
31.13
14.26
93.60
30.96
71.76
11.22
65.04
90.00
65.92
45.26
43.51
98.83
25.23
37.25
80.22
21.93
21.26
75.33
38.19
55.95
42.85
75.52
64.16
2.00
54.44
5.35
69.08
62.73
94.59
77.73
19.85
76.49
27.13
13.19
84.46
88.41
1.01
69.54
82.29
8.83
49.84
32.77
3.19
43.89
13.43
85.13
27.35
91.60
78.08
93.26
73.97
34.50
9.14
100.32
10.76
24.97
60.18
7.71
15.57
47.05
87.39
32.10
69.57
72.16
4.70
38.78
47.33
35.43
29.55
42.93
43.12
19.79
44.07
24.72
22.03
21.74
21.66
88.26
73.36
43.04
88.34
27.02
10.59
42.33
62.60
36.72
90.73
20.12
77.07
72.15
6.21
58.60
64.11
99.53
58.05
7.06
31.92
74.95
84.68
40.26
62.27
43.31
4.42
51.14
11.88
6.96
52.09
2.69
71.77
90.72
12.57
58.23
98.69
63.24
3.98
72.18
85.56
98.23
7.04
5.12
72.38
78.75
21.08
22.10
15.55
72.57
17.21
5.76
61.66
66.43
44.29
58.50
69.65
41.17
70.57
26.94
24.55
70.75
73.79
10.51
12.79
61.24
3.78
87.34
74.48
77.04
21.43
59.47
81.30
95.33
10.18
38.14
87.48
85.36
85.54
21.94
32.02
13.06
32.73
27.06
82.49
91.05
57.59
5.42
4.72
14.66
82.79
22.48
93.53
12.83
40.47
45.60
14.73
82.45
70.27
87.09
10.52
48.98
86.20
82.37
7.97
35.47
15.09
11.58
10.12
55.25
63.99
85.25
80.16
7.49
65.50
25.60
12.40
4.42
56.67
11.35
30.77
72.82
2.10
64.24
10.58
46.08
72.23
6.44
2.46
61.64
82.85
37.71
75.69
9.70
39.19
51.03
6.29
95.36
1.23
41.36
29.83
12.51
21.47
71.15
70.78
56.25
68.54
51.85
15.80
95.25
1.91
21.65
21.31
77.02
81.72
57.58
79.93
78.08
79.05
95.82
11.11
19.99
21.42
42.98
2.22
33.69
87.99
18.35
82.59
65.64
12.50
66.92
27.17
58.97
51.34
9.16
35.64
56.71
4.02
18.22
3.49
85.38
37.40
96.72
60.11
85.57
83.95
31.38
41.51
4.93
9.99
59.27
58.35
31.04
13.43
13.20
51.80
17.83
57.79
69.19
25.75
89.28
40.36
6.57
56.77
84.95
75.29
88.48
89.05
20.13
9.31
5.28
60.34
29.77
7.86
1.28
41.16
43.03
74.01
10.35
92.36
55.82
87.04
57.36
55.15
26.87
23.13
82.22
32.50
19.78
12.85
86.52
34.88
23.15
13.04
46.80
2.72
3.17
70.98
85.67
100.22
37.81
30.87
72.45
17.63
88.83
14.01
98.12
96.39
46.28
70.85
81.14
20.55
37.72
15.88
10.31
67.35
47.22
6.90
52.04
26.49
2.68
18.04
29.94
91.67
21.09
50.94
63.69
67.81
70.20
89.06
64.64
31.63
14.95
35.04
75.01
80.73
56.07
29.54
9.74
12.60
33.81
96.31
70.87
15.92
18.38
2.83
81.08
15.66
62.75
68.68
14.26
62.33
62.76
83.52
57.13
43.39
33.91
94.29
18.44
45.89
64.99
19.22
32.04
28.31
70.65
80.28
2.50
73.72
30.45
39.47
18.28
86.82
85.70
81.35
85.54
14.72
98.68
82.53
36.97
69.45
51.78
93.82
73.27
87.29
29.39
13.85
85.44
19.89
98.63
20.15
61.85
87.91
27.30
96.40
81.87
90.18
4.05
61.89
84.90
50.11
16.38
29.50
76.31
9.37
78.97
76.77
10.03
99.59
29.58
45.62
43.32
42.23
51.17
15.19
95.41
5.77
65.04
3.51
19.61
33.56
32.32
25.39
12.88
63.56
30.02
11.58
40.13
82.77
28.18
22.66
86.47
54.47
6.73
13.61
96.07
70.11
87.64
97.85
25.05
99.56
50.53
11.06
25.19
23.85
22.46
85.53
87.46
57.86
9.95
58.34
79.38
62.41
38.23
16.01
14.00
16.60
23.78
11.70
3.22
81.84
97.69
69.87
94.95
33.12
72.14
34.14
49.47
52.13
27.30
24.35
17.89
73.12
6.40
26.13
22.64
48.31
24.12
11.31
62.79
40.76
9.80
12.50
44.20
39.32
16.62
28.58
41.94
9.50
47.70
72.06
27.21
45.70
19.53
47.60
21.62
6.45
88.70
89.40
78.85
21.14
82.83
83.55
99.35
69.78
75.20
94.11
80.07
98.24
28.56
57.25
85.95
98.06
54.12
100.80
36.23
7.40
92.36
25.72
69.26
6.51
90.99
96.25
10.91
70.60
42.26
47.44
56.66
85.90
65.60
33.71
86.19
25.36
36.08
39.53
48.39
13.15
12.67
18.92
95.34
83.48
5.13
14.15
72.72
64.41
99.46
41.70
37.30
3.06
4.25
72.96
64.36
18.26
31.31
16.19
85.12
7.65
28.37
25.50
13.74
12.36
45.16
94.34
33.18
23.27
10.48
76.21
33.57
73.23
35.40
60.49
15.23
51.80
20.15
48.01
7.00
31.56
18.54
26.65
99.67
62.21
32.70
17.26
57.55
1.80
96.45
19.80
23.36
1.26
64.96
29.99
57.73
17.75
2.82
54.59
24.22
38.96
26.44
86.64
63.92
49.45
65.36
7.04
84.64
61.20
81.54
89.31
62.32
54.64
89.53
58.46
52.20
86.38
10.42
8.47
19.65
15.92
2.62
67.95
86.51
23.03
36.13
45.96
4.72
91.10
19.47
81.41
6.42
79.07
45.94
39.04
27.38
4.61
57.69
75.15
80.43
79.91
66.51
60.69
97.32
18.21
23.70
12.87
21.86
59.64
11.73
77.85
55.68
10.47
71.52
32.90
95.12
10.15
39.88
78.29
21.99
57.14
9.10
87.04
3.56
5.11
55.64
10.79
63.05
58.65
100.62
37.36
22.21
58.74
49.21
49.28
60.24
53.22
82.41
21.66
67.61
31.68
80.24
4.22
38.85
64.72
30.26
15.21
12.49
10.06
71.16
51.70
100.34
25.38
63.48
22.76
9.78
99.57
83.78
54.43
61.26
67.14
87.83
66.89
16.93
86.40
45.40
6.66
39.80
9.36
43.19
17.21
18.80
7.06
1.14
3.16
48.92
76.68
11.41
88.38
16.92
97.41
21.89
27.71
9.44
68.71
35.16
85.13
34.29
16.76
72.50
3.98
63.52
70.51
90.76
20.60
31.25
61.86
67.81
59.64
31.27
38.06
61.31
43.30
9.13
28.25
56.59
10.13
61.48
90.75
8.31
81.94
18.74
67.80
97.91
32.33
42.50
89.45
37.50
26.72
73.65
31.97
43.98
40.94
7.21
100.18
97.02
28.35
74.51
94.32
70.75
16.47
53.47
37.16
25.17
16.64
42.66
20.29
25.72
25.03
58.71
53.08
19.78
9.09
70.99
44.02
29.71
39.06
43.93
53.27
33.94
83.75
56.42
75.35
34.30
39.01
36.23
61.67
44.29
75.97
43.44
47.85
33.19
5.21
4.06
78.60
100.94
9.94
10.84
18.48
29.24
67.64
18.59
56.24
50.06
83.67
14.06
14.48
89.36
58.24
36.99
10.65
21.05
65.43
81.55
14.99
48.80
80.98
18.03
6.91
31.03
32.98
22.12
7.49
75.67
73.80
48.89
80.68
43.25
96.58
37.11
23.67
84.83
66.83
70.33
11.50
91.86
47.85
48.04
50.14
45.90
20.01
68.48
75.44
56.18
36.97
7.69
1.53
62.14
24.85
98.93
89.57
33.50
69.54
54.31
57.82
60.37
6.94
15.71
80.44
12.18
5.91
42.99
36.29
24.10
26.68
22.01
59.59
32.62
44.41
43.42
32.18
9.98
91.35
81.06
63.24
2.13
19.55
8.53
23.52
18.23
93.10
93.41
54.39
16.41
28.77
54.17
21.29
74.08
81.53
100.46
44.37
17.89
78.65
54.31
5.35
3.28
88.07
32.91
32.26
31.30
55.21
2.66
24.39
89.19
86.73
51.59
36.04
27.15
62.71
72.77
24.40
13.32
17.32
50.19
47.82
94.57
92.83
23.21
13.69
17.53
94.28
22.56
57.67
14.39
45.44
67.33
79.44
20.21
84.04
58.14
90.72
69.27
79.67
98.64
83.79
60.41
29.74
25.13
29.93
32.59
88.91
21.13
40.91
74.52
4.34
13.82
18.13
15.89
16.84
67.28
22.59
43.75
6.38
35.70
7.29
5.75
75.96
10.27
72.70
25.05
84.43
31.72
87.21
61.00
100.93
80.90
66.95
42.12
19.20
80.94
27.39
52.93
32.01
17.07
64.63
8.95
97.73
80.07
76.89
44.45
84.24
17.98
28.90
92.02
15.85
89.40
43.55
1.50
12.86
54.10
81.85
26.53
34.28
38.83
48.04
54.09
85.78
24.70
23.70
77.45
35.34
66.46
29.61
100.42
26.48
66.73
69.72
37.65
60.94
23.58
65.17
11.37
34.47
83.55
23.72
26.27
68.20
56.70
1.59
44.27
10.12
57.14
13.87
30.32
15.43
15.88
1.29
56.94
18.61
9.66
86.45
23.43
33.60
8.03
94.91
75.77
62.79
52.92
23.63
6.31
94.21
14.83
70.39
19.30
62.97
97.99
80.73
79.69
1.11
89.51
52.19
37.50
94.71
65.06
85.93
22.11
74.20
95.10
21.45
55.72
50.56
58.08
97.83
89.43
78.54
10.84
44.98
57.46
32.08
56.52
20.99
2.20
17.62
3.18
98.71
93.27
65.83
44.25
11.55
27.08
61.38
18.65
50.95
90.07
21.91
10.92
53.18
90.76
76.76
15.31
74.04
42.02
78.02
79.65
55.37
43.36
9.92
20.56
30.94
57.10
9.14
45.77
22.05
54.20
43.42
89.18
85.74
19.12
67.43
58.75
82.63
40.20
71.01
43.06
16.84
16.31
30.69
70.46
53.27
32.85
53.73
66.49
81.70
95.93
53.39
99.08
77.54
5.46
21.26
72.48
22.62
19.39
14.05
20.91
69.61
43.52
20.63
24.61
85.80
60.46
48.19
26.83
26.07
87.78
61.12
68.27
42.89
35.97
32.95
79.13
34.15
31.18
27.92
34.50
58.09
47.60
85.07
73.11
10.03
65.25
36.65
14.68
63.95
66.84
5.93
24.89
16.70
9.91
18.14
84.73
99.60
97.04
16.81
31.94
84.19
24.77
82.68
51.00
51.59
29.61
51.99
32.05
53.96
20.85
14.30
11.72
18.68
87.99
82.10
56.52
36.44
81.54
89.27
84.84
45.24
10.38
89.18
43.41
26.61
100.81
24.68
96.03
1.95
58.70
10.35
44.87
81.87
58.45
78.79
16.12
1.10
10.92
56.36
22.42
8.78
23.24
92.30
31.03
25.29
13.50
81.84
8.44
22.92
27.04
49.13
5.75
30.90
11.07
7.24
38.77
72.85
22.23
10.40
36.19
41.72
80.73
21.83
68.44
26.54
37.71
57.06
50.45
62.05
43.65
98.29
20.07
49.58
12.03
33.51
14.93
86.17
53.66
33.01
30.71
73.56
26.80
61.44
89.82
59.40
18.42
21.15
99.06
66.87
77.12
20.65
34.08
14.20
86.88
44.95
48.15
91.24
8.38
17.26
8.93
13.09
80.04
86.04
20.61
65.24
47.12
1.71
54.05
55.95
98.78
1.94
40.21
2.67
19.76
35.86
17.62
60.28
59.71
75.64
16.67
47.30
93.08
37.61
97.47
88.74
50.99
57.06
44.57
31.58
57.91
51.29
25.41
89.97
77.77
28.48
96.28
82.55
40.77
25.13
62.54
91.03
61.59
21.65
85.81
7.14
41.86
18.88
20.89
20.15
23.03
99.09
54.42
73.75
11.64
90.95
74.61
53.43
35.39
80.80
77.94
13.40
15.32
15.57
29.57
47.18
27.65
62.81
89.72
83.20
19.13
51.84
61.13
66.55
43.27
15.11
59.13
21.76
98.29
49.15
82.59
89.03
46.53
92.87
79.41
33.02
98.95
91.79
3.32
70.43
80.14
77.85
11.22
40.45
89.67
86.32
57.65
40.96
70.55
9.91
3.25
86.78
5.33
66.74
94.06
59.36
5.84
72.01
39.11
91.58
91.22
40.50
92.26
46.36
84.53
86.67
29.17
77.50
7.41
54.12
61.92
3.65
86.15
82.85
11.69
71.38
48.55
76.60
97.08
18.58
63.52
35.94
81.91
23.14
19.44
2.22
29.09
65.09
33.70
27.29
19.76
44.20
36.72
60.52
7.56
17.97
41.44
93.83
56.26
86.80
69.42
73.40
7.63
63.41
4.35
86.44
72.38
2.74
84.21
91.60
31.16
56.76
69.03
18.42
30.41
60.04
95.46
27.48
12.85
81.08
27.39
99.61
82.44
17.45
75.51
52.03
37.39
76.11
82.45
28.37
17.56
33.79
3.63
64.90
48.83
51.09
74.20
79.90
62.98
69.02
30.48
84.04
49.71
50.95
99.64
63.19
40.84
20.11
92.03
76.20
15.51
23.41
9.89
8.23
68.18
14.78
89.92
22.30
97.17
39.42
78.20
32.60
40.34
73.92
53.31
91.43
72.82
97.47
68.25
38.19
23.57
31.89
73.52
15.75
10.74
42.99
56.39
76.73
48.00
36.23
81.72
29.58
58.43
54.57
48.00
28.45
60.76
66.82
31.54
15.41
25.86
28.28
4.78
32.51
39.26
45.18
3.35
69.53
35.02
79.75
9.14
64.59
9.27
74.00
58.06
68.43
78.80
4.15
73.45
21.52
18.69
6.89
89.40
33.31
41.85
66.48
3.22
63.86
3.60
42.14
76.61
22.96
30.60
54.16
99.06
99.40
16.30
51.18
7.90
46.33
25.12
21.54
80.32
35.34
51.84
5.19
8.80
88.23
69.67
41.40
35.05
88.36
90.10
85.45
53.88
69.85
89.53
42.09
80.93
46.38
10.55
74.89
87.61
1.03
8.10
57.92
3.36
43.58
60.83
50.39
18.08
22.71
28.63
20.51
26.02
10.37
36.47
73.21
9.05
41.15
22.61
74.17
41.60
96.38
31.45
63.18
83.22
41.53
21.07
93.81
8.88
63.93
99.77
54.12
79.35
97.86
95.55
99.17
37.77
20.65
49.57
11.54
54.29
74.75
54.61
20.75
12.89
33.26
25.02
8.39
22.06
29.99
28.11
57.59
15.88
93.00
54.64
13.93
10.16
70.51
17.98
97.39
3.32
5.07
32.14
51.42
80.54
98.49
9.04
11.58
38.51
69.89
29.64
68.95
6.22
43.02
18.64
40.42
79.07
65.23
49.71
6.64
97.37
5.08
100.17
76.22
69.19
9.36
58.96
4.81
53.66
88.08
2.27
58.04
58.24
14.36
83.57
4.00
16.87
7.80
88.17
2.92
91.93
58.90
24.79
11.81
77.46
4.86
59.85
16.39
2.10
6.50
2.47
46.45
9.13
25.84
59.35
5.65
18.25
49.52
3.37
74.79
84.99
73.02
2.50
27.36
100.76
64.68
62.00
59.30
10.97
50.51
79.10
99.66
17.44
83.60
84.55
39.57
23.93
85.17
40.88
14.99
58.69
2.61
90.25
61.17
28.46
71.56
22.05
6.28
12.88
1.26
61.87
56.11
89.35
68.63
43.07
3.34
18.80
57.23
45.73
47.31
71.72
88.15
96.14
30.05
67.62
68.23
35.08
17.26
70.84
45.61
3.25
93.57
20.29
38.10
79.71
77.45
12.73
41.37
55.86
18.85
80.70
25.29
78.85
18.92
4.26
82.66
82.62
85.74
22.69
76.89
72.77
80.60
15.68
46.70
87.86
41.04
100.46
93.03
100.62
64.81
57.30
67.72
39.67
11.26
19.13
15.15
80.19
76.80
16.25
43.49
7.28
24.21
37.78
93.68
75.36
88.27
25.80
15.02
20.26
37.69
94.26
53.82
96.15
37.32
90.30
99.70
70.99
53.69
34.76
11.21
37.41
12.37
19.39
97.49
66.40
73.57
48.25
2.63
60.74
6.35
45.66
61.37
18.61
38.95
77.97
23.81
42.85
71.75
2.38
85.49
61.69
7.11
10.08
29.54
100.93
78.20
95.33
85.13
41.11
90.77
39.41
14.99
16.72
100.35
90.16
45.40
23.18
32.43
50.78
59.34
60.80
12.74
93.85
87.58
66.42
81.37
100.54
72.07
60.09
97.92
51.68
78.30
63.77
5.27
7.49
46.22
70.21
1.87
99.81
77.81
72.70
93.82
99.44
69.58
24.89
34.75
16.55
97.12
84.02
13.84
58.31
83.12
96.45
18.92
50.65
6.83
40.06
43.87
65.57
12.46
93.27
67.20
32.96
14.49
6.91
45.22
56.99
2.00
19.12
34.18
14.39
72.36
8.42
23.08
49.97
13.15
7.90
76.44
25.55
92.11
35.72
17.87
80.20
44.77
9.53
64.34
75.18
23.67
18.51
37.58
66.27
85.70
95.90
100.93
74.80
62.62
22.70
86.40
34.50
68.02
5.50
21.93
46.65
83.28
25.13
95.90
59.25
50.56
26.80
68.87
74.97
17.32
54.67
91.01
86.61
26.45
18.51
64.75
95.85
7.16
21.19
3.06
73.58
50.11
36.53
75.35
2.71
55.73
21.64
34.64
4.40
26.74
91.51
39.11
73.50
61.84
95.57
20.69
56.31
31.99
85.35
48.75
2.67
7.23
85.45
98.45
25.47
55.60
12.28
63.12
38.01
46.17
1.79
16.54
91.60
47.69
98.77
76.95
11.50
19.02
37.71
25.22
25.83
33.62
37.39
97.64
41.07
51.48
43.64
52.24
47.95
63.58
91.62
7.69
88.08
50.08
23.80
34.84
77.81
71.02
94.76
12.65
68.62
11.02
54.47
66.74
57.53
48.76
25.90
2.45
65.23
14.49
100.76
29.11
74.06
55.45
63.05
19.70
37.14
60.12
44.46
74.80
74.10
52.15
24.10
47.52
52.25
37.00
89.01
13.53
85.48
56.79
1.87
76.77
23.93
2.59
7.63
5.76
14.00
79.64
48.56
14.16
69.61
51.66
74.87
74.39
57.50
4.30
75.78
37.66
46.42
43.19
24.37
63.65
7.79
15.85
48.64
80.33
40.84
68.21
34.60
94.29
68.06
8.35
12.25
84.52
64.80
75.51
13.18
32.05
92.13
67.30
40.11
73.93
27.25
4.53
19.96
35.53
6.94
75.95
97.91
21.87
78.28
92.95
60.88
23.50
27.50
73.48
90.74
56.11
13.47
63.80
82.25
38.64
5.97
49.47
64.21
64.47
38.38
31.97
46.58
1.24
45.44
94.68
33.58
64.55
37.77
11.58
74.83
33.42
24.70
22.15
11.41
42.15
100.63
93.80
55.02
22.44
44.84
16.80
90.97
7.43
26.70
8.33
4.83
54.49
29.69
4.53
38.80
93.82
44.08
93.94
89.81
4.59
88.26
73.07
4.74
96.03
42.36
3.46
74.11
35.33
52.47
67.62
41.03
44.66
33.71
94.60
14.40
57.98
32.20
48.93
4.92
49.41
34.03
78.53
81.79
68.48
58.17
53.95
76.74
21.60
22.96
64.87
93.04
62.82
95.70
14.40
61.35
43.96
23.82
30.63
31.33
54.95
31.11
93.08
98.84
19.73
94.72
91.76
87.10
74.05
84.38
1.31
3.25
90.44
30.60
43.26
88.41
9.02
43.49
78.75
6.11
90.14
57.65
23.40
12.99
70.74
20.64
69.62
26.21
38.83
17.28
52.71
38.89
35.39
23.93
62.93
56.59
6.32
59.43
63.12
83.12
88.64
12.34
78.34
60.90
38.45
80.81
35.90
23.49
78.59
15.49
43.67
25.39
51.99
27.75
84.97
2.21
41.87
49.09
79.60
92.52
4.39
71.77
4.48
85.03
10.82
99.62
14.53
56.45
70.58
83.59
89.40
80.61
10.80
32.49
95.78
23.24
22.31
73.68
37.31
92.39
98.38
9.45
14.05
65.06
14.60
9.83
57.19
19.84
63.80
100.16
24.28
30.11
63.93
5.61
29.88
9.19
89.48
15.40
41.24
44.90
88.92
64.56
60.45
36.63
34.36
11.30
42.35
78.35
25.79
84.51
9.83
23.99
36.00
49.14
38.95
42.95
78.69
22.04
95.16
20.82
98.22
70.73
84.21
6.92
61.69
61.77
20.34
2.00
53.68
33.90
64.75
11.14
75.65
41.31
58.25
59.40
61.17
31.41
18.13
90.95
15.21
13.22
63.29
70.68
88.49
8.40
12.68
19.63
44.49
51.82
7.78
39.00
53.20
46.17
95.94
50.53
41.42
69.44
76.41
60.67
32.15
95.52
62.72
87.08
27.66
49.75
56.98
80.69
77.87
53.23
40.81
96.15
94.79
28.99
27.37
91.43
43.92
77.21
40.92
15.34
5.52
83.58
6.79
59.42
55.55
89.58
69.01
48.23
40.17
82.46
46.19
22.88
55.36
1.47
13.48
36.66
7.42
22.76
50.62
11.13
62.13
42.59
67.09
16.44
79.04
70.32
13.18
13.36
92.13
67.99
29.99
65.36
37.88
43.31
68.45
62.96
89.19
24.91
96.61
57.69
5.21
51.63
42.23
60.55
17.16
86.06
79.04
11.14
32.30
7.15
42.31
84.90
93.40
26.14
26.66
17.02
20.34
44.96
79.38
70.15
69.37
53.93
14.53
20.00
27.86
53.97
78.10
37.05
1.39
26.13
27.94
68.61
11.03
69.36
69.25
69.12
68.50
61.37
22.02
32.21
57.58
46.67
82.68
59.66
42.15
8.26
32.89
39.73
98.30
29.96
4.44
19.00
30.60
41.36
12.86
61.60
99.73
7.81
68.64
92.67
41.19
28.06
12.84
13.37
97.71
69.64
68.77
67.55
79.07
100.29
5.72
25.87
93.41
82.04
59.16
27.35
8.31
54.17
99.77
24.49
13.47
99.31
3.64
95.98
60.21
42.02
43.94
42.86
4.91
38.66
65.10
91.96
31.72
53.97
1.79
56.38
43.24
11.12
57.51
25.99
92.63
81.13
77.09
16.19
15.55
95.59
6.73
20.35
10.51
62.18
69.61
98.58
65.94
13.25
29.06
5.34
89.01
28.50
27.37
3.87
15.80
77.32
57.00
92.93
14.82
49.54
56.63
60.12
8.18
21.71
61.31
93.49
43.97
87.65
11.40
31.59
37.69
38.91
24.82
77.63
96.84
8.38
40.75
48.95
49.06
12.02
35.66
57.88
38.83
23.41
38.75
16.71
32.01
23.88
98.34
15.49
6.40
21.26
12.17
19.07
7.98
43.25
98.17
14.93
52.69
64.42
39.95
70.85
73.03
88.24
21.99
89.34
51.06
74.28
39.82
77.61
38.76
77.47
87.53
15.60
60.96
10.21
37.36
23.86
63.37
75.36
62.96
92.38
24.15
81.04
59.19
15.07
79.04
42.22
5.94
41.75
1.77
61.43
66.97
64.78
55.73
6.06
54.32
41.50
14.04
57.56
21.78
73.92
65.84
5.35
13.21
91.70
53.08
33.13
55.45
27.47
13.02
70.43
89.18
18.22
4.46
1.61
44.50
17.31
57.27
26.71
86.92
48.90
20.54
6.44
80.38
86.90
74.81
7.18
25.41
26.65
45.39
78.31
97.58
42.28
82.05
43.74
88.79
22.89
59.26
14.17
8.92
44.75
55.89
89.30
7.48
28.14
2.46
61.11
15.55
93.08
44.20
29.43
7.92
34.88
23.19
43.37
68.74
98.08
29.58
20.31
64.94
88.56
6.46
45.08
51.16
2.13
10.99
26.97
27.16
41.75
97.66
53.10
86.67
52.58
15.61
36.87
40.50
19.18
30.39
43.16
75.76
86.30
79.27
24.70
55.59
49.35
4.18
66.23
76.61
18.90
57.22
71.14
60.84
11.47
77.34
44.19
77.79
4.90
24.91
69.35
33.34
70.42
5.18
93.51
61.24
70.56
70.63
14.97
75.36
56.54
91.52
36.80
56.91
83.61
1.43
100.77
81.03
20.88
70.47
2.13
4.55
40.30
49.82
54.61
27.09
96.90
84.50
22.76
73.39
44.76
23.25
43.76
32.23
16.19
20.43
73.72
33.53
5.65
54.34
84.00
91.34
84.30
63.21
19.53
91.38
59.01
25.96
98.19
27.54
1.55
20.07
83.64
26.08
85.25
92.73
62.66
8.26
3.80
28.51
78.00
62.21
3.24
15.68
3.09
85.49
48.25
56.16
48.22
5.05
52.17
65.68
84.37
59.89
42.37
69.24
46.65
95.27
29.21
84.63
99.12
30.54
94.63
25.06
4.11
98.40
19.43
70.83
1.13
2.68
8.43
39.36
50.94
24.47
4.55
49.81
58.77
46.98
59.34
43.78
21.56
60.99
64.11
41.53
98.07
16.91
77.25
35.10
78.88
12.97
70.63
85.52
55.01
89.97
54.62
76.23
90.02
7.03
40.52
89.98
100.49
83.85
55.17
82.74
77.35
13.38
49.60
55.80
74.56
90.37
10.32
88.84
86.78
14.89
93.56
73.66
76.38
18.18
58.92
5.06
10.04
17.20
19.33
63.90
86.57
70.22
59.50
66.15
45.61
93.50
44.28
83.20
32.82
89.78
84.27
81.45
9.13
21.18
65.02
1.72
83.51
53.81
51.68
15.56
14.68
25.54
69.24
64.07
12.19
56.24
36.27
97.42
22.47
53.63
9.48
65.30
11.48
83.21
93.84
89.13
80.57
44.59
3.10
21.45
67.16
95.28
97.88
49.32
48.30
85.40
9.44
65.89
32.57
39.96
19.02
5.30
81.51
46.14
90.27
52.67
95.33
43.51
26.33
76.90
93.20
34.68
24.19
73.15
16.70
77.65
82.68
75.18
20.73
58.47
87.47
13.62
14.15
94.98
38.66
29.64
57.66
99.54
28.87
81.52
21.02
71.29
37.54
30.48
51.99
19.81
43.12
61.95
12.60
84.54
80.40
82.31
15.44
62.66
27.72
25.78
3.12
94.44
12.98
39.09
86.65
89.31
27.55
51.14
81.40
3.35
83.47
56.72
60.79
13.14
39.71
75.09
34.39
7.08
100.60
9.87
40.90
73.35
1.65
79.98
92.41
48.36
45.58
26.53
87.81
6.61
5.57
82.46
96.26
94.29
67.53
14.39
15.06
36.53
13.18
8.02
45.79
71.69
5.05
66.65
3.71
4.02
35.00
100.27
10.50
26.45
52.75
64.05
51.54
17.24
54.72
22.05
4.75
68.51
20.20
41.15
14.42
25.50
41.35
74.32
18.58
47.04
80.35
25.63
75.79
38.63
4.60
23.86
25.78
43.43
27.30
69.58
20.90
78.36
33.53
48.67
28.81
28.36
17.44
32.30
37.26
7.24
23.22
69.03
99.62
98.34
53.78
59.53
32.44
72.67
6.02
25.76
78.82
70.06
81.26
54.51
61.08
51.68
94.04
93.13
64.51
26.49
97.67
66.72
7.62
70.63
58.44
77.48
82.68
93.21
41.64
83.34
39.90
10.47
26.11
12.05
57.90
55.69
74.72
33.77
12.21
19.09
30.22
43.73
10.33
45.17
62.03
73.72
51.66
98.48
16.47
48.24
46.69
3.99
97.83
61.03
53.89
43.62
75.55
98.79
45.46
4.29
95.80
21.55
6.75
94.70
14.34
97.11
40.48
50.56
7.25
17.68
1.80
91.72
87.31
100.80
71.11
74.06
27.21
85.44
89.04
91.74
38.85
59.50
98.65
12.81
49.96
57.22
93.54
16.15
10.39
7.24
49.07
26.30
56.99
63.84
35.16
28.31
26.25
63.48
49.83
85.11
82.19
11.53
37.77
73.53
10.32
69.04
77.73
39.85
70.98
82.87
37.14
10.92
26.22
24.44
71.34
37.35
10.44
51.06
38.18
35.33
31.20
35.38
5.43
43.81
25.76
62.75
66.33
18.75
42.86
77.65
2.36
53.66
70.80
34.26
6.77
3.46
19.66
13.82
26.74
56.23
100.28
33.28
76.04
8.41
75.62
61.54
57.32
9.53
31.52
12.38
4.84
76.60
65.89
81.37
12.71
88.91
98.50
100.29
63.87
91.07
4.90
44.01
94.46
87.33
33.97
6.59
83.91
93.45
6.14
83.05
73.26
90.62
28.65
78.04
63.59
37.25
71.44
88.79
46.11
15.03
16.64
85.11
71.36
43.72
57.44
70.58
21.38
2.78
5.86
49.49
52.17
53.97
95.81
32.57
81.09
37.08
45.38
95.65
94.39
11.40
92.53
62.58
52.42
58.00
48.47
32.59
35.38
34.16
13.14
17.47
96.52
42.41
20.44
87.24
65.66
96.45
63.83
93.97
40.48
18.80
46.64
40.52
88.75
44.51
3.35
40.52
69.53
46.04
40.62
42.64
51.90
36.61
16.70
93.13
13.25
37.79
47.98
58.76
70.86
91.86
87.50
13.76
81.26
17.04
48.75
83.18
31.83
95.19
2.75
69.69
59.06
62.47
26.20
94.57
36.58
83.40
13.35
2.99
36.35
21.79
23.47
35.15
75.55
38.26
76.16
81.01
1.75
56.97
94.32
37.11
16.49
76.04
24.05
54.03
97.69
1.06
58.63
56.04
91.70
84.03
79.24
36.87
80.07
79.17
45.73
6.93
91.73
36.63
43.67
20.69
72.02
64.10
48.87
34.87
62.22
52.29
11.14
87.42
5.53
23.92
50.44
77.66
90.30
36.04
56.62
80.31
40.14
4.17
58.30
90.71
44.88
79.99
41.06
89.51
3.43
51.05
13.00
19.27
55.72
81.58
82.53
66.20
63.98
64.90
78.35
22.19
97.28
87.57
76.93
39.18
9.14
66.90
13.53
9.10
32.66
94.19
44.83
89.45
16.84
28.19
79.53
46.15
7.11
11.48
23.32
4.16
98.35
80.10
3.94
47.36
63.20
68.56
94.82
88.37
24.32
80.57
69.27
51.60
43.84
81.30
60.81
17.94
66.42
61.66
21.28
6.58
44.79
84.17
24.90
16.28
32.99
84.10
32.95
27.71
16.57
24.51
48.52
95.30
3.29
5.14
1.01
81.04
54.24
3.89
71.18
7.94
79.03
87.37
30.19
79.33
98.14
99.00
20.46
71.01
72.82
20.76
73.29
19.27
5.64
40.31
75.81
50.46
90.76
85.72
52.74
59.48
27.58
59.46
26.48
15.34
98.36
12.48
65.57
28.86
2.04
5.25
6.56
66.59
23.39
98.33
20.86
8.03
61.86
17.55
17.87
28.20
76.09
93.56
9.64
98.16
10.33
97.55
91.54
2.63
6.22
100.67
96.56
67.29
16.84
18.99
26.73
71.56
88.25
25.24
99.48
28.82
40.60
80.24
38.66
5.51
21.97
46.32
52.26
31.38
97.49
31.43
13.13
74.26
82.55
76.94
76.96
85.23
76.39
74.55
25.77
82.96
20.09
71.74
28.67
23.39
77.25
100.12
44.54
9.15
19.30
31.02
11.12
82.30
54.01
75.50
20.18
86.87
91.64
28.72
86.53
72.49
72.94
46.48
26.01
14.85
50.84
59.94
73.10
24.24
9.81
18.26
74.92
39.53
87.02
6.21
36.81
74.09
51.77
17.51
24.17
55.88
7.10
20.30
87.79
20.07
87.14
38.31
8.17
72.35
35.52
35.04
37.04
28.57
61.58
24.54
8.25
55.17
8.89
68.40
19.43
5.36
94.35
48.59
22.73
86.01
13.96
48.16
32.27
84.44
71.82
41.79
80.24
32.78
64.22
9.64
12.59
19.36
18.00
44.27
57.75
16.90
26.01
46.96
40.66
87.85
42.19
72.73
82.01
93.72
26.21
20.32
88.48
65.15
46.89
24.52
84.98
63.29
49.47
16.86
77.52
48.92
18.94
27.27
42.45
60.42
17.12
90.81
47.53
3.75
2.33
52.67
83.71
58.04
60.16
38.32
13.17
12.66
9.75
9.54
56.83
11.51
41.61
81.22
4.04
14.24
17.44
77.96
47.81
77.84
56.03
13.05
13.94
53.04
35.44
56.61
100.14
24.96
44.62
47.71
78.12
70.92
12.07
95.73
88.23
43.54
4.28
19.76
66.15
22.43
26.26
54.07
57.25
72.17
90.83
25.75
13.38
65.04
89.12
41.47
57.07
18.71
20.77
12.65
6.39
84.09
24.45
57.72
2.35
22.79
39.44
1.07
41.10
64.96
86.18
34.02
88.49
3.72
10.94
49.44
17.78
16.93
52.91
53.77
12.17
49.51
51.25
48.37
42.65
93.30
50.47
58.97
1.31
12.86
27.76
100.68
43.28
48.06
11.48
25.24
23.90
32.87
91.25
91.46
52.05
76.35
35.12
39.47
61.38
6.81
12.69
22.32
82.04
36.08
17.94
12.09
76.21
10.68
24.87
8.06
96.90
4.23
95.51
75.02
1.11
42.12
75.01
9.71
19.57
52.72
38.21
71.41
88.53
99.78
31.33
23.90
94.74
97.32
19.47
29.26
26.50
3.62
83.69
53.21
79.49
83.15
65.75
88.45
8.34
94.62
27.59
55.92
21.65
21.75
79.03
7.14
47.41
81.61
57.46
9.10
26.06
24.54
24.08
19.83
18.10
22.93
15.60
23.29
14.85
38.84
32.91
31.97
18.49
38.22
12.02
93.69
98.87
7.82
18.50
15.27
10.23
61.25
72.31
35.25
96.66
26.89
33.60
39.57
35.50
5.98
39.37
88.05
32.42
19.45
93.98
94.74
66.43
12.03
41.59
23.61
70.86
13.62
2.22
49.11
48.62
54.22
38.09
42.89
63.12
89.23
31.48
80.94
15.58
25.38
41.19
81.47
52.89
8.69
52.56
74.15
31.06
38.51
81.94
100.25
31.87
84.40
61.26
48.70
30.09
14.65
48.40
6.40
10.84
25.43
31.98
38.19
81.63
60.82
16.21
9.06
63.38
69.83
20.77
29.85
56.13
67.41
13.33
22.20
89.45
13.32
34.73
96.40
59.45
74.31
87.95
91.52
96.47
12.76
61.69
90.28
92.99
60.98
27.50
73.00
23.37
7.46
15.23
12.75
86.54
77.45
69.98
75.62
97.31
76.93
52.51
34.74
95.65
67.25
9.47
94.15
39.72
33.34
84.35
20.17
88.74
74.11
1.82
72.20
66.47
27.33
74.85
56.34
98.75
46.76
28.86
78.55
48.19
11.64
22.75
14.62
19.76
6.11
75.33
7.47
86.12
73.47
81.36
96.64
85.26
53.47
91.92
9.23
60.56
7.70
66.44
87.60
46.71
64.23
47.95
72.43
16.34
97.30
75.08
12.09
61.35
94.95
82.50
8.72
59.31
91.65
30.80
58.60
8.09
59.06
94.41
44.67
46.84
51.85
12.03
17.23
91.12
26.46
75.33
43.86
4.70
77.13
23.83
96.86
20.78
70.50
9.28
59.19
71.78
55.24
52.86
78.74
26.80
66.44
4.65
30.63
98.89
92.20
4.09
98.53
10.32
14.11
58.66
91.80
58.45
50.88
65.41
37.23
22.10
35.27
60.57
11.23
3.73
45.70
60.09
19.08
96.48
12.04
93.43
46.95
98.93
46.18
76.41
50.43
56.14
87.71
91.56
31.24
87.96
59.78
85.11
5.85
100.30
4.01
51.85
62.53
40.37
55.76
84.77
87.28
91.42
100.78
28.52
44.38
95.83
46.94
56.59
64.41
63.65
90.54
49.60
59.30
25.89
23.17
74.79
32.70
97.77
40.11
98.02
17.35
43.42
14.94
21.76
18.72
39.24
99.38
71.65
45.73
18.61
25.76
1.87
64.74
10.34
64.82
90.94
96.19
59.62
16.13
83.18
88.28
54.84
17.92
51.61
95.06
4.24
24.04
27.12
31.70
42.81
87.57
75.79
4.88
16.37
24.65
22.79
92.90
3.36
25.74
85.02
94.78
15.01
94.24
81.59
84.57
66.79
24.11
39.60
28.66
80.31
24.22
87.46
2.15
89.99
16.33
14.92
34.46
53.75
77.68
100.98
54.22
14.37
87.28
28.95
29.59
26.10
74.58
2.33
95.51
83.95
1.90
28.20
27.51
85.65
13.30
11.22
100.78
74.45
57.94
35.53
23.64
21.98
99.30
94.77
1.13
76.36
90.50
96.56
32.94
28.41
87.05
69.43
18.44
5.98
23.65
20.15
74.76
98.45
79.86
80.00
38.96
4.28
73.86
34.40
26.24
27.08
9.07
21.87
40.31
78.99
38.87
26.02
82.79
16.87
15.84
46.65
97.93
36.28
10.74
50.54
82.74
5.76
1.50
10.94
15.47
15.48
46.68
64.34
5.12
55.10
74.32
8.51
2.35
85.73
53.21
6.09
20.81
70.12
9.50
94.74
86.13
85.79
66.65
10.65
16.92
3.78
94.73
62.37
72.01
79.43
2.26
55.48
68.26
86.82
44.48
9.44
64.75
11.11
88.92
18.09
5.21
96.60
38.21
1.38
82.41
26.28
34.11
15.04
50.18
13.71
5.85
71.84
21.85
70.59
6.65
58.32
84.36
17.34
75.56
66.66
75.76
75.17
55.86
76.29
38.38
23.84
13.50
65.00
97.08
48.47
93.17
34.90
7.12
74.72
53.53
22.22
31.87
94.34
48.66
74.60
28.51
91.06
74.20
45.24
14.73
68.84
6.78
51.83
7.89
26.44
27.38
17.35
89.90
90.93
17.21
2.46
89.51
75.62
24.81
72.42
60.86
70.51
12.49
82.23
24.38
64.74
20.99
23.10
14.79
45.67
11.47
22.77
51.41
3.53
26.32
50.86
32.71
3.34
97.53
98.61
74.80
12.76
37.94
77.72
23.47
70.80
42.23
37.45
27.15
69.12
96.40
42.66
43.53
79.88
37.81
24.48
18.01
93.14
15.40
33.86
40.55
23.39
47.45
11.47
89.66
59.03
31.09
19.35
99.69
39.60
2.66
47.69
19.90
75.26
96.77
99.53
41.51
29.27
24.77
64.69
76.67
10.17
92.68
64.45
5.49
21.94
15.00
78.35
13.55
37.60
57.95
17.47
2.18
85.65
91.70
89.59
23.19
61.34
76.10
69.82
67.93
2.84
73.12
45.10
59.42
98.02
56.75
84.63
65.07
68.15
96.59
26.18
55.60
83.51
24.44
31.94
90.82
29.41
27.80
91.46
56.35
27.00
99.29
42.32
65.67
77.98
17.26
30.64
79.45
20.76
95.36
54.51
17.98
5.60
97.80
6.09
84.79
99.35
27.87
95.65
15.81
48.99
44.32
16.25
45.92
14.32
48.89
27.78
16.56
50.05
25.57
91.40
100.88
41.41
53.42
65.29
36.08
5.59
52.06
94.38
22.66
15.78
69.26
31.11
31.03
47.81
75.81
59.88
24.27
21.10
66.54
73.00
16.06
3.70
64.85
15.45
49.48
17.41
24.99
84.67
11.12
63.62
29.52
19.70
76.84
12.12
36.09
65.66
63.72
44.06
89.62
37.54
36.92
59.12
7.65
35.05
99.66
27.47
16.51
15.67
25.93
56.31
20.19
45.54
27.19
96.19
92.97
84.34
4.93
75.73
30.41
96.15
20.48
47.95
9.48
42.51
23.02
93.93
9.46
38.88
54.91
28.67
78.33
41.47
70.77
31.66
39.08
90.25
17.06
91.54
39.52
68.88
74.65
76.90
93.39
19.93
28.14
5.43
46.05
69.73
43.06
95.78
72.28
88.86
57.38
57.53
90.19
67.59
25.74
92.84
65.14
58.14
99.65
26.72
59.88
73.77
37.27
20.83
10.84
26.07
49.39
85.05
74.66
11.93
75.15
22.95
54.05
8.25
9.24
97.74
7.05
15.37
42.18
90.58
93.39
67.18
79.80
72.60
51.22
16.63
80.44
66.05
30.41
2.09
5.54
31.23
75.46
54.37
24.65
9.93
27.33
49.64
1.85
12.74
62.01
6.49
24.31
68.78
99.54
83.36
33.78
54.48
86.12
89.66
62.07
96.71
21.35
96.33
29.44
50.04
93.15
18.97
30.08
49.63
89.66
82.48
74.58
11.90
59.56
44.78
47.23
88.78
28.62
56.55
24.92
94.35
51.90
83.53
55.81
84.54
45.94
23.60
4.07
44.37
59.03
19.57
37.68
74.23
74.79
46.95
48.60
17.12
43.74
34.88
82.10
75.51
18.34
71.87
98.69
36.47
29.21
20.44
77.56
15.39
84.24
92.49
80.45
37.01
77.21
70.95
50.85
91.60
11.08
40.41
40.02
51.16
84.09
12.04
13.09
62.11
46.44
95.10
35.62
88.50
68.67
4.57
36.10
54.49
49.00
20.58
8.83
4.70
84.02
36.79
41.98
9.67
65.46
19.29
3.22
35.20
36.41
38.29
27.43
34.84
3.84
50.65
45.25
18.30
85.23
60.30
7.58
22.82
75.42
5.36
89.45
38.48
16.16
54.54
56.16
20.89
77.57
84.38
81.25
31.41
89.19
63.20
14.32
4.36
6.93
93.51
84.04
98.43
55.19
52.03
23.39
93.38
62.56
4.34
79.35
31.95
85.88
37.52
49.55
25.42
2.60
64.68
20.41
11.79
72.40
35.90
98.53
87.91
74.05
7.50
75.85
18.75
92.47
10.62
32.90
94.08
100.40
15.55
69.71
95.92
80.18
20.24
13.38
14.49
44.25
56.91
2.56
37.95
30.45
75.48
59.56
51.73
59.91
48.51
56.42
57.47
61.45
69.05
11.59
64.58
10.19
11.94
8.56
56.23
96.51
86.98
55.88
13.97
1.00
63.58
80.00
67.25
29.87
20.28
64.18
96.67
7.74
96.93
3.44
97.18
18.21
30.57
50.33
100.88
8.70
65.40
64.44
94.95
34.60
43.68
35.91
94.20
4.15
25.15
23.63
76.10
24.90
24.83
50.55
61.05
93.29
93.51
46.01
84.03
71.37
81.83
17.80
17.26
2.85
73.75
81.91
57.88
86.37
28.47
82.10
84.79
29.06
73.99
12.07
3.37
8.72
91.06
76.54
60.51
92.82
35.36
10.56
97.96
100.77
70.65
31.69
72.84
80.54
49.74
71.84
5.22
99.01
65.46
42.33
77.15
81.18
59.13
27.81
55.64
99.33
91.83
68.87
21.94
2.82
49.08
95.23
49.19
10.93
67.11
30.66
81.52
42.52
36.25
97.93
73.41
40.51
12.52
78.59
21.12
40.11
54.44
45.24
60.17
17.34
39.40
64.07
28.42
68.42
68.67
25.38
68.79
42.44
29.52
55.21
82.00
75.19
15.56
10.48
69.30
78.61
14.00
59.97
71.06
10.60
54.63
14.93
24.44
15.41
18.53
62.69
45.79
23.46
62.88
26.92
10.26
68.85
85.81
35.44
2.02
36.65
40.38
76.46
7.65
55.95
58.11
39.42
58.19
48.48
31.42
38.06
4.90
31.66
81.56
73.66
21.87
28.51
22.73
46.75
5.06
34.67
15.31
19.92
93.35
56.08
91.14
16.66
31.87
78.58
28.46
11.71
24.77
76.66
100.73
94.25
25.26
90.33
25.02
95.04
94.89
71.42
15.47
14.21
39.91
27.92
22.83
90.04
22.49
29.45
5.91
23.89
67.36
17.72
81.82
6.02
33.78
26.88
77.70
4.13
88.77
9.48
15.73
57.27
2.33
8.69
26.28
37.24
89.69
6.31
30.03
60.05
87.71
11.45
64.26
20.46
45.60
80.12
26.22
47.29
68.05
93.01
47.30
43.54
67.71
38.88
10.95
41.25
88.29
9.51
4.89
18.05
87.44
34.76
37.65
56.38
63.91
44.04
9.76
2.93
73.36
74.84
42.18
9.27
83.44
82.40
7.47
49.67
80.62
94.26
38.68
75.72
77.19
17.51
6.17
20.50
77.58
65.76
20.21
10.32
29.27
68.72
5.10
15.46
66.36
82.49
81.15
85.43
17.59
95.73
93.96
34.14
46.73
4.81
72.09
65.00
52.42
55.24
7.90
23.05
46.34
31.21
31.81
70.13
19.75
75.36
64.20
8.61
83.44
48.52
41.04
90.10
52.66
43.29
16.18
54.04
6.73
74.04
74.81
85.30
94.97
50.88
54.80
85.01
39.97
32.30
27.38
86.38
71.51
36.60
61.48
34.77
76.10
62.09
18.81
17.48
89.09
13.04
91.55
79.31
59.12
92.19
29.53
77.33
33.24
90.74
92.12
47.47
49.42
57.97
44.14
61.35
51.16
15.34
1.33
82.68
42.92
14.34
84.92
52.36
13.45
90.25
41.88
90.34
45.98
95.96
9.85
96.89
29.76
51.10
36.15
15.40
93.51
67.42
11.03
33.20
97.02
25.73
81.64
10.07
5.72
76.11
56.27
66.46
75.54
69.02
3.38
10.25
15.81
35.18
90.88
6.38
74.46
70.98
11.26
68.23
19.44
24.39
84.36
79.64
92.89
56.51
6.71
55.68
7.49
55.09
97.14
55.71
38.16
98.55
21.94
12.16
63.55
69.82
2.95
62.63
97.93
38.25
53.19
6.86
78.58
16.97
5.33
84.04
85.03
63.04
81.86
30.62
47.26
49.25
63.39
73.81
70.09
14.94
45.08
84.23
47.70
18.63
7.14
18.05
12.74
16.67
11.03
80.06
8.91
1.43
89.86
59.38
82.42
51.11
59.17
12.26
10.81
92.12
96.03
13.09
16.11
14.03
26.73
67.98
67.61
10.28
92.60
7.32
14.85
41.52
15.48
24.18
9.74
59.40
18.88
2.56
44.99
6.22
24.66
40.73
15.15
15.82
19.64
30.72
61.25
54.39
35.15
94.52
62.51
3.26
61.63
58.11
72.92
28.66
24.35
43.74
33.69
2.12
31.62
27.94
48.88
70.09
53.69
43.91
87.28
33.65
62.51
11.40
10.37
95.15
16.36
4.82
15.33
85.06
64.22
87.43
73.21
68.98
45.05
5.42
15.68
3.28
53.07
58.86
56.48
2.70
13.98
5.04
86.06
12.70
92.34
92.53
72.73
80.88
62.51
95.51
6.02
90.90
54.44
11.19
18.54
74.72
55.79
28.23
2.15
74.52
64.79
15.52
80.63
62.15
96.64
97.35
67.35
27.61
62.93
36.52
19.04
61.34
85.00
82.67
8.00
57.14
45.26
5.50
10.47
28.22
16.24
31.71
62.02
7.86
91.06
88.42
64.31
65.65
35.05
5.94
94.10
59.80
87.19
10.12
97.04
2.95
92.38
51.03
57.30
49.62
80.73
59.82
19.40
93.15
42.92
25.03
87.10
88.47
13.17
8.06
37.39
68.18
56.26
88.89
83.37
26.86
27.33
66.37
59.76
90.43
90.06
5.85
86.30
71.37
55.83
58.49
59.46
51.46
23.26
75.50
57.27
80.59
37.58
89.64
84.52
16.12
43.35
19.56
81.38
97.66
88.15
33.55
7.65
47.88
95.45
4.11
13.18
45.09
98.21
88.16
57.44
7.22
23.76
96.54
16.59
5.31
75.10
95.45
11.50
97.19
13.33
63.48
54.07
58.99
61.56
23.66
20.23
66.98
74.99
54.35
8.50
30.54
3.89
62.87
26.61
88.54
69.07
42.72
9.63
53.04
24.91
61.40
61.13
58.97
10.65
85.60
37.84
12.59
63.32
37.22
20.27
20.70
19.81
8.34
77.22
16.59
50.03
51.73
83.59
11.88
59.70
90.42
28.87
98.56
18.70
86.01
67.78
13.10
73.22
26.07
18.22
68.39
25.58
13.51
8.81
79.69
75.28
25.90
62.62
37.45
35.78
2.94
21.07
4.32
22.29
4.06
15.92
40.02
14.28
11.19
55.14
8.03
24.76
27.86
62.56
68.03
49.46
12.80
38.94
90.92
9.42
3.86
44.16
46.73
87.66
81.07
51.29
49.77
47.66
26.34
90.85
23.64
49.35
20.84
11.08
32.13
16.53
56.01
19.05
53.85
45.58
76.22
22.01
86.71
85.92
39.71
17.03
70.88
20.73
17.58
43.67
10.09
39.97
54.08
63.05
81.59
23.24
48.14
1.29
79.06
90.90
51.79
92.85
8.21
85.55
83.64
55.67
23.88
31.42
14.84
78.20
65.19
21.45
85.44
11.79
25.59
81.34
27.34
14.74
21.59
43.32
39.14
36.78
32.77
77.29
55.37
10.17
21.36
58.31
90.98
67.37
40.75
28.92
95.45
43.26
83.07
12.14
3.90
99.08
11.82
45.91
42.53
100.02
19.09
44.06
69.67
41.70
4.12
37.66
48.09
65.54
17.19
24.98
91.48
79.62
22.87
94.57
25.41
52.80
7.72
88.15
22.61
9.28
92.85
91.09
78.84
14.80
5.75
4.57
41.69
64.43
36.19
99.76
1.74
50.83
43.15
1.80
79.54
41.72
48.13
59.29
15.34
21.99
92.64
42.76
97.72
1.73
35.35
25.82
71.80
83.97
54.21
5.01
75.93
65.68
1.36
84.51
24.12
56.82
88.64
41.47
10.87
42.99
94.34
65.86
11.09
84.31
2.88
90.75
30.16
76.11
29.87
39.10
15.39
40.97
20.84
70.65
45.46
83.82
54.63
82.78
68.86
1.05
50.65
42.71
75.97
43.35
17.07
77.12
37.13
16.77
9.75
9.17
100.48
32.61
30.03
22.52
62.20
24.54
46.36
37.87
28.83
4.93
40.29
20.05
18.26
77.44
1.84
96.57
69.82
40.84
11.48
82.68
36.19
16.44
58.72
87.44
56.89
55.66
9.51
69.96
52.03
74.09
1.96
7.90
64.02
54.66
33.43
25.82
58.01
72.23
87.29
50.13
47.30
94.83
27.48
5.90
94.58
18.35
56.71
33.08
42.72
28.24
27.77
3.49
77.07
85.26
5.71
83.89
55.73
94.84
94.59
69.50
3.62
50.94
8.38
7.18
19.50
9.36
68.78
75.69
74.46
26.19
38.84
48.40
21.81
52.92
2.88
5.86
26.34
65.71
5.99
62.03
55.92
8.02
27.08
28.67
95.43
66.95
56.82
29.12
90.97
21.31
6.96
87.66
10.39
56.84
37.74
1.17
4.76
65.11
91.35
66.76
71.14
72.58
35.20
50.53
63.80
48.26
7.36
89.93
13.16
8.88
63.52
79.17
93.34
65.69
62.45
47.09
51.17
91.34
32.12
89.44
28.61
74.33
66.05
69.48
91.44
88.66
81.31
42.60
94.44
52.25
13.55
82.15
8.29
29.56
65.39
15.95
66.15
45.71
28.21
78.17
65.99
52.26
70.35
32.59
48.03
65.67
22.61
8.43
60.22
75.65
89.61
17.42
99.13
72.08
26.99
20.81
94.23
2.97
12.94
91.86
10.71
41.56
66.49
10.42
2.15
85.69
28.69
1.06
69.26
33.68
16.06
79.16
24.11
87.61
88.48
11.95
60.53
95.86
53.40
95.50
11.47
24.42
97.55
45.60
69.81
56.22
46.66
97.56
22.18
54.41
16.70
67.91
84.83
38.09
27.70
45.58
97.28
61.52
62.31
59.22
50.34
7.13
61.72
79.21
27.44
21.72
51.74
20.87
91.26
67.71
19.37
13.49
77.46
29.58
34.39
48.17
10.81
64.27
56.01
16.45
7.07
74.26
14.60
42.04
95.62
15.04
48.77
70.10
38.88
20.35
58.33
57.72
34.09
56.86
36.30
97.77
99.58
21.08
42.62
42.95
82.04
71.54
3.81
83.76
59.09
98.08
61.20
13.18
18.37
95.69
60.08
55.01
8.96
64.20
66.56
27.12
86.34
24.49
27.71
88.87
83.51
12.80
74.42
60.79
54.36
24.86
95.73
15.06
37.09
39.53
43.11
48.01
22.25
48.87
47.11
33.12
57.87
96.58
76.92
53.37
46.98
62.70
54.96
40.83
16.27
13.26
59.69
77.63
92.45
97.40
8.92
95.24
33.01
76.88
78.51
1.96
20.20
32.03
86.96
89.11
47.90
28.99
28.50
2.87
21.07
92.41
80.72
21.48
58.99
62.10
63.07
78.41
77.18
39.48
38.49
34.63
45.71
70.17
46.71
100.38
86.18
60.56
66.23
88.01
100.58
65.62
65.71
11.69
22.07
50.43
31.04
11.01
85.19
18.02
1.26
43.61
69.16
63.06
82.47
31.16
48.31
63.69
66.78
11.90
64.75
68.33
10.27
85.62
25.35
54.06
90.60
60.72
59.60
19.67
64.53
71.42
44.71
91.76
52.11
89.76
25.66
20.31
50.77
77.34
13.53
77.89
29.48
3.25
32.35
11.28
59.65
16.00
67.66
57.75
90.05
46.73
57.59
98.14
60.92
93.06
100.89
16.02
9.17
4.01
24.65
3.91
15.09
38.20
90.58
10.72
8.66
49.85
5.78
16.14
59.98
17.77
25.81
94.94
91.48
28.77
40.96
72.68
82.90
79.93
59.52
71.08
72.79
28.09
12.76
45.94
55.19
17.06
29.36
49.92
13.57
89.54
30.04
49.05
86.32
3.46
53.33
37.63
88.89
30.26
84.74
35.94
74.28
50.46
60.17
15.15
48.13
47.12
89.79
72.46
79.97
4.62
22.37
62.48
9.81
59.74
34.81
90.71
59.54
95.43
68.44
81.59
69.77
45.86
16.65
59.00
82.29
70.80
59.42
2.65
11.92
66.29
49.33
1.21
55.66
88.30
93.83
27.25
70.56
16.15
65.80
3.97
97.35
32.56
10.69
5.78
89.18
25.45
20.45
51.87
31.49
54.51
31.81
79.58
54.04
98.49
17.52
16.58
64.21
49.27
91.35
50.98
51.74
79.45
23.17
12.37
40.21
60.32
76.93
7.32
67.80
73.69
20.43
11.79
100.23
94.70
7.28
89.87
53.87
95.20
75.54
27.75
58.02
98.37
61.47
27.50
80.52
42.23
57.85
28.09
84.32
81.02
4.54
87.50
20.27
15.91
5.05
93.32
82.72
1.00
43.33
63.43
31.46
99.18
52.64
19.34
55.58
16.72
40.22
63.31
84.75
91.34
81.11
95.55
44.78
36.53
27.74
68.63
18.25
13.49
27.32
34.10
24.29
85.97
38.13
32.12
95.04
18.78
75.21
91.51
67.44
22.59
99.81
1.76
91.05
13.66
70.51
73.59
4.43
68.14
31.99
17.38
17.59
22.40
55.00
55.99
43.87
39.32
29.27
33.61
29.57
73.30
80.09
15.65
29.17
72.53
31.87
92.14
25.41
72.78
89.09
60.93
69.65
25.79
64.55
32.77
30.98
35.14
1.96
72.70
34.23
40.89
95.00
75.36
81.43
21.60
79.53
33.30
9.13
10.17
20.68
23.48
3.97
96.62
17.84
60.34
1.11
99.16
81.52
89.86
9.38
4.23
38.93
79.12
66.38
61.43
100.98
37.35
1.24
78.57
67.07
38.35
51.13
15.36
52.99
30.92
60.18
63.73
84.54
58.30
40.80
2.61
57.26
43.59
96.60
83.06
6.74
79.29
33.32
12.85
11.15
34.96
72.13
64.10
9.13
19.42
53.40
68.76
83.90
28.38
34.40
72.83
78.09
98.77
90.74
49.71
58.06
37.43
20.33
75.92
36.67
29.93
57.83
58.62
50.30
69.71
17.43
46.13
22.05
34.81
20.75
65.97
45.50
24.50
49.13
44.94
48.57
17.12
28.22
92.52
61.07
89.13
100.94
43.77
56.36
78.05
79.70
62.91
62.91
63.30
21.63
16.15
94.72
81.40
8.62
53.34
94.74
9.60
69.77
51.68
69.63
40.43
4.77
88.70
20.64
70.55
69.08
36.28
53.65
20.30
62.45
55.18
63.93
7.22
26.21
41.86
26.14
51.47
46.40
79.35
76.28
8.90
51.05
77.80
9.65
14.07
32.62
11.97
3.16
13.74
56.40
24.09
81.38
88.55
45.45
71.99
45.61
72.54
32.55
96.91
29.89
11.28
91.04
40.03
52.24
68.31
73.50
3.82
20.77
73.19
65.65
1.19
62.87
72.74
61.14
57.43
96.91
8.17
71.03
20.49
27.14
47.65
1.08
95.46
92.12
12.05
60.00
12.25
57.78
17.28
88.73
99.55
2.66
23.57
33.76
63.45
86.40
90.09
44.00
91.02
38.11
93.21
86.32
74.44
60.38
85.29
87.03
86.95
64.08
22.84
11.44
98.04
91.26
81.16
54.78
56.43
45.75
33.41
28.98
66.66
78.17
78.93
14.02
41.56
17.14
58.87
73.72
47.31
82.81
77.60
21.48
34.09
23.50
68.09
3.70
12.13
17.84
64.38
74.08
29.16
66.29
13.02
87.86
96.86
3.75
9.89
34.06
22.26
6.05
43.26
7.02
70.20
28.47
2.05
95.08
17.27
99.99
53.08
95.81
91.18
86.20
78.60
72.25
5.27
59.12
50.22
31.78
43.46
84.92
70.58
77.88
99.18
12.43
84.88
36.04
46.93
73.49
6.06
10.35
49.85
28.93
55.77
78.21
90.95
58.68
35.51
56.44
34.91
80.71
10.29
31.31
10.84
97.27
28.20
28.24
46.09
74.64
70.89
41.69
30.76
11.96
51.81
91.95
81.42
41.92
23.46
10.47
11.39
37.68
12.32
93.02
20.71
62.46
63.98
17.66
2.42
74.81
70.93
32.93
99.68
25.64
96.49
85.57
44.44
17.39
21.21
3.93
50.38
81.18
84.90
95.59
14.10
5.27
15.67
64.70
1.87
75.66
65.00
12.02
14.15
89.51
30.98
1.66
57.97
63.86
39.81
46.90
38.93
11.16
87.25
41.89
86.07
10.20
62.82
10.36
46.30
31.61
22.84
24.03
98.22
65.06
25.93
2.03
39.00
54.85
12.48
10.13
11.17
26.68
69.25
71.02
56.90
50.52
7.10
66.12
26.34
65.52
78.70
16.88
40.24
58.07
50.80
10.92
65.51
40.41
77.66
31.51
20.83
70.23
74.90
68.15
38.97
49.40
23.50
71.34
11.78
23.66
52.23
97.11
18.52
55.53
19.51
8.83
2.10
98.22
45.38
54.16
15.18
36.64
71.93
97.29
51.56
51.12
70.62
33.23
23.36
3.70
22.23
21.27
5.54
2.63
45.02
36.84
74.32
77.16
41.36
32.55
99.57
30.66
59.97
32.45
40.81
59.59
77.92
20.88
90.02
55.42
37.91
60.73
27.77
38.58
17.33
4.21
78.88
92.65
87.74
56.90
97.30
7.35
84.27
98.27
98.75
71.12
5.11
85.55
92.18
55.78
83.76
16.47
91.88
23.13
48.10
60.87
81.16
100.69
57.85
4.38
93.99
11.62
19.49
74.07
19.72
52.54
36.27
27.79
5.96
2.57
58.26
40.24
11.26
95.44
2.75
55.24
4.23
46.33
97.48
24.59
77.44
29.50
61.50
27.97
66.72
76.68
44.06
81.96
67.31
88.19
96.17
19.88
48.19
1.63
84.60
37.31
32.86
68.85
28.99
32.27
22.00
12.15
8.64
51.82
13.79
59.56
40.14
86.66
3.49
82.60
96.46
57.57
39.61
45.44
8.90
7.62
7.51
22.89
90.33
60.92
13.28
68.25
8.66
12.75
64.53
16.25
15.08
59.17
33.68
25.33
19.25
28.30
32.37
53.33
14.33
98.11
22.74
83.49
10.14
50.36
38.85
34.88
19.09
42.96
2.13
4.48
66.84
36.14
30.83
21.69
33.70
90.16
40.74
6.87
62.26
19.38
88.05
46.93
7.80
3.24
57.92
96.63
26.64
72.92
92.51
86.34
4.21
95.84
97.54
32.43
32.97
33.63
13.43
58.77
14.41
4.85
30.04
82.71
44.35
2.24
58.68
61.33
19.06
83.04
2.26
79.17
92.11
94.90
96.92
24.13
74.69
43.37
10.64
4.92
32.70
97.25
63.28
27.42
11.48
16.61
94.59
2.12
69.36
97.82
52.76
21.23
57.22
94.52
68.39
92.99
57.05
51.76
46.16
58.35
78.65
52.43
2.70
35.47
67.55
51.55
2.41
95.95
15.03
91.31
10.80
36.82
31.73
78.79
66.38
21.13
12.05
69.93
39.57
42.09
86.59
95.34
98.51
89.86
71.27
56.52
48.45
40.37
88.68
49.27
53.85
57.65
49.03
76.82
16.24
62.89
81.46
64.92
93.56
94.13
87.78
96.75
29.66
88.11
7.66
96.85
56.60
40.35
86.17
30.92
55.13
77.06
3.14
80.34
70.13
32.90
50.74
90.30
98.46
49.74
84.93
78.05
75.43
87.77
64.84
72.60
58.64
68.40
22.58
40.05
20.22
78.77
94.62
8.89
80.12
57.41
29.53
21.73
66.50
13.96
39.84
1.92
77.82
40.87
88.68
81.07
20.17
74.59
4.81
5.53
88.27
82.77
4.27
78.49
37.68
50.25
20.40
11.06
42.61
68.06
41.53
28.39
37.66
65.93
96.90
25.56
44.34
24.82
83.65
53.20
89.45
16.12
11.06
50.82
41.16
14.89
8.75
44.48
6.63
22.85
2.37
77.50
12.35
20.97
94.80
54.36
72.86
30.28
25.06
73.72
50.15
53.17
1.77
72.42
6.60
72.35
26.40
71.81
1.42
17.92
69.16
82.05
96.56
15.40
25.19
100.44
3.32
72.62
63.09
19.30
20.63
30.88
99.65
8.68
6.78
10.36
45.06
38.86
46.32
86.01
20.19
80.01
4.86
24.11
100.96
99.41
76.25
98.42
91.50
82.91
16.74
28.81
91.72
28.52
19.76
70.26
22.63
39.18
81.01
69.04
19.63
100.65
14.10
63.25
95.63
94.84
4.60
61.41
22.50
11.58
56.55
59.30
17.55
59.62
54.99
28.82
60.31
72.33
45.88
89.82
98.69
4.38
35.66
14.04
8.22
3.91
24.07
22.87
31.13
10.32
70.95
89.65
97.48
2.36
61.35
85.14
48.93
86.62
80.46
32.12
45.76
43.16
52.10
47.98
16.26
24.78
62.69
52.00
24.53
11.26
47.89
3.59
14.12
19.68
45.12
77.69
99.06
21.23
79.99
99.08
21.18
50.41
83.79
73.75
22.34
40.04
52.86
62.41
33.24
17.21
50.60
17.28
12.36
33.69
25.37
95.17
75.11
53.34
87.08
98.23
44.92
27.31
75.48
52.77
19.01
22.47
46.02
32.96
23.52
39.95
8.08
69.99
39.90
23.21
27.12
8.13
15.71
3.36
56.88
99.92
9.60
13.10
11.24
76.19
60.30
57.33
63.49
83.03
67.96
22.65
11.92
36.54
40.90
5.68
27.30
68.00
54.22
61.31
63.87
40.57
9.03
21.25
100.40
90.42
87.85
2.73
77.82
99.42
50.33
73.05
2.44
92.49
54.09
55.64
17.20
87.96
17.17
6.95
97.40
39.00
83.67
58.72
79.54
100.44
38.48
5.66
52.06
46.64
75.69
78.05
93.48
70.36
44.97
89.69
16.09
71.15
69.91
28.57
82.06
35.72
5.46
59.26
68.66
1.62
2.46
36.44
47.91
51.56
51.07
21.84
52.80
1.88
70.81
87.06
12.26
43.31
14.86
60.61
70.01
31.33
54.36
41.73
98.91
39.69
88.84
26.96
58.11
23.64
78.31
22.88
27.59
7.98
100.87
18.56
23.15
61.81
5.53
85.01
52.09
47.37
36.62
15.35
99.21
83.44
92.98
98.80
46.30
10.66
15.40
22.60
68.41
48.39
48.55
86.98
13.54
58.08
49.37
5.78
79.48
87.64
20.34
18.07
99.13
88.60
62.87
26.23
66.62
8.17
29.12
85.76
75.43
58.68
44.30
2.61
28.54
79.10
56.50
39.94
87.20
57.13
47.37
17.80
50.72
24.79
3.96
31.01
12.33
71.85
41.84
28.30
94.06
58.91
73.68
29.09
78.36
97.50
24.36
86.98
22.19
87.18
26.44
88.68
49.84
50.21
51.17
17.46
21.19
57.27
72.00
77.43
65.11
40.24
58.55
74.13
25.82
15.79
25.93
1.25
94.87
19.49
22.00
60.05
65.76
61.53
64.97
36.51
88.57
19.08
31.00
68.90
56.82
45.96
38.05
54.02
87.25
61.89
30.10
40.13
35.32
70.04
20.53
50.07
24.12
98.95
30.92
10.54
8.02
88.04
17.92
35.39
2.36
59.30
7.55
23.66
2.35
47.89
74.29
75.77
22.31
2.22
90.40
69.50
59.88
32.26
19.54
96.90
85.80
15.06
5.16
24.94
17.58
97.79
70.49
89.96
5.25
19.74
14.65
75.43
44.76
25.79
15.35
9.02
45.28
86.41
11.99
5.14
6.30
26.41
30.67
20.22
69.11
43.33
78.32
32.71
9.20
77.54
58.53
70.35
40.63
6.29
7.00
27.99
37.00
49.26
22.28
11.71
91.16
25.90
66.46
80.57
16.60
52.30
13.34
80.31
31.08
43.47
44.69
47.61
23.93
78.45
16.61
25.78
60.07
47.91
4.76
76.52
88.07
13.88
68.36
65.34
71.50
96.63
6.74
68.69
78.78
89.15
2.06
95.59
16.81
60.53
38.90
94.84
54.18
63.83
77.43
17.65
8.79
9.90
76.93
12.90
96.28
24.39
35.85
13.98
23.29
69.01
20.19
37.66
85.20
29.34
11.36
55.38
12.07
11.59
37.42
23.63
78.21
27.48
84.94
21.34
3.39
31.24
18.79
5.83
4.31
12.61
32.81
72.02
96.73
29.64
92.78
81.57
8.24
2.24
73.28
61.22
28.45
96.48
37.03
54.60
94.75
40.33
75.61
96.56
65.32
13.48
100.23
88.06
31.36
40.96
16.46
34.32
69.06
37.80
33.39
19.87
19.23
79.19
19.71
87.63
37.87
94.12
38.26
35.95
39.40
61.36
35.06
81.81
69.86
12.30
8.14
84.55
99.36
19.25
25.83
10.56
3.49
95.20
75.27
3.69
39.75
51.58
84.84
45.50
1.26
72.11
16.55
28.07
28.92
72.47
38.06
8.26
61.39
3.90
55.19
32.44
40.89
51.75
80.78
100.32
28.08
90.64
65.29
58.79
59.44
11.47
52.49
1.61
51.12
48.02
93.80
86.26
65.70
37.36
10.33
20.72
12.08
18.27
25.63
1.88
96.52
29.64
30.50
70.95
76.52
62.41
36.62
73.83
30.85
7.10
46.69
96.19
63.67
25.51
46.79
10.35
13.14
46.01
22.73
84.19
91.35
21.46
10.63
25.61
49.30
32.29
72.85
80.69
27.50
97.14
24.55
25.21
18.26
99.26
27.03
95.29
50.99
99.19
26.79
53.97
98.98
34.03
39.44
42.13
23.43
20.02
86.82
63.32
42.46
80.24
1.73
83.03
59.61
18.79
4.08
30.32
63.74
43.33
78.07
67.10
42.83
49.46
17.70
100.71
51.19
19.81
17.32
11.13
4.90
74.31
65.78
51.50
2.00
95.20
25.33
65.74
78.81
24.80
43.04
15.85
24.13
27.53
59.02
5.41
5.27
90.83
14.38
10.68
87.67
88.80
80.65
48.82
50.28
35.78
43.74
22.06
2.42
96.49
6.11
30.87
72.24
1.61
55.58
8.41
68.13
9.23
58.04
4.87
15.17
54.99
79.71
95.55
95.66
46.50
34.51
96.52
30.00
52.85
94.59
95.75
60.52
59.98
60.97
32.66
11.39
25.78
64.81
12.37
39.87
7.46
13.14
4.82
39.34
25.49
38.68
40.78
20.35
95.42
33.99
62.96
42.49
17.86
29.21
21.05
83.05
34.85
27.82
11.81
94.04
39.97
4.29
16.33
27.17
31.83
3.76
63.33
29.27
8.97
94.28
13.49
36.90
86.88
73.22
21.22
78.75
16.43
64.13
94.14
97.77
1.36
36.92
70.64
40.07
85.17
85.87
29.72
34.71
90.89
25.89
44.63
37.63
24.12
26.61
49.62
37.94
7.64
36.46
12.76
59.37
67.05
41.34
24.37
27.68
41.88
80.82
23.20
87.67
75.47
76.79
49.69
17.28
86.00
10.29
24.16
28.78
20.84
84.48
43.72
15.19
13.58
58.42
15.55
14.94
69.36
78.91
19.21
76.28
35.95
1.54
73.83
15.68
46.17
21.77
24.30
24.12
18.60
90.12
91.80
4.90
85.10
28.10
73.42
28.87
25.92
12.56
2.31
98.79
80.95
38.74
48.56
11.45
85.55
14.75
38.41
49.40
59.62
91.34
95.10
58.74
59.73
45.82
66.61
64.52
40.01
2.51
32.71
43.58
36.17
53.34
18.29
93.89
19.94
65.36
94.70
87.98
36.71
17.26
94.14
64.89
86.06
13.51
31.52
26.61
90.10
71.60
9.60
61.41
15.62
28.32
49.06
7.32
11.87
14.16
21.43
13.81
23.69
46.38
32.41
19.59
42.04
27.06
48.84
76.63
29.84
14.71
72.32
83.18
6.93
57.58
54.28
55.80
76.57
80.24
98.62
13.88
38.82
48.43
80.40
40.66
77.93
50.07
99.25
77.15
8.91
38.81
34.20
96.12
19.86
22.72
80.28
8.06
11.95
38.22
22.89
82.80
46.09
53.52
56.13
8.45
81.14
9.46
36.90
97.20
57.36
23.17
29.91
87.25
26.99
24.35
67.70
46.10
51.57
51.08
82.54
56.46
51.11
56.33
83.41
2.56
43.30
69.05
79.59
25.71
5.36
45.79
62.43
28.33
19.79
54.99
53.08
46.30
32.22
8.48
17.12
11.74
97.79
16.14
7.26
66.17
95.17
93.51
26.30
78.29
61.44
66.31
37.58
11.25
11.65
29.04
2.41
4.26
73.30
57.15
7.70
22.39
82.33
51.44
72.02
53.77
21.92
98.88
5.82
29.26
89.05
5.29
24.93
8.29
87.07
45.78
31.21
30.87
22.97
9.76
65.87
62.44
69.20
64.96
49.40
40.65
19.75
95.89
17.85
86.24
53.62
54.60
43.74
53.37
31.28
16.55
94.15
85.92
60.23
88.47
14.11
23.03
53.47
37.89
100.58
75.73
78.86
88.35
76.40
11.67
90.61
97.34
6.34
37.66
28.71
84.38
77.13
32.25
5.24
93.94
11.25
58.20
47.87
80.22
30.19
7.05
68.92
17.50
53.86
31.59
6.95
78.23
24.10
26.40
38.69
59.32
66.86
16.87
19.02
32.87
36.20
27.37
23.62
12.48
77.87
95.39
13.64
40.83
26.28
23.73
9.31
92.21
2.04
16.06
84.11
31.67
94.32
49.60
95.65
73.42
86.42
11.49
9.54
46.18
73.00
98.97
58.53
82.29
12.18
3.78
17.85
30.31
33.41
46.86
41.92
26.48
76.21
85.64
34.47
57.09
21.10
13.58
46.14
47.11
19.90
8.04
82.60
2.48
71.42
63.33
12.50
7.75
92.72
87.94
24.55
49.18
27.44
22.75
27.48
89.94
35.17
5.50
5.53
72.10
9.54
82.85
55.36
97.96
52.00
38.40
21.51
24.13
42.95
78.03
85.88
13.12
4.76
51.68
55.73
37.36
9.25
25.28
21.17
14.33
100.83
75.58
28.38
67.64
100.47
95.89
71.39
42.01
89.36
32.68
76.68
83.94
52.52
15.10
85.12
100.61
66.13
97.59
97.26
84.11
36.54
26.44
99.33
93.67
23.74
50.74
8.05
15.29
91.24
84.01
7.01
46.67
4.44
75.30
34.23
60.83
23.84
94.31
61.36
24.03
66.19
92.91
90.44
59.65
52.02
67.22
53.06
23.15
17.40
76.41
20.99
58.06
48.35
56.65
40.97
17.98
20.28
88.96
53.26
28.01
57.95
55.13
56.02
1.03
7.46
40.29
75.14
83.89
58.76
54.74
79.89
53.52
67.33
35.39
25.76
27.33
16.45
40.56
64.68
86.30
59.48
12.71
99.50
18.24
98.96
16.59
93.60
19.55
54.28
36.36
7.91
29.21
13.31
98.07
65.56
77.95
96.38
65.36
3.99
98.48
85.15
63.97
10.08
35.35
32.39
33.97
53.76
10.88
28.28
41.92
98.48
81.18
39.34
30.56
48.71
60.39
27.62
87.29
12.98
2.31
62.01
87.57
70.00
68.41
18.36
22.36
50.60
76.08
40.24
59.22
82.78
62.13
1.64
97.28
35.71
89.46
28.16
4.08
54.68
85.43
16.40
11.23
88.93
58.58
31.13
6.37
32.07
59.16
75.40
10.60
93.92
2.18
6.89
6.52
85.04
18.65
25.17
98.31
37.44
26.06
1.35
82.91
21.03
83.56
36.31
35.40
51.89
23.11
42.41
2.76
83.95
49.61
11.45
49.20
26.50
56.67
74.62
85.81
77.48
57.35
2.04
78.42
48.80
97.79
34.92
71.04
35.37
59.53
32.23
1.68
53.05
1.24
69.24
39.07
37.38
78.05
63.66
64.48
26.70
58.63
90.09
84.01
33.83
80.96
90.46
6.63
30.01
28.65
19.81
100.80
77.35
59.68
69.06
71.17
29.07
55.16
85.39
38.97
78.50
38.80
95.14
41.35
8.08
62.36
26.70
27.31
53.35
29.04
76.86
3.80
11.90
5.70
96.41
26.48
88.72
35.86
21.51
22.81
18.89
15.08
43.89
7.90
43.92
11.34
56.71
47.01
31.46
27.63
52.46
26.71
25.72
66.15
32.84
3.97
86.11
2.12
56.06
33.46
71.91
26.52
43.22
78.08
4.53
89.04
52.16
95.04
97.48
38.88
29.82
14.76
68.58
71.56
45.02
16.00
53.92
91.78
46.99
52.56
91.71
83.61
12.84
75.31
63.49
64.06
66.08
64.65
54.43
83.65
32.91
23.36
88.16
56.34
59.44
72.85
40.67
65.36
3.03
51.54
56.52
21.14
59.28
4.99
10.52
41.04
76.25
37.17
76.21
76.29
12.93
84.56
35.52
51.18
36.54
22.76
42.78
16.93
34.28
3.95
53.29
57.43
43.10
49.10
44.76
10.90
57.92
79.06
29.36
61.79
32.62
82.44
71.36
9.60
72.56
32.11
4.47
53.85
73.18
18.85
16.49
63.64
84.70
72.85
82.95
73.46
20.76
20.99
6.71
49.64
6.33
52.52
34.28
61.29
27.35
15.07
21.13
50.76
28.19
65.44
35.64
92.82
34.76
60.48
95.04
65.45
34.04
84.86
83.15
27.68
37.00
39.37
83.30
59.22
55.81
80.37
71.70
8.60
28.28
46.54
35.21
48.98
42.14
57.15
21.95
20.45
64.29
11.91
16.57
70.72
78.49
61.50
52.87
4.91
13.54
10.70
17.41
90.39
82.20
29.71
18.33
95.22
51.48
84.72
11.30
19.58
21.55
30.90
95.44
2.14
76.81
17.59
55.70
69.92
3.40
70.08
96.88
19.77
70.48
10.27
11.79
61.41
91.13
57.56
2.73
42.62
27.91
72.04
20.45
20.32
1.93
49.30
99.35
4.26
10.62
27.14
65.68
41.75
78.95
25.95
31.52
86.94
49.61
21.58
32.44
46.30
98.18
93.63
95.62
69.90
45.06
11.66
45.74
37.00
94.84
94.02
62.90
54.85
30.12
80.44
78.34
59.33
96.83
4.04
54.62
62.23
18.65
8.16
93.07
12.38
16.10
44.81
57.96
10.93
40.21
42.89
49.49
7.80
8.65
18.61
55.37
2.76
69.68
97.60
83.48
45.90
92.41
72.09
11.71
33.18
54.96
68.78
85.06
45.74
99.93
87.44
85.50
19.28
62.37
66.24
59.97
86.27
22.84
10.59
81.07
81.70
69.32
7.54
83.11
18.34
8.00
68.93
69.33
3.71
63.97
18.90
37.56
4.64
5.37
98.40
83.46
56.58
19.80
56.16
43.75
86.02
35.32
98.46
21.68
29.90
94.19
36.85
52.69
69.42
80.04
68.81
63.17
49.59
78.63
10.81
18.64
9.99
26.56
46.28
59.02
90.10
85.42
12.58
40.38
81.01
12.35
12.71
68.49
19.05
24.56
41.72
5.04
93.23
28.83
41.51
4.18
74.33
49.07
69.32
66.67
19.03
53.39
25.80
39.54
24.58
37.01
72.60
16.66
93.73
13.37
85.45
74.28
11.31
18.78
68.03
33.46
21.64
100.00
60.23
30.06
74.27
90.11
38.50
11.72
76.23
80.39
9.46
19.34
9.45
44.52
37.67
72.55
43.49
44.24
65.62
84.50
31.73
51.27
54.45
46.84
59.38
63.86
54.36
93.27
42.44
69.71
43.86
5.84
24.36
67.43
46.95
42.83
18.64
36.85
28.80
15.73
22.79
80.95
45.27
37.15
90.21
63.67
57.49
50.09
2.41
83.40
60.85
17.65
11.10
38.44
31.79
26.38
64.95
19.88
26.37
22.47
35.26
71.10
12.65
11.04
82.86
77.14
56.63
54.39
80.55
50.80
64.24
16.50
71.87
50.92
80.39
28.24
3.59
44.51
13.67
71.21
78.91
20.38
89.49
42.28
62.46
25.81
60.07
36.96
2.67
25.02
7.97
79.72
39.61
66.06
99.27
67.06
97.38
93.34
33.84
40.65
58.81
28.17
93.37
77.95
85.94
57.10
68.65
19.27
23.89
35.29
60.35
55.36
34.99
6.47
7.29
89.97
100.60
50.90
8.64
24.74
32.96
41.61
38.75
100.46
37.32
63.31
14.84
84.07
91.68
99.01
100.89
88.91
11.91
92.43
34.04
56.16
78.70
57.32
7.73
92.87
95.84
77.53
76.35
31.08
83.85
39.34
30.81
65.29
27.70
33.78
60.78
55.72
22.76
61.40
91.44
31.50
25.29
26.47
95.13
92.05
40.71
78.87
40.90
59.40
85.66
15.64
45.67
99.37
42.69
94.22
45.40
4.64
96.16
84.58
26.71
46.78
62.20
63.09
82.05
11.85
60.94
87.81
7.45
5.02
62.57
11.84
88.82
47.94
15.42
29.35
45.17
30.13
15.29
91.71
42.43
13.00
40.97
69.40
12.37
92.62
66.32
18.46
34.84
21.54
88.92
18.44
28.77
43.03
30.30
68.17
16.14
18.51
4.89
98.21
98.18
22.96
66.37
32.84
42.19
25.56
51.64
11.42
11.61
40.32
48.12
59.70
99.49
49.63
53.75
63.24
4.43
68.48
16.87
93.13
17.76
11.17
8.62
40.65
13.84
24.85
27.25
19.16
21.31
30.17
79.15
98.80
79.44
24.34
54.72
72.34
68.27
96.10
75.95
94.66
65.71
18.36
84.73
89.80
66.87
14.49
31.91
44.60
72.19
23.97
40.50
44.74
85.89
14.09
21.72
5.98
37.81
17.14
71.06
82.38
63.56
3.05
35.32
22.94
22.36
33.08
44.04
63.03
16.88
19.66
34.67
28.27
92.69
7.55
4.88
80.00
77.14
36.46
26.10
43.47
52.20
92.94
23.84
46.15
19.49
9.90
9.75
96.46
70.53
26.20
75.56
15.18
69.70
11.01
23.07
24.96
84.28
75.99
29.59
1.01
15.64
84.63
16.83
10.10
2.39
70.99
11.84
47.02
23.65
45.06
29.68
100.10
5.66
56.75
43.15
27.36
76.55
23.48
69.27
87.34
78.81
16.61
5.81
49.01
99.64
11.56
68.73
31.01
74.90
61.29
2.51
39.48
8.30
35.40
26.52
65.19
18.55
8.62
87.79
92.40
5.20
98.14
12.65
92.64
7.70
88.93
87.45
54.06
48.19
91.08
28.84
81.13
26.41
51.32
78.03
17.07
91.06
45.89
24.39
88.22
17.82
44.76
60.46
67.31
5.67
72.39
27.50
28.81
89.59
57.15
55.35
25.63
53.71
37.20
70.76
26.46
85.75
44.42
80.03
76.73
30.98
49.56
15.09
73.57
18.67
23.84
87.36
43.59
14.76
100.50
46.43
26.27
61.26
18.94
96.97
58.19
17.74
41.27
43.21
74.17
5.50
56.18
26.77
41.06
78.87
4.41
4.11
55.55
53.49
8.76
67.69
81.52
82.27
36.45
86.68
15.30
30.25
9.15
52.41
9.93
2.35
73.22
6.29
29.71
95.08
23.93
12.11
49.16
49.23
99.08
22.85
57.02
53.25
54.42
54.77
24.02
78.83
97.94
83.16
5.76
49.25
21.22
20.74
11.72
64.86
72.96
17.27
67.21
5.06
57.40
15.37
60.82
35.50
7.17
18.15
76.39
23.04
8.92
1.82
6.69
65.67
3.50
64.58
71.05
61.39
92.77
98.63
33.98
1.83
88.89
82.72
68.53
80.62
96.27
88.40
1.64
47.00
80.91
12.55
28.10
11.67
27.87
69.59
70.42
12.06
12.19
28.15
26.70
56.56
70.62
40.88
15.98
93.36
95.89
92.31
92.50
55.44
76.58
41.14
4.44
12.28
59.76
47.99
73.21
24.48
85.21
43.37
15.05
2.36
38.16
3.95
79.32
32.55
27.36
14.98
3.92
7.62
88.04
25.19
68.25
65.66
70.25
99.94
8.64
81.04
90.57
6.61
7.84
2.52
58.73
88.64
15.32
69.29
93.66
11.52
4.04
27.00
3.79
37.26
34.42
20.78
78.53
27.25
12.48
47.14
44.11
47.32
28.29
47.86
73.52
57.81
37.28
17.29
33.48
83.88
18.03
21.27
57.86
6.12
13.79
94.40
1.23
26.31
20.63
3.50
2.02
65.57
10.88
48.24
42.97
45.19
60.96
86.83
8.84
33.23
57.09
76.48
69.24
13.55
84.56
2.30
8.08
17.29
69.53
75.38
78.15
38.06
23.90
56.68
96.40
21.48
72.68
9.07
13.58
18.24
93.09
12.60
52.30
45.08
26.10
55.99
2.83
65.79
25.31
1.22
19.56
87.75
25.24
66.26
30.68
11.83
32.50
90.55
31.78
54.61
66.39
73.12
14.26
42.08
52.42
35.35
60.84
98.36
46.35
4.54
69.79
96.67
79.49
38.09
12.57
72.38
37.01
48.86
47.93
4.28
4.50
14.75
1.81
16.31
39.25
76.07
20.81
63.86
5.95
37.64
68.39
8.07
11.76
85.31
71.65
99.05
3.83
93.84
34.12
97.50
17.59
25.03
8.34
72.71
56.08
99.28
6.91
57.15
51.83
77.83
18.03
34.00
66.61
94.39
2.71
59.47
31.67
90.15
51.88
97.87
40.50
84.77
70.00
86.41
27.49
83.71
89.28
35.62
97.07
18.80
99.86
66.96
24.09
11.76
59.88
36.38
34.77
20.86
87.72
68.74
6.00
35.45
34.33
62.56
64.54
1.80
25.38
100.53
72.99
34.35
72.94
37.93
90.47
95.55
89.31
2.65
17.97
9.37
25.95
29.63
80.57
13.02
25.32
42.19
13.76
2.89
74.87
1.18
12.29
60.69
63.40
46.93
45.21
11.24
93.23
93.40
86.82
70.21
45.90
27.07
16.24
3.78
80.53
59.33
28.92
66.69
35.06
40.24
70.17
44.92
60.30
37.80
93.75
74.02
6.12
73.67
17.09
78.16
12.93
4.16
48.72
9.72
42.99
63.46
53.06
8.65
100.25
53.48
23.80
27.51
24.03
24.79
97.02
90.53
80.35
16.23
58.30
11.07
71.95
14.61
64.32
25.33
7.78
40.37
5.50
15.49
10.80
71.56
30.16
14.31
81.16
88.92
33.57
92.04
19.21
32.82
51.06
11.11
80.76
3.99
95.22
62.44
47.85
11.35
16.55
28.26
53.26
86.31
27.52
8.62
37.68
83.94
7.87
71.78
75.97
41.09
48.05
56.54
19.30
88.73
31.60
1.98
78.86
67.21
47.40
9.47
30.06
56.85
15.61
60.63
52.26
18.95
56.52
24.51
33.76
91.80
58.57
19.95
89.28
70.76
4.15
38.45
81.28
93.73
73.86
2.45
92.32
50.29
10.77
21.73
12.17
10.07
37.98
11.79
42.09
57.37
72.54
96.99
52.58
97.07
5.69
51.51
24.45
89.62
20.27
68.68
26.48
13.89
17.08
20.87
98.24
49.68
85.26
46.72
24.75
76.87
90.20
32.46
93.40
74.13
1.73
41.06
98.28
18.55
93.05
72.96
99.11
1.22
65.39
50.36
36.78
57.72
1.20
64.33
43.79
92.41
17.75
100.00
26.74
85.08
24.01
17.19
26.77
54.33
31.23
68.08
73.76
81.28
78.09
18.51
90.95
69.97
75.42
33.02
14.85
29.10
61.53
39.32
25.67
91.81
1.06
70.77
60.96
30.39
9.26
59.65
4.30
37.96
54.31
67.34
8.20
55.51
10.79
75.06
24.41
67.20
59.58
97.95
6.97
14.56
58.27
14.30
5.87
46.37
32.71
66.17
55.07
16.39
7.68
34.00
78.97
1.06
28.76
37.18
87.13
66.37
47.24
84.25
9.08
60.42
54.04
14.31
55.92
7.35
85.20
29.92
66.75
66.61
78.88
81.88
86.69
27.03
44.71
15.11
6.55
18.44
3.93
42.17
68.14
25.45
16.68
77.07
63.73
69.05
71.76
17.03
50.26
87.34
70.41
81.91
8.79
72.85
70.45
28.33
55.56
93.16
54.49
3.46
4.59
37.43
99.45
98.48
3.56
28.68
61.68
13.16
70.50
41.80
38.12
51.20
76.22
88.67
73.25
2.53
4.51
42.41
99.75
55.53
68.97
19.30
16.63
93.34
46.22
11.79
48.11
46.94
21.14
97.50
36.20
25.02
8.57
88.08
78.00
14.89
4.22
72.24
60.59
69.99
50.46
6.27
3.03
5.81
85.15
70.46
27.72
41.35
7.31
18.99
56.49
58.66
62.56
86.33
33.95
100.87
73.29
9.65
33.33
13.09
22.64
19.97
85.77
27.19
58.45
78.14
89.98
20.62
80.60
42.43
86.19
88.71
35.94
97.54
68.19
34.72
1.41
5.62
96.01
21.43
81.01
20.16
4.45
82.53
33.98
16.82
36.07
83.77
89.43
33.07
18.84
58.23
30.72
2.88
96.56
77.86
26.15
63.06
40.27
21.35
35.96
66.69
65.74
24.77
53.26
80.16
49.51
16.74
87.49
16.31
65.87
39.99
15.93
18.46
35.56
71.67
31.47
81.90
63.87
35.24
58.58
44.52
71.44
91.55
72.01
20.56
16.79
3.53
3.44
60.20
24.77
100.53
1.91
87.50
36.76
92.16
3.94
14.55
64.68
63.78
34.17
56.69
46.03
8.15
22.23
37.65
32.77
3.78
42.30
40.05
23.83
100.81
36.81
57.70
76.64
27.69
29.15
90.05
4.97
27.63
46.54
99.71
96.55
19.35
66.05
51.65
19.35
57.20
26.30
23.01
50.09
76.25
60.58
51.31
27.76
89.34
57.60
52.71
53.13
78.93
26.73
92.47
4.97
67.58
44.69
65.15
21.72
42.10
57.73
60.39
85.16
25.92
3.86
73.69
16.63
55.18
61.27
31.72
99.16
27.81
50.82
13.00
60.87
76.93
69.53
84.42
12.59
60.92
33.46
62.10
55.43
41.05
73.31
17.00
34.28
36.61
50.28
55.28
12.70
43.33
24.73
78.70
8.65
5.05
15.97
42.36
86.22
35.44
31.79
4.57
16.77
8.88
72.46
53.86
9.25
77.12
9.08
55.30
56.91
97.21
91.82
15.52
89.52
11.81
54.28
44.91
21.26
88.94
3.11
95.37
84.99
90.02
42.38
24.09
47.67
79.33
60.21
44.85
86.83
48.39
22.51
62.13
50.66
46.88
6.02
66.15
98.52
93.54
11.01
50.59
10.41
14.14
28.45
69.19
34.67
62.97
14.84
84.14
85.67
91.84
27.90
3.90
65.10
29.29
61.97
63.05
73.98
49.32
89.16
99.16
12.46
60.03
61.97
11.35
89.55
85.26
3.11
10.93
6.04
48.33
63.06
71.97
5.32
52.26
41.98
47.51
16.57
10.13
56.19
85.31
57.53
9.55
58.49
22.86
53.57
13.71
80.04
77.10
24.96
12.55
9.12
63.77
20.49
24.82
51.71
46.57
4.71
9.04
62.83
38.82
55.56
24.47
25.97
53.11
28.78
66.05
12.48
81.46
24.26
91.30
63.22
86.43
4.73
3.27
3.93
73.15
25.04
1.27
49.16
62.80
20.51
35.81
56.99
86.75
42.34
47.34
76.92
77.13
5.34
27.92
21.12
40.96
44.93
10.35
99.49
25.79
61.16
62.32
39.89
70.14
59.25
5.27
66.07
40.53
50.10
75.81
54.68
99.15
100.56
10.77
5.57
4.07
18.47
55.18
51.07
56.68
11.21
92.94
95.76
72.08
83.21
37.82
6.04
87.33
73.74
72.14
73.30
26.07
10.08
6.41
43.96
46.93
86.43
11.65
33.95
88.03
82.01
71.56
76.44
68.79
2.93
38.78
86.15
44.51
86.93
3.71
29.54
40.98
51.35
60.11
50.06
15.50
95.68
86.96
37.85
99.14
4.96
36.79
3.80
32.76
76.42
43.71
8.92
41.01
17.07
20.10
53.66
56.67
43.77
14.92
71.67
56.55
18.30
14.97
28.43
70.43
76.53
56.03
22.71
58.30
44.12
25.08
10.00
78.83
54.98
65.20
28.93
21.10
58.67
92.06
92.66
12.01
15.93
33.47
83.51
60.47
19.58
1.12
51.05
61.59
71.92
61.18
7.35
32.74
17.64
74.47
25.91
55.52
48.14
56.06
25.38
78.48
34.23
52.57
74.05
76.23
83.60
31.65
56.18
32.19
45.98
75.80
25.26
72.72
66.94
4.27
8.60
36.90
70.35
30.63
24.90
60.61
2.54
45.61
97.95
74.26
7.58
40.86
55.81
60.82
100.56
44.68
24.51
22.55
68.16
57.38
69.01
53.85
41.93
42.40
16.31
24.15
79.77
86.63
87.59
28.07
88.73
81.62
17.23
53.12
58.27
45.33
30.03
43.57
92.68
45.09
94.74
98.45
51.89
15.52
68.27
34.73
15.17
32.06
71.54
35.09
66.49
15.12
77.68
100.58
100.62
67.44
15.15
50.67
91.65
28.66
49.34
61.67
12.41
60.33
6.92
15.43
63.26
59.72
49.55
70.73
98.90
5.78
41.18
84.60
5.36
77.57
69.47
68.36
83.54
97.63
65.43
11.84
68.47
6.82
11.19
64.98
85.18
1.41
33.76
33.59
14.98
66.74
53.13
16.80
62.38
76.79
22.71
36.72
83.95
21.40
22.57
34.31
71.03
15.45
100.54
7.83
52.24
22.27
21.56
84.85
35.22
62.44
14.26
27.45
15.17
2.01
53.60
38.33
14.42
80.56
17.65
73.63
1.83
15.85
25.29
51.78
73.29
92.04
18.77
25.71
48.42
11.07
33.51
41.61
41.48
58.81
17.54
66.77
40.13
67.32
31.98
50.02
9.95
44.47
45.95
80.08
38.65
64.92
28.04
71.59
34.34
38.08
21.46
50.39
78.37
51.74
20.46
39.97
62.34
81.04
41.40
70.00
3.49
42.59
61.16
14.93
25.20
17.55
67.46
38.96
1.42
46.55
2.56
89.40
74.69
31.02
8.27
91.41
55.79
75.95
2.91
30.75
56.53
4.13
47.35
39.30
72.51
10.97
66.25
86.72
56.96
15.72
84.45
53.03
97.69
79.87
46.56
91.64
2.76
14.94
7.02
80.78
76.51
43.89
97.40
98.91
17.37
6.33
58.08
61.99
91.48
20.94
57.98
96.87
2.84
67.43
17.32
67.01
30.90
80.19
1.60
67.80
94.84
64.95
78.56
64.79
98.33
3.00
25.15
41.09
9.60
71.22
12.78
89.12
18.30
4.05
19.61
51.10
53.11
68.55
72.11
43.59
55.40
18.86
18.27
55.29
49.98
24.39
34.81
39.04
18.90
34.51
93.81
90.97
23.90
39.21
18.86
18.81
19.07
97.49
22.29
75.38
19.07
20.55
25.79
22.78
15.32
77.19
28.31
44.31
90.30
68.16
19.25
11.50
48.26
38.74
20.20
17.14
40.28
85.32
6.15
84.43
58.98
26.81
10.78
34.39
2.29
45.95
20.29
79.81
47.67
71.26
74.70
93.93
14.77
21.74
79.23
36.40
13.28
18.91
100.22
8.84
36.87
14.20
88.20
92.17
17.19
65.78
28.47
25.53
98.61
2.14
19.08
11.10
64.67
15.42
21.09
8.22
53.77
6.52
62.31
36.03
1.34
3.75
75.10
83.55
62.87
75.18
26.15
35.81
21.20
73.30
23.42
34.70
94.01
23.40
49.14
63.31
66.42
62.95
80.78
10.96
87.78
23.74
81.21
95.12
23.56
74.81
32.32
65.33
1.63
66.92
44.19
54.59
32.96
69.13
89.17
46.08
67.45
5.92
56.39
50.39
77.56
6.83
69.68
9.97
45.49
71.03
47.42
81.47
8.20
26.31
98.48
18.93
25.46
23.63
47.67
46.82
41.98
74.18
97.37
90.62
34.75
70.12
2.00
26.12
80.20
57.71
38.59
98.40
42.82
80.58
51.96
16.04
94.93
2.15
28.34
27.05
85.30
84.69
65.19
71.36
67.24
29.73
3.57
54.65
67.26
33.90
55.00
100.04
11.04
71.22
25.11
67.03
79.92
45.31
19.36
20.15
16.42
9.89
1.05
89.38
13.55
7.42
14.68
36.85
49.23
19.64
27.81
93.37
17.69
78.22
32.15
19.63
31.63
35.50
29.40
21.40
6.70
94.29
87.30
84.46
2.19
84.40
80.42
54.17
46.51
46.33
61.30
2.05
72.12
26.88
10.21
10.64
59.08
63.96
83.21
23.46
73.49
25.16
69.46
59.10
84.82
17.79
59.41
25.72
63.53
83.72
82.31
99.10
19.85
75.46
93.11
36.32
27.02
82.28
56.50
37.39
26.43
23.98
95.74
16.03
68.80
42.99
17.36
68.80
52.12
80.02
16.02
37.70
19.48
17.67
82.95
34.09
56.04
11.15
60.97
23.31
26.85
75.26
69.25
38.07
93.04
28.04
13.17
43.05
32.82
66.54
47.19
78.71
77.21
70.67
72.04
29.88
57.42
70.31
40.51
2.51
20.27
99.38
36.06
37.27
13.03
84.59
81.66
43.20
93.99
35.35
4.59
24.96
76.56
61.09
80.86
48.30
22.82
44.28
52.67
87.95
40.95
99.67
30.01
10.51
11.24
20.39
14.76
45.59
7.67
81.70
98.29
20.81
29.06
7.39
58.47
58.71
26.39
8.10
79.57
70.99
16.21
36.70
88.59
56.02
97.05
8.32
63.78
82.52
88.32
58.01
36.65
33.16
2.20
49.58
83.12
52.56
6.53
31.79
57.58
77.95
7.94
27.82
54.61
64.73
26.57
14.06
90.52
17.47
50.51
86.52
19.02
44.76
5.79
30.80
65.05
31.46
63.77
6.47
65.30
25.45
34.26
100.03
82.30
64.37
58.42
89.64
40.68
11.98
68.28
5.10
54.02
76.01
3.76
47.78
40.13
18.05
71.11
70.98
76.29
69.47
33.48
23.59
26.00
79.13
28.44
30.21
33.57
6.72
81.59
61.22
61.00
4.53
87.91
70.43
15.96
73.81
25.52
26.31
37.49
55.57
22.64
37.52
22.08
40.01
4.01
58.47
58.44
51.87
58.93
26.71
35.06
60.22
86.74
56.21
99.46
48.43
4.70
16.78
13.59
99.16
74.12
56.02
54.81
62.24
59.11
66.24
11.46
21.90
93.51
71.53
92.04
20.53
67.62
40.17
27.28
38.35
47.00
82.20
13.77
24.68
68.82
26.77
95.23
75.74
51.16
71.33
94.38
69.70
48.41
58.58
6.00
11.26
11.35
79.74
34.33
73.05
23.31
98.42
7.12
75.58
26.46
25.70
23.43
3.73
49.85
4.18
44.27
1.34
89.78
2.09
66.38
82.32
17.51
75.25
77.36
80.89
14.02
72.08
21.71
19.66
55.98
31.38
59.18
62.77
65.05
54.38
60.13
54.17
10.83
2.57
33.42
25.35
79.50
83.92
79.11
89.42
43.18
51.54
39.83
99.80
63.46
6.71
87.86
85.67
4.28
83.90
21.85
19.44
53.66
11.65
65.37
17.75
6.37
24.84
41.38
13.95
25.70
62.75
76.43
10.17
89.90
55.90
40.69
85.19
37.18
12.85
34.85
49.21
59.36
11.93
28.29
11.07
45.57
17.72
39.73
10.64
38.64
23.05
33.58
3.31
77.81
4.04
48.32
43.08
88.77
14.90
57.65
3.90
57.85
37.72
28.13
32.94
39.01
32.56
60.67
47.98
2.79
73.85
77.75
97.39
92.72
73.60
5.42
36.04
87.71
62.27
77.91
65.16
40.35
43.01
9.59
6.34
68.34
96.37
38.80
89.83
57.99
12.84
77.49
95.27
27.83
28.33
16.09
57.15
19.19
48.31
28.01
57.82
9.05
44.42
12.55
7.99
75.50
77.10
69.84
54.47
15.55
100.57
48.24
27.56
67.10
8.02
83.73
15.16
98.11
13.53
61.05
11.82
23.70
88.48
17.96
57.25
65.31
78.35
69.53
49.43
57.09
15.88
86.47
9.97
24.35
52.18
83.00
97.72
22.49
4.59
1.65
41.96
73.49
98.32
7.93
35.81
59.13
96.24
65.02
6.03
69.44
13.51
67.63
5.62
33.51
80.96
5.21
27.22
57.10
75.37
45.96
91.45
6.55
89.58
71.98
95.57
1.90
13.21
5.81
87.61
86.41
35.20
56.12
52.98
80.02
26.63
70.16
15.30
39.23
93.52
43.96
40.29
75.70
42.80
94.79
55.14
17.57
54.03
12.91
49.08
8.71
57.07
31.22
79.94
14.68
48.37
40.28
12.28
85.93
93.65
26.04
69.11
2.56
34.28
97.64
93.22
27.70
72.78
93.42
34.10
23.49
16.57
86.21
96.59
12.01
42.58
51.71
31.68
16.29
40.74
6.92
90.29
44.39
21.94
67.14
26.66
11.16
85.14
11.63
53.63
67.09
20.48
72.40
21.02
71.79
74.87
82.79
19.56
83.16
18.78
75.24
92.28
55.19
62.11
94.27
66.37
19.88
25.59
31.28
21.54
7.99
15.72
34.51
41.79
45.50
73.88
96.22
75.37
52.89
17.40
70.73
92.01
37.78
81.45
74.25
37.18
22.21
60.90
15.64
84.72
31.77
90.46
58.40
32.65
15.51
68.47
35.08
47.62
42.60
71.59
99.35
43.05
81.22
95.21
45.84
28.78
29.07
22.28
44.61
12.54
45.36
76.59
22.16
78.72
36.79
14.41
89.27
43.42
19.79
76.27
9.39
75.66
32.97
8.38
97.07
13.05
23.60
87.88
23.14
17.24
14.48
4.16
5.42
12.61
7.11
75.46
27.87
16.96
96.95
37.27
39.11
39.71
21.32
18.80
34.95
5.50
49.32
90.31
3.46
35.99
96.16
18.85
97.08
19.81
20.27
9.27
18.38
95.64
25.76
24.90
9.72
92.57
43.93
24.68
27.35
78.62
67.01
11.25
59.72
50.87
14.33
66.79
62.52
18.06
23.70
41.70
42.62
53.72
34.66
40.91
14.18
43.14
10.10
83.41
3.91
6.55
45.91
35.28
77.76
40.66
89.28
98.01
38.26
52.90
68.78
39.95
98.97
76.83
52.53
82.05
84.99
81.65
75.86
19.55
70.61
23.84
33.41
12.25
26.21
17.54
26.17
31.09
64.07
63.49
13.70
34.05
47.24
65.70
91.58
34.01
42.00
68.02
8.63
50.34
72.03
45.67
62.56
17.55
99.39
58.06
93.18
36.55
11.76
28.56
67.21
82.03
30.48
92.97
13.87
22.06
48.19
53.04
75.92
75.82
24.10
100.00
58.55
4.12
81.23
33.67
30.00
58.51
50.88
85.01
16.22
38.92
83.45
24.87
83.59
2.86
46.79
15.81
1.05
92.77
23.31
89.76
75.83
1.52
9.90
4.09
38.76
21.27
1.62
56.78
10.08
50.85
4.25
26.05
89.53
68.58
79.89
98.06
35.64
22.61
100.15
13.95
54.68
45.44
92.43
40.36
81.22
2.03
32.28
75.61
26.13
37.98
12.05
14.63
63.24
30.73
4.96
23.19
19.70
95.43
5.61
31.87
28.88
92.74
32.13
2.34
61.78
27.04
81.68
69.98
29.39
45.59
86.21
36.84
49.22
93.17
83.38
20.84
51.21
98.99
2.98
78.02
73.31
28.74
62.52
3.72
9.67
83.19
95.40
3.64
50.82
33.23
82.17
32.64
6.65
88.14
19.03
49.29
12.95
93.01
72.61
11.77
78.52
52.17
89.14
78.40
18.31
74.67
5.16
18.56
18.78
66.13
34.33
78.64
13.07
18.58
51.45
81.10
69.44
22.48
78.59
13.84
64.22
3.41
62.40
64.61
8.75
84.48
32.21
30.00
90.99
32.34
20.13
64.61
24.40
27.88
61.98
50.70
52.28
79.46
81.86
36.96
72.46
25.93
57.77
92.74
98.44
2.61
47.73
49.74
70.96
73.02
18.62
9.55
46.86
16.28
24.95
29.14
29.97
62.32
39.61
67.28
54.04
24.77
39.18
37.87
54.78
35.99
96.81
25.52
90.09
38.67
63.64
58.36
57.96
33.99
77.70
78.33
92.71
17.55
12.38
36.12
89.03
92.33
52.52
6.21
51.30
51.44
85.26
34.15
11.52
7.67
65.13
98.96
70.50
91.68
64.58
47.47
31.51
100.59
75.63
17.32
70.21
52.69
31.22
88.59
11.98
62.08
9.88
53.09
41.71
52.45
43.26
17.92
44.84
43.35
45.64
61.98
40.33
57.78
50.94
83.39
13.31
11.96
33.35
50.26
19.02
6.75
12.55
88.20
90.51
23.51
47.16
27.95
24.41
46.56
2.13
84.71
45.32
48.99
70.71
77.42
84.57
37.94
85.71
24.01
61.36
94.50
19.36
22.37
3.95
53.45
21.73
59.51
24.70
27.43
24.82
61.40
88.48
57.56
74.55
23.04
86.41
39.71
33.08
46.61
39.32
86.93
2.99
99.58
42.87
5.05
4.92
43.72
87.60
18.58
21.91
34.49
80.27
2.65
23.35
20.27
80.81
53.57
17.25
24.03
98.43
11.77
3.78
32.31
5.67
28.69
78.81
93.81
75.62
72.63
83.40
49.85
11.83
54.35
63.34
20.33
63.59
35.28
85.53
87.10
55.05
91.26
53.85
52.94
17.32
47.09
7.93
3.60
53.71
14.87
38.52
78.95
44.32
100.41
79.74
33.31
52.28
73.97
45.73
21.24
5.57
95.80
4.10
1.61
4.41
9.38
49.48
57.60
85.15
88.58
13.91
30.06
1.40
94.45
20.33
61.85
34.67
95.57
7.09
7.64
81.76
91.02
17.16
88.19
63.25
17.27
18.24
39.04
47.90
16.53
15.55
21.89
80.83
15.85
1.84
8.51
34.43
71.15
64.55
90.18
31.64
8.55
75.11
10.10
79.04
8.23
35.35
39.54
96.25
48.97
55.49
55.02
95.93
77.30
38.51
11.50
57.87
91.71
96.15
94.53
22.38
21.08
65.30
18.88
96.99
44.86
66.92
64.56
57.17
38.77
59.18
58.81
84.25
54.93
54.79
96.75
67.58
37.32
66.67
98.56
57.02
85.93
71.44
55.76
92.77
65.96
35.47
32.18
77.22
30.86
35.63
4.52
15.80
76.98
64.20
3.48
96.06
83.40
90.32
23.43
82.78
25.28
76.16
72.35
59.87
92.94
66.97
29.93
12.21
28.05
84.93
19.65
1.37
18.22
18.55
34.88
6.77
18.51
5.39
12.37
16.73
30.31
14.84
61.07
78.47
15.19
1.28
73.55
49.48
82.10
18.98
26.18
14.71
13.01
67.43
18.57
32.49
65.54
53.95
36.91
23.74
96.01
97.57
62.39
4.75
18.39
27.12
32.47
54.96
38.07
65.47
93.12
18.24
63.43
95.63
98.99
43.27
63.64
2.39
50.43
47.40
80.08
28.20
84.24
83.59
53.55
32.42
8.75
67.16
76.47
14.07
76.99
12.48
26.09
48.83
9.91
72.03
9.09
89.72
48.29
64.63
80.09
69.71
11.31
25.37
36.68
85.10
85.08
8.69
64.16
13.19
34.37
26.39
38.87
66.21
68.72
13.35
95.46
35.05
33.04
30.68
62.63
73.96
79.83
26.68
100.12
58.15
51.89
99.14
73.75
93.31
24.81
17.94
58.55
91.95
27.33
28.10
62.01
1.74
56.53
28.09
10.92
71.53
21.44
97.08
63.82
47.96
10.43
55.10
56.58
31.40
32.82
36.24
38.65
88.58
34.80
7.85
41.54
81.77
46.16
11.44
56.61
70.14
36.53
18.00
39.80
42.83
8.15
62.83
12.11
92.36
82.56
92.74
84.30
52.05
86.62
16.52
10.37
78.35
55.21
25.57
96.36
69.71
17.59
71.12
79.98
68.89
46.30
24.72
98.43
40.42
57.14
53.00
79.67
8.43
100.63
22.82
31.73
80.51
71.94
12.37
37.48
76.70
75.07
76.49
17.04
21.56
56.05
15.82
39.40
1.29
19.29
24.03
98.87
62.70
58.80
13.66
39.81
26.49
6.08
28.57
5.12
74.64
45.05
14.30
70.38
52.43
21.68
17.59
39.24
27.63
5.00
88.95
49.39
58.21
5.67
18.77
55.78
22.04
79.43
27.87
100.28
61.34
95.57
87.69
34.44
15.26
96.05
99.27
87.50
1.30
93.28
91.63
48.24
17.17
76.70
59.92
16.97
19.35
19.28
63.84
8.80
43.63
27.89
40.50
64.56
96.34
16.36
86.23
44.10
21.59
57.62
48.90
92.44
31.38
74.99
8.63
53.37
96.73
47.82
82.14
87.13
44.60
2.04
85.67
28.35
9.83
14.73
28.47
13.12
37.74
72.71
94.92
83.85
35.47
84.71
99.74
5.16
23.48
25.77
38.79
22.58
18.83
70.38
4.60
76.13
84.94
80.52
72.20
92.24
96.32
28.42
35.13
91.27
52.95
13.89
48.04
70.66
25.04
100.66
5.02
57.96
36.79
76.28
9.80
49.44
74.60
15.37
90.42
26.46
28.02
22.96
91.24
18.02
21.54
21.01
39.37
44.69
6.88
50.16
90.97
84.57
67.71
14.11
32.88
13.27
78.91
97.71
26.35
41.96
33.58
27.21
20.99
11.39
46.36
11.69
17.67
87.56
69.24
66.34
82.71
16.86
82.06
11.99
68.63
37.20
29.63
36.29
27.04
96.95
55.05
64.63
15.41
60.83
56.75
66.23
51.80
16.58
31.04
65.10
23.07
50.65
36.83
55.25
9.58
11.12
79.96
3.32
10.30
49.49
2.85
7.63
76.20
97.88
30.63
84.31
33.91
100.86
62.85
21.92
4.82
37.12
70.97
8.97
6.25
93.10
73.74
63.43
3.97
97.74
73.91
31.97
61.65
29.77
72.94
35.27
22.72
55.60
51.75
7.58
17.37
55.80
67.97
88.12
89.22
68.81
74.77
63.36
60.28
71.31
77.78
7.08
11.66
30.26
41.45
38.61
62.12
50.42
76.54
97.15
13.94
14.14
45.02
40.01
65.05
81.65
44.55
30.55
86.40
48.77
59.56
23.59
51.11
96.32
77.02
24.84
58.81
89.72
43.84
70.66
3.52
63.20
23.13
27.54
15.97
19.16
19.99
96.36
36.55
43.43
4.42
65.38
14.28
28.55
37.90
7.54
94.14
50.21
74.14
10.93
73.04
27.66
74.21
10.14
89.37
30.17
6.86
41.41
23.76
26.14
23.20
4.36
29.61
5.08
67.46
87.21
21.82
7.42
77.73
84.70
48.66
79.74
71.85
17.34
22.34
9.23
2.08
95.60
47.73
48.63
20.99
25.12
29.09
7.08
22.49
41.09
37.18
85.76
54.23
12.61
24.63
76.70
98.85
16.08
42.47
94.79
16.13
68.91
62.74
76.41
69.45
48.83
100.12
8.55
2.45
25.73
46.53
57.53
43.07
80.27
7.17
14.77
91.90
62.34
75.13
62.62
14.89
5.30
65.19
88.44
52.64
36.77
93.03
17.80
12.79
78.68
28.59
27.14
22.02
6.62
18.65
95.96
78.29
21.30
75.17
3.68
22.69
14.48
69.32
7.93
11.66
24.99
19.43
72.70
2.79
1.37
50.44
3.00
7.15
6.70
54.28
5.17
27.77
91.09
6.96
14.32
63.02
90.81
12.37
66.19
47.13
85.55
71.22
85.99
43.35
94.37
95.99
80.59
85.13
86.39
47.28
100.35
70.03
8.23
3.30
26.50
17.10
33.82
68.38
42.38
38.72
25.85
40.20
72.20
25.14
20.93
1.53
36.59
20.50
10.79
73.08
45.32
100.98
42.10
65.49
27.22
4.41
75.30
22.63
96.31
17.53
40.09
55.69
80.16
8.65
12.80
81.59
11.14
62.75
13.21
16.38
100.37
5.04
24.42
51.99
22.71
82.43
33.57
47.55
32.68
39.87
84.29
55.61
67.17
29.89
8.51
75.95
5.82
29.54
14.10
70.08
4.85
67.49
53.12
71.58
81.20
90.96
47.26
93.57
96.93
59.82
33.54
55.96
57.36
2.20
85.39
73.58
59.21
18.76
4.44
72.93
11.48
4.10
44.37
87.39
3.65
100.03
51.26
23.48
96.43
70.50
65.09
18.88
84.84
91.73
54.18
18.39
59.69
19.43
24.49
27.18
12.76
92.88
23.04
67.37
43.83
82.26
89.78
99.13
25.75
83.81
60.19
24.32
14.97
24.45
39.09
33.79
95.96
42.02
4.98
3.04
68.39
79.69
8.35
76.79
1.16
66.81
95.52
65.97
88.05
14.16
27.77
25.19
84.45
10.95
5.80
4.93
6.43
70.27
6.00
5.35
91.07
8.70
6.34
22.44
35.25
40.54
31.58
15.04
54.58
6.36
83.20
55.97
7.24
37.83
72.91
17.18
15.65
33.77
8.26
58.24
16.43
34.26
44.69
40.66
7.14
10.61
57.11
24.71
69.55
30.32
62.13
89.93
37.80
44.39
71.93
6.72
80.56
20.27
44.64
16.99
14.64
24.95
50.64
42.38
3.93
81.64
13.59
79.01
87.12
53.49
19.36
13.20
100.44
11.81
33.27
36.87
72.91
52.88
3.42
18.48
35.35
71.76
28.97
22.38
73.22
6.33
37.20
46.04
36.88
15.26
88.42
80.35
69.81
60.29
23.22
51.77
54.86
76.16
89.49
73.07
43.64
23.66
62.33
67.56
28.78
7.22
38.85
15.01
15.42
35.62
77.80
18.15
22.16
87.62
64.67
65.51
18.54
57.46
5.90
100.34
95.67
22.38
43.50
11.46
93.77
56.28
12.70
92.39
89.56
87.07
2.46
31.13
82.57
61.78
66.55
59.80
78.67
64.55
94.15
3.49
93.01
4.17
53.76
63.65
70.69
99.28
59.41
92.36
19.59
42.19
16.04
3.59
9.16
49.86
94.74
99.17
1.81
76.70
92.75
46.55
70.66
36.05
41.69
67.50
42.88
77.55
67.92
47.13
49.71
28.53
91.59
23.99
50.24
13.03
11.37
24.33
10.14
1.05
1.41
3.16
63.81
52.45
18.42
19.26
7.36
34.28
97.43
42.62
50.79
77.46
49.86
15.29
38.57
28.47
11.44
51.39
60.48
17.43
70.53
60.83
2.29
44.52
93.96
8.42
83.97
91.87
9.60
88.28
75.16
26.29
83.24
19.11
35.61
99.98
53.44
46.45
81.06
85.15
38.85
51.17
94.58
51.27
4.76
29.11
22.15
42.63
3.29
72.95
40.57
47.76
85.02
33.93
29.93
96.93
96.05
43.58
5.02
7.17
75.57
73.02
33.49
81.32
67.86
16.31
60.98
5.68
74.30
69.08
98.82
23.35
76.68
16.73
28.59
10.71
73.98
37.18
28.06
12.87
68.53
94.19
57.64
54.68
45.54
90.51
59.27
60.06
7.71
54.20
21.14
89.89
15.28
14.78
30.68
73.09
77.90
25.69
35.20
82.58
68.43
34.44
17.68
15.04
100.59
96.83
100.60
15.85
80.67
35.13
40.70
1.81
73.48
25.75
83.12
5.81
37.47
56.43
94.72
2.65
81.50
75.24
9.38
90.83
13.61
40.84
73.02
47.63
23.37
26.88
5.88
18.91
74.49
19.25
72.45
93.10
43.00
31.55
44.60
52.85
16.10
92.62
88.29
100.43
27.18
50.10
2.37
71.62
25.03
3.91
73.79
83.32
1.98
51.89
71.41
25.27
6.63
90.98
99.97
68.51
57.00
71.30
51.49
56.69
99.26
91.26
3.36
80.33
95.97
43.52
91.56
66.11
5.78
81.09
21.49
55.67
98.35
70.68
25.40
4.03
40.63
79.27
22.48
72.09
96.42
11.92
67.47
28.33
70.91
12.94
1.04
10.70
91.17
75.99
58.19
13.11
83.79
19.99
83.78
38.57
94.31
93.30
69.38
53.79
43.40
35.35
51.74
15.15
43.06
73.51
31.48
2.47
23.23
75.24
89.19
67.27
24.12
48.68
10.12
44.25
72.61
83.92
9.59
77.48
25.65
95.92
98.38
69.85
37.28
49.06
75.54
2.62
4.82
51.70
47.61
89.26
29.20
47.32
68.22
10.14
32.45
99.44
13.81
58.56
90.66
3.26
10.81
23.17
42.42
10.42
81.21
64.79
46.05
55.21
81.39
45.09
75.23
13.25
41.43
73.07
3.16
68.44
35.20
90.97
37.01
99.76
65.02
54.98
59.26
27.63
76.31
72.56
24.98
27.30
45.59
73.01
1.26
31.88
1.98
39.41
13.01
83.30
4.17
73.87
76.75
24.48
5.31
1.14
69.77
31.09
25.97
61.09
20.72
86.88
90.84
95.04
87.78
1.07
57.39
80.96
36.21
5.65
76.08
62.64
66.49
1.47
30.91
21.75
75.25
93.02
65.80
26.94
40.29
63.71
71.72
19.90
1.42
8.14
3.36
33.85
98.77
79.76
15.29
92.07
52.77
42.52
37.59
89.97
69.03
84.84
29.75
6.33
30.87
40.17
11.46
96.64
17.88
21.23
81.52
17.48
1.04
20.37
55.49
52.72
16.01
30.61
1.23
88.06
35.68
24.35
58.32
59.80
66.80
27.52
31.22
33.29
68.65
64.56
14.40
51.50
80.05
7.47
56.42
73.07
48.26
8.72
76.44
19.11
55.06
96.11
95.43
65.09
45.91
49.37
85.04
28.99
46.99
100.89
51.65
11.08
90.95
37.66
30.77
23.85
65.78
25.14
3.28
27.23
33.56
83.97
37.99
66.77
52.12
18.63
53.33
76.95
61.59
90.58
98.14
75.25
13.62
18.19
67.58
61.62
28.34
78.82
73.90
7.03
27.37
1.67
23.54
86.17
29.88
14.40
14.39
54.58
30.35
61.37
91.87
25.50
63.92
78.11
2.85
40.48
42.28
95.20
33.35
88.94
50.62
56.06
36.80
21.63
16.53
72.82
89.91
40.91
62.64
9.26
74.61
55.72
83.32
42.62
14.43
2.68
49.34
84.24
35.96
53.49
27.14
35.15
37.40
99.52
82.68
70.73
19.61
88.73
84.20
7.35
6.32
16.79
18.63
77.24
58.11
60.07
57.15
72.56
40.58
12.01
97.39
70.72
72.88
55.31
39.08
43.67
91.11
42.12
59.03
33.99
27.74
78.12
65.53
55.68
21.86
12.91
80.95
15.04
48.99
55.91
54.29
7.80
23.69
88.09
92.41
72.61
88.54
76.10
33.16
95.59
5.41
65.38
49.29
28.86
4.44
42.02
78.57
90.34
17.34
22.83
2.85
41.48
27.40
14.30
14.54
14.73
68.85
66.05
28.74
99.91
12.51
87.05
43.99
4.14
78.49
94.94
5.33
34.73
4.66
11.24
12.63
2.61
1.14
66.72
41.63
6.49
48.91
25.06
45.38
23.02
98.49
10.64
75.94
14.00
5.75
31.55
58.26
14.30
26.62
6.88
74.93
71.35
81.78
10.89
32.10
69.58
88.40
66.21
58.91
30.23
99.17
7.66
95.66
36.90
52.17
18.49
21.21
45.12
8.28
69.64
25.85
92.35
9.19
80.51
69.24
22.19
22.06
44.67
95.80
21.98
29.64
47.78
64.23
21.76
44.56
29.10
84.78
87.55
40.38
33.66
88.91
44.48
14.89
8.14
25.03
35.03
13.76
15.35
30.66
60.35
73.03
69.26
93.64
59.22
21.04
82.59
52.59
66.12
85.69
7.50
85.98
60.26
20.07
37.97
20.26
62.25
66.35
27.04
55.55
96.38
63.00
82.81
99.25
9.24
27.74
66.86
30.91
33.07
21.21
16.41
74.56
86.52
56.05
73.46
82.12
22.43
19.56
76.18
47.05
92.28
11.44
19.16
30.30
61.85
70.96
74.16
90.12
5.70
18.13
18.39
12.96
27.66
54.09
2.06
72.72
13.38
46.74
10.92
58.50
60.40
51.40
100.62
70.25
59.69
14.05
60.06
95.04
91.01
70.28
40.39
97.16
21.22
2.60
34.77
89.98
25.08
7.66
17.54
99.82
11.40
59.33
45.15
40.62
67.88
36.14
33.57
71.02
81.46
14.07
23.46
84.99
28.91
50.47
39.12
97.02
62.34
81.51
35.24
68.18
56.57
24.95
18.83
98.70
64.55
12.52
65.45
13.56
47.78
24.81
93.81
71.20
57.35
71.79
49.97
54.13
86.08
73.22
50.06
51.65
67.49
77.32
71.27
85.68
60.78
6.20
12.14
2.31
51.04
43.00
33.47
80.00
93.26
4.62
2.60
26.29
18.66
10.73
78.32
20.00
48.76
30.97
48.48
32.66
23.30
25.84
59.15
11.81
44.57
43.33
5.69
23.34
99.55
17.22
38.74
12.47
88.41
3.30
2.80
12.43
28.74
26.90
17.54
41.00
68.53
27.28
64.27
78.10
87.96
89.13
13.46
4.92
29.38
14.71
63.87
36.12
90.78
97.23
27.34
87.02
32.88
4.47
46.78
1.37
96.75
19.92
49.33
15.37
26.75
23.46
47.98
4.92
44.82
56.36
6.27
4.36
77.02
7.89
23.92
75.80
61.64
100.47
66.96
89.67
45.87
95.46
42.14
57.01
4.66
22.53
9.82
12.79
6.12
73.21
39.50
41.49
7.66
4.70
27.11
4.06
56.37
89.94
87.44
8.48
22.69
25.99
46.77
66.00
78.96
3.01
21.48
19.97
19.96
30.56
18.56
99.92
20.08
72.67
49.93
49.66
11.59
60.68
17.88
64.89
1.98
46.10
42.15
89.08
99.55
23.97
24.48
3.26
12.71
95.33
42.38
75.36
32.21
97.49
14.48
26.18
17.15
38.49
50.61
62.35
17.21
26.06
93.32
4.08
28.72
15.05
1.40
91.91
59.97
14.50
18.78
23.40
96.05
33.62
49.86
74.60
13.79
7.88
49.84
42.00
41.44
1.44
9.21
36.68
44.98
48.69
13.16
27.85
44.64
9.44
63.24
78.23
54.13
28.32
27.62
30.23
69.48
77.56
64.48
12.80
16.91
9.19
80.46
66.48
91.14
15.54
77.60
18.14
38.13
75.07
84.55
2.77
81.52
94.77
21.11
19.40
51.32
62.88
74.89
1.32
24.71
80.26
37.38
94.09
60.88
50.22
86.20
49.17
11.87
67.48
37.63
20.25
68.25
30.73
99.14
31.97
11.01
40.89
4.79
7.94
62.10
94.26
21.33
17.01
71.45
48.03
48.09
29.35
87.93
28.76
15.43
19.64
30.87
12.32
53.89
15.29
30.97
27.04
79.04
91.37
91.02
33.70
100.78
18.01
29.29
25.94
27.08
45.06
6.61
55.67
3.05
83.43
38.58
22.66
25.86
41.92
15.28
86.26
63.03
51.27
93.32
68.20
51.18
60.17
74.57
63.93
2.79
15.34
87.37
27.19
82.88
2.36
7.64
94.37
81.38
88.73
34.00
91.69
44.83
18.32
66.82
75.17
63.81
62.95
5.24
22.90
75.19
11.34
27.36
48.43
47.94
65.70
52.35
36.13
99.19
70.66
22.13
51.97
66.23
29.70
44.08
7.55
19.71
42.71
89.67
64.61
15.97
38.57
18.17
85.67
16.63
79.36
18.46
83.94
15.30
60.64
63.13
7.70
91.62
29.51
4.54
98.13
49.28
32.09
68.63
65.29
60.16
86.25
77.78
1.01
73.89
61.95
44.53
75.06
39.85
4.95
2.92
1.15
16.33
80.25
36.26
98.67
24.32
70.79
43.18
80.46
50.26
24.91
15.04
33.63
81.16
88.02
9.33
85.20
33.39
5.72
75.19
76.87
63.14
1.72
56.00
21.83
92.24
66.90
78.56
69.82
4.98
52.07
23.49
57.66
31.00
22.33
16.83
26.93
88.77
22.64
88.29
43.22
36.60
44.64
37.86
79.64
78.14
65.84
31.39
11.81
58.74
76.10
96.11
69.83
37.82
82.28
9.20
22.22
24.58
50.55
54.74
92.70
22.06
6.70
37.70
29.42
73.04
69.20
34.85
72.14
31.52
96.90
28.25
36.92
23.68
42.95
99.50
85.49
45.18
56.97
26.00
49.39
75.96
73.25
57.25
48.58
97.54
97.45
16.98
79.19
49.38
70.09
55.71
22.35
9.41
6.51
69.78
8.68
75.32
14.88
39.36
69.08
2.41
53.64
58.50
23.27
8.38
11.11
97.33
24.07
100.94
87.41
31.01
10.98
44.83
89.07
58.51
5.99
28.64
59.47
79.89
66.76
9.60
61.62
65.86
98.20
85.99
48.87
26.54
56.95
62.88
38.47
25.79
13.38
79.58
84.95
1.69
60.88
52.06
2.34
47.43
46.01
37.00
81.24
49.86
51.23
100.30
55.97
18.53
85.02
1.11
23.30
98.02
72.84
57.32
84.72
60.64
37.45
71.40
73.86
69.66
5.03
97.55
8.70
91.34
50.69
97.20
97.95
18.38
50.01
8.24
54.94
67.63
62.75
56.34
66.85
13.18
77.08
14.13
40.59
2.36
61.76
13.26
20.53
64.72
10.00
19.83
94.84
44.92
18.10
68.92
8.92
81.77
25.32
88.71
7.09
24.27
15.19
90.07
87.12
51.68
60.17
22.60
24.52
94.49
18.86
62.55
43.05
17.22
9.44
77.92
5.40
4.47
100.76
19.43
8.53
28.24
32.38
33.51
81.66
14.63
23.60
10.15
13.49
45.03
14.87
54.83
4.75
14.55
18.79
4.35
61.98
10.31
57.84
77.63
79.47
38.67
64.33
87.55
40.64
40.77
66.12
20.07
36.42
10.40
16.66
19.21
76.66
74.74
91.12
9.97
3.01
95.13
70.50
27.34
45.08
62.57
12.31
61.91
13.29
98.61
6.53
3.81
47.08
30.21
51.11
3.31
22.45
57.18
26.92
19.26
60.82
100.56
6.58
61.14
53.87
79.72
84.90
23.56
1.64
100.61
6.62
97.61
50.99
2.81
53.12
8.71
20.91
37.03
25.57
12.75
23.20
14.59
56.58
91.23
98.99
40.55
45.01
94.13
24.24
8.85
50.56
18.55
9.11
95.87
87.21
41.53
18.48
1.49
58.69
71.76
2.91
12.49
13.18
53.96
58.14
83.51
54.27
98.52
17.84
64.32
59.52
85.36
48.46
64.01
80.21
14.71
16.99
53.12
13.87
9.06
89.90
43.50
1.55
57.68
61.42
36.21
33.69
66.12
52.89
100.43
52.02
31.41
31.90
71.92
25.14
67.08
18.95
46.45
34.50
41.63
27.80
22.93
60.64
11.48
9.63
5.52
94.14
61.35
87.72
62.22
73.59
99.20
20.29
40.41
7.03
9.53
81.05
41.34
40.99
4.27
20.22
58.38
12.02
70.75
10.46
33.67
43.06
6.51
68.38
85.60
87.49
38.94
57.74
46.21
72.37
70.40
23.13
16.48
92.86
63.57
85.18
72.41
64.75
80.17
67.49
69.91
54.92
2.96
90.94
68.95
1.02
72.87
90.14
75.88
63.56
69.38
20.11
7.45
64.44
33.91
47.95
30.67
40.05
19.63
29.68
60.81
79.76
88.92
84.23
20.64
59.32
37.43
26.08
26.18
69.50
15.07
34.80
31.76
10.89
39.82
29.10
59.28
19.63
70.22
83.55
27.60
92.32
24.50
29.73
68.51
56.10
30.82
50.38
68.43
24.41
13.56
25.28
48.25
64.80
47.61
11.72
43.53
9.60
71.99
59.16
3.93
11.61
3.84
49.01
44.43
1.42
5.63
76.24
35.12
99.60
97.54
17.15
62.24
89.42
100.03
95.56
91.68
81.80
70.91
91.90
4.43
78.25
61.92
85.91
27.96
78.77
29.89
47.93
1.70
82.19
95.32
75.84
85.57
67.15
38.55
43.47
100.49
75.39
69.59
17.42
12.56
68.39
37.45
86.55
19.57
51.43
5.18
16.56
100.38
19.20
36.98
39.96
62.89
27.74
78.87
51.01
29.63
42.24
28.34
69.42
68.84
31.72
53.10
54.93
71.99
98.44
3.44
47.39
11.21
53.21
18.51
35.74
34.88
39.68
20.13
66.23
68.78
8.02
5.13
79.04
89.89
42.96
14.70
13.20
97.49
21.42
6.89
92.02
93.17
17.36
55.34
93.22
54.30
18.27
2.37
34.90
18.94
64.77
19.55
68.85
17.32
49.99
22.85
18.66
83.27
79.45
40.20
26.50
25.47
77.35
93.42
1.33
4.14
80.03
43.53
53.78
80.64
51.72
72.14
95.42
13.38
18.61
87.79
42.95
24.57
7.36
28.49
96.97
20.11
50.05
83.12
11.76
50.57
69.33
64.47
24.00
76.85
39.96
84.48
88.90
23.98
72.31
19.55
99.83
58.89
88.26
65.78
10.41
58.82
5.73
1.42
7.36
50.68
46.72
22.40
93.39
92.53
69.96
89.78
9.68
24.06
52.12
99.51
58.94
44.49
20.28
42.79
69.28
61.95
25.76
76.56
53.81
28.05
21.93
33.70
22.94
90.85
5.48
5.21
27.67
24.90
86.75
22.17
16.73
75.69
27.04
65.01
15.19
89.77
37.82
83.60
28.96
72.62
65.78
93.92
72.05
6.67
17.31
68.63
59.40
5.85
83.02
15.24
72.84
20.16
33.01
69.69
78.73
91.63
83.45
60.78
1.30
73.53
48.13
100.87
72.09
41.61
98.85
24.34
13.23
49.66
20.47
52.59
98.09
62.51
27.44
56.03
8.62
35.77
35.70
25.74
41.94
3.02
99.49
8.43
93.43
1.52
73.16
62.02
1.06
35.38
98.57
68.26
78.27
90.39
59.39
49.28
92.40
11.89
53.75
62.86
88.23
24.27
15.89
95.39
3.07
73.02
98.13
67.68
5.05
59.84
28.50
9.23
24.20
85.87
59.89
83.91
41.89
2.76
87.73
1.16
72.71
17.23
41.17
27.87
56.74
62.90
12.46
7.48
100.94
15.57
97.27
45.95
36.75
39.77
44.50
66.65
61.90
49.03
25.14
2.87
21.26
25.70
9.54
87.20
73.12
97.03
45.91
33.91
95.76
100.94
82.88
50.55
74.57
76.46
98.52
32.02
13.75
24.93
87.73
26.92
63.70
8.88
4.20
20.40
89.58
96.39
70.54
49.31
35.29
45.65
63.41
100.08
96.05
54.23
98.10
56.04
53.75
89.39
80.81
42.84
83.74
91.79
70.21
84.99
74.88
28.66
27.18
48.31
94.49
12.06
43.37
4.30
34.06
13.66
73.99
80.54
73.37
68.46
52.95
26.98
71.33
72.89
98.80
17.64
91.73
40.38
18.90
23.51
63.12
98.39
57.17
87.24
58.08
72.85
66.77
52.24
73.87
61.28
8.36
98.11
78.41
23.26
98.32
47.72
8.08
6.65
47.67
85.15
65.96
49.02
66.87
66.95
5.46
6.34
41.79
50.65
94.15
97.84
29.79
42.65
85.65
25.06
64.51
8.16
22.22
60.36
22.71
11.42
14.52
82.71
81.81
50.28
13.12
14.60
49.32
38.20
58.49
57.82
7.88
12.88
51.75
5.18
92.86
64.80
60.48
4.17
27.48
41.77
68.03
42.05
21.72
77.86
20.76
25.32
33.94
66.48
30.80
100.00
49.00
94.61
54.81
28.55
39.61
65.88
80.44
88.57
81.56
40.48
11.44
92.08
34.22
23.81
55.62
50.46
89.22
89.11
1.91
7.10
4.93
42.74
29.29
7.16
18.78
38.82
82.94
65.34
65.86
59.88
17.33
100.79
6.67
34.53
40.11
72.34
43.13
70.41
2.69
11.00
30.33
19.90
69.75
16.85
3.26
8.59
36.68
100.16
75.09
19.79
54.94
49.12
92.46
52.86
45.05
56.77
22.80
46.57
46.35
76.88
85.31
5.89
38.87
1.24
17.56
2.94
47.78
25.50
23.00
81.57
64.13
32.54
91.70
97.84
78.92
77.49
5.47
39.28
77.58
15.93
75.03
9.71
4.47
91.44
5.33
35.88
5.94
17.86
96.42
22.80
27.87
46.57
31.26
14.17
48.28
58.53
64.31
44.56
53.26
26.67
51.46
81.51
89.46
94.86
67.19
23.97
71.84
84.97
83.65
80.13
56.80
50.52
74.38
23.13
33.44
5.49
28.12
92.35
53.82
19.12
7.72
17.49
76.37
98.98
67.30
58.90
32.69
59.31
79.65
4.76
63.98
63.14
97.72
99.90
9.97
13.73
91.45
20.93
96.43
77.45
66.85
15.23
14.74
13.75
8.60
69.56
56.82
56.00
86.98
98.05
81.71
91.06
30.23
64.33
83.47
41.22
43.27
78.70
47.38
53.57
29.41
40.24
2.44
66.34
100.25
75.56
35.82
23.63
32.23
78.08
87.97
3.32
36.42
20.81
4.60
34.18
73.92
69.88
49.24
7.20
5.04
37.85
33.85
82.85
98.26
69.97
55.79
18.34
89.02
32.07
81.86
20.75
67.91
8.37
78.46
16.37
39.13
39.44
17.65
16.15
35.05
2.38
69.10
4.27
59.96
82.22
13.81
59.10
27.39
90.25
55.76
16.62
2.37
16.47
78.02
90.12
51.57
24.71
59.66
85.62
20.62
41.96
93.83
86.71
71.88
39.48
16.93
20.48
19.09
97.70
68.02
73.93
33.91
12.15
77.49
76.85
57.40
60.04
25.67
92.91
48.44
35.87
8.76
24.33
40.65
3.11
88.53
82.53
35.37
64.17
76.44
53.21
51.11
23.48
92.15
95.99
34.19
2.92
30.08
23.89
14.11
10.26
39.96
26.03
40.58
70.99
10.51
72.51
62.56
51.62
57.68
75.68
60.35
84.90
72.66
80.66
23.16
59.13
7.85
3.84
27.97
90.65
47.16
24.56
18.17
83.93
19.95
94.91
25.48
41.00
17.53
82.04
12.13
84.56
48.44
75.54
72.25
81.54
8.24
35.96
6.27
46.48
67.85
4.61
36.48
16.14
9.92
18.49
5.51
65.73
85.03
71.90
40.81
51.77
83.28
30.30
18.05
95.06
33.15
76.20
21.84
52.06
66.22
32.93
98.03
47.88
48.90
27.37
6.93
91.72
98.12
22.17
88.58
26.30
20.74
23.32
55.64
47.44
59.66
8.61
29.53
13.23
92.63
67.91
18.46
51.12
28.22
94.36
54.66
20.79
49.58
6.65
60.14
62.73
5.85
80.15
53.64
64.31
31.02
5.10
55.72
60.81
39.59
13.30
6.55
37.24
4.42
66.42
57.42
41.90
59.10
32.07
61.71
67.16
54.41
57.86
55.54
20.62
12.79
95.53
18.17
17.20
10.62
71.80
55.02
27.96
25.76
82.18
30.08
90.07
52.64
51.05
79.84
93.38
17.84
84.78
71.13
17.62
58.18
98.02
86.86
46.33
5.10
52.46
10.12
74.46
17.64
98.80
62.88
20.51
38.19
95.18
68.01
32.53
25.77
58.90
81.92
3.37
30.35
35.43
47.75
73.57
50.47
92.35
1.29
33.01
94.72
94.62
17.93
25.60
100.19
28.58
22.13
80.50
9.60
98.99
7.48
84.98
36.18
21.84
29.01
67.03
65.30
20.26
60.58
79.50
38.80
1.65
21.73
83.59
11.40
18.86
40.98
27.70
67.81
64.12
30.54
68.60
74.80
83.37
24.13
28.46
44.43
14.98
74.50
75.51
16.50
55.73
100.43
2.33
32.01
4.51
20.27
32.42
14.67
7.98
21.56
63.00
16.99
80.13
60.76
80.86
48.01
77.02
96.40
85.16
88.40
86.27
100.47
45.01
49.97
29.52
36.24
68.68
11.46
60.51
5.33
35.46
40.12
17.01
4.90
32.97
61.38
70.73
19.13
34.20
49.59
78.10
45.92
52.37
78.82
48.49
46.14
91.10
34.36
81.68
42.25
15.49
2.57
42.09
4.76
18.50
54.90
21.78
25.35
25.54
62.34
42.53
19.83
20.41
82.16
42.74
89.12
92.52
21.01
73.85
85.84
28.93
20.71
60.61
25.57
36.82
38.60
7.30
30.42
93.92
24.27
97.87
76.06
35.71
51.84
44.29
70.21
35.21
83.90
59.12
76.52
15.13
47.70
40.15
45.59
74.14
3.97
20.06
79.89
16.40
69.54
58.27
30.70
46.13
93.69
95.76
38.68
97.71
44.91
58.88
99.28
86.50
41.99
17.84
36.94
99.68
1.24
52.00
1.39
8.04
90.96
23.06
44.06
28.71
58.65
23.54
43.33
85.68
54.26
29.34
56.33
4.55
6.08
70.16
35.57
71.32
38.53
34.02
71.07
25.53
14.45
96.58
88.48
32.77
43.75
27.10
16.33
53.39
22.38
43.05
19.02
22.82
72.81
5.35
79.25
94.38
65.20
36.93
34.58
27.75
79.84
5.88
66.85
49.04
64.00
46.72
49.33
90.66
78.69
63.80
67.16
13.62
42.83
15.52
49.95
14.25
28.53
66.06
64.24
34.99
99.67
97.05
66.20
21.39
41.21
63.35
30.34
4.68
16.23
26.33
73.97
1.38
76.47
67.52
73.77
34.11
100.18
82.26
64.69
74.00
86.55
28.37
68.31
9.12
4.53
57.24
13.36
23.83
99.59
13.04
38.33
47.14
7.09
12.32
46.87
18.55
39.92
9.31
59.48
99.71
28.77
28.77
38.54
63.63
65.67
53.05
91.71
36.15
39.66
34.47
24.45
19.48
4.92
8.94
12.82
6.66
69.86
37.31
41.51
82.69
85.98
1.23
27.19
12.31
14.48
16.61
98.06
68.14
10.78
93.39
53.47
56.33
81.80
38.42
76.85
72.17
100.95
73.12
21.57
68.38
97.08
18.14
32.21
98.24
63.96
52.31
35.99
48.39
60.36
17.76
2.65
85.01
48.74
29.43
27.03
17.46
15.22
28.73
62.26
69.28
44.58
48.30
13.04
43.60
67.06
85.12
4.51
13.00
50.89
59.33
88.86
63.83
99.87
11.44
69.34
65.06
8.87
4.79
59.33
57.93
4.09
6.96
25.81
36.29
8.59
6.70
92.67
41.71
53.85
41.55
87.37
4.77
85.57
17.01
91.21
95.03
38.24
83.50
80.95
55.80
43.71
98.15
88.39
47.70
9.73
94.29
5.66
58.44
44.53
78.31
29.01
78.71
69.62
42.78
90.11
15.03
56.65
96.93
3.54
28.66
53.83
22.04
9.82
85.73
82.31
8.08
27.29
91.66
17.18
83.89
43.38
43.22
78.06
86.30
56.54
37.36
11.84
48.36
33.44
34.45
90.85
22.70
88.14
46.33
87.43
98.72
63.16
11.06
43.71
57.35
8.37
14.07
62.10
83.55
16.06
23.92
98.40
57.26
85.17
23.65
32.28
21.40
6.74
1.56
56.89
58.43
82.06
86.95
87.25
46.38
88.73
88.20
55.12
42.69
93.76
88.55
28.47
33.10
17.99
31.81
35.62
72.34
25.14
25.87
76.83
41.21
25.71
14.78
84.80
38.23
70.39
28.68
7.78
94.52
2.18
57.79
81.26
4.06
12.20
98.16
51.24
62.82
2.35
87.79
59.67
8.59
27.55
97.61
25.64
67.61
5.40
23.78
30.22
91.90
13.47
84.12
47.37
1.17
19.16
54.40
7.50
90.28
13.10
81.23
74.47
75.80
83.19
94.88
84.19
78.30
18.90
81.79
87.24
90.89
76.61
57.29
14.15
17.93
12.80
57.91
52.28
53.37
20.03
6.40
23.43
48.60
12.96
73.39
46.62
43.68
54.57
67.16
19.87
7.57
29.71
47.94
31.32
67.25
91.79
24.09
86.10
18.84
98.71
96.17
12.95
25.54
80.88
49.10
15.63
89.18
42.06
46.01
16.00
32.53
95.89
10.47
43.17
85.24
66.40
98.09
26.32
78.42
78.59
33.48
17.99
66.81
16.60
15.29
83.85
34.23
47.73
12.71
50.09
1.28
6.75
36.40
86.51
8.14
100.67
71.62
76.18
40.35
77.18
2.95
64.88
4.38
66.17
84.39
32.39
54.85
24.27
99.40
89.44
6.10
60.25
62.06
2.26
10.33
28.76
34.24
88.78
99.21
59.25
100.99
26.65
28.41
78.15
72.82
72.65
26.44
99.26
33.89
67.55
55.04
4.63
89.61
8.92
3.87
58.80
15.60
21.42
20.72
50.97
10.70
62.46
73.85
57.07
17.64
43.48
63.00
73.44
20.24
70.99
20.35
12.36
12.84
25.93
51.67
61.94
29.49
14.97
69.97
28.41
28.63
31.91
54.76
97.13
31.36
26.27
50.77
90.17
64.50
27.94
84.04
7.87
85.17
95.38
58.22
59.70
37.88
72.13
87.63
99.54
80.87
17.27
40.63
70.81
100.49
73.15
94.35
4.12
5.71
52.90
91.61
62.29
93.84
43.42
15.92
79.72
18.02
1.67
28.20
54.44
75.18
12.35
28.58
97.91
40.51
44.75
26.82
8.85
44.16
33.72
29.58
52.89
15.90
82.59
94.02
86.84
72.20
8.53
45.33
92.30
65.22
49.42
29.03
91.21
78.89
63.60
25.15
91.37
31.61
87.98
21.03
34.25
36.98
67.05
92.97
21.04
58.87
62.99
49.01
89.08
13.83
88.82
16.76
93.25
44.94
73.11
88.63
18.13
9.16
59.68
31.40
83.35
36.28
1.71
83.28
83.26
61.44
24.36
7.02
67.99
73.95
72.33
32.86
90.01
5.99
54.83
36.82
46.43
42.24
81.36
40.54
51.99
97.21
57.67
42.70
5.03
96.69
1.55
78.91
55.49
48.57
41.56
61.93
86.47
39.28
75.14
29.47
84.26
19.82
89.64
68.64
14.78
83.70
10.00
24.43
87.55
55.90
70.51
74.61
84.90
57.12
82.35
63.57
93.03
28.30
75.55
11.15
41.90
47.41
21.11
93.45
67.47
38.99
11.85
28.83
69.42
14.46
13.95
72.17
56.23
16.04
38.38
82.74
6.23
19.32
90.50
19.79
25.83
44.05
23.91
3.37
71.88
62.14
44.28
54.35
85.40
14.06
37.41
53.07
99.14
10.13
46.90
34.87
83.44
46.58
4.86
61.95
24.61
66.54
13.58
6.97
38.93
85.04
36.91
76.92
13.77
3.79
43.85
17.13
36.94
56.14
67.60
58.06
56.74
80.42
79.70
95.52
35.40
100.49
36.31
92.72
68.99
45.40
62.22
24.53
38.19
21.18
8.37
29.04
69.07
9.36
20.66
75.88
49.86
45.48
94.27
89.01
22.76
79.90
34.27
16.34
13.75
33.83
86.14
83.90
13.47
27.24
41.67
71.47
27.13
51.19
41.91
36.88
12.98
22.92
56.89
85.57
99.64
96.31
14.44
52.75
6.09
87.32
77.69
50.34
95.04
16.63
23.81
94.77
70.88
99.57
49.53
36.09
71.54
19.46
79.12
36.30
57.67
37.72
17.45
57.65
33.14
41.12
94.30
2.59
61.91
32.20
88.92
87.48
41.15
78.45
2.52
93.64
8.22
98.58
33.69
92.82
85.91
73.76
64.67
24.86
54.38
89.91
28.59
96.76
41.76
83.65
61.20
80.97
1.90
83.78
90.17
58.93
3.75
45.88
93.24
17.14
88.16
82.60
22.87
18.53
96.89
2.40
22.45
22.50
28.02
88.82
61.23
67.56
11.65
20.49
32.59
30.85
77.17
59.50
78.56
9.79
33.60
80.74
34.36
93.81
72.65
57.18
21.83
71.24
22.41
24.76
81.21
18.05
88.79
20.28
2.17
24.05
78.77
58.96
28.38
92.70
76.61
68.20
11.74
85.22
77.64
16.41
13.74
36.21
1.74
19.77
96.18
16.07
89.38
65.68
87.97
5.62
48.71
14.17
97.94
19.94
5.67
54.62
32.68
25.39
2.43
55.88
10.76
57.43
31.84
94.94
17.21
95.51
89.76
66.73
4.84
2.81
83.95
94.08
53.96
85.32
42.88
91.28
18.63
75.20
56.87
21.75
54.11
68.17
22.81
75.45
55.24
21.42
3.21
6.75
92.54
24.84
37.01
75.24
39.10
12.17
6.56
85.44
28.52
32.46
44.82
51.19
66.67
79.16
46.83
69.74
14.12
49.78
1.63
59.08
34.32
20.85
44.61
60.55
69.17
32.74
56.93
81.59
9.31
93.84
14.80
42.36
37.67
56.98
97.39
17.96
84.24
62.11
41.91
78.56
6.24
15.30
16.11
80.55
74.61
64.09
15.63
15.63
14.80
66.80
59.03
55.71
38.21
60.79
11.27
77.36
67.65
16.20
37.73
65.32
71.60
1.77
28.67
61.67
87.67
100.26
30.07
54.20
83.70
93.58
26.93
33.72
92.37
38.36
74.92
33.62
57.20
9.20
62.11
76.95
74.62
56.14
82.37
78.22
48.78
21.49
31.62
40.42
16.01
45.68
93.45
96.14
32.43
83.85
38.50
37.90
21.82
15.75
50.81
7.89
81.55
56.26
11.44
11.02
5.54
6.20
78.76
25.99
11.16
67.86
74.19
54.90
88.87
47.79
35.88
88.13
8.02
3.52
2.88
1.65
23.46
58.53
93.91
63.43
33.32
25.11
98.78
27.92
62.11
30.07
100.00
5.81
45.41
1.58
50.74
26.53
62.49
16.65
65.15
20.77
22.83
29.11
17.56
6.68
23.23
9.68
80.76
39.13
81.47
9.20
66.08
41.29
31.20
74.68
5.93
48.70
11.63
57.00
14.06
33.88
62.56
24.74
31.96
28.54
21.74
27.39
5.54
69.28
39.60
11.71
57.86
62.54
63.64
94.46
91.01
45.49
75.38
64.60
92.14
4.72
68.87
31.88
29.30
12.55
23.15
24.28
20.94
97.94
38.95
12.72
22.02
97.00
47.55
19.21
97.97
31.82
80.55
77.92
97.37
12.01
28.32
37.40
5.28
26.41
66.94
1.11
26.46
29.82
41.08
28.64
97.45
39.88
65.83
94.36
72.15
79.97
98.26
75.42
88.95
49.33
82.73
16.50
48.83
3.75
73.49
15.48
18.60
63.59
43.04
71.50
53.18
11.11
52.09
83.85
69.73
13.57
61.94
15.72
88.96
29.49
20.40
17.39
10.37
30.11
63.79
10.50
24.30
81.08
15.18
6.42
39.95
5.50
6.25
22.02
70.72
79.65
39.50
53.46
56.00
8.55
53.92
72.84
5.37
40.58
32.43
34.53
65.86
28.12
56.72
23.63
93.62
14.99
56.15
12.06
69.23
42.39
16.10
95.87
93.19
64.77
19.92
50.47
17.86
61.25
34.71
1.69
24.73
95.50
32.05
55.64
24.65
43.60
36.81
48.43
19.46
13.46
95.17
10.78
94.53
10.93
82.87
84.28
44.05
12.81
78.49
59.45
81.62
35.83
16.62
12.50
2.43
25.18
1.17
34.06
35.89
31.22
33.79
1.99
81.02
78.10
97.32
82.41
97.59
65.45
38.81
83.47
21.78
88.07
36.57
33.48
8.97
67.36
23.21
31.20
49.27
5.41
77.26
33.55
96.74
17.06
65.73
96.44
25.69
67.85
7.36
10.86
4.18
94.53
3.40
15.79
59.84
82.57
51.85
4.42
27.87
7.61
13.61
37.23
88.72
34.09
12.53
16.80
76.27
50.29
11.72
71.98
51.46
20.57
12.70
46.28
88.44
74.18
87.36
30.20
25.13
98.93
1.92
27.84
29.88
67.10
11.63
37.74
69.90
20.03
16.53
47.18
10.13
23.46
55.37
87.72
85.17
21.84
38.66
12.82
60.53
21.72
5.93
5.27
98.21
97.40
4.72
92.13
72.15
98.14
56.63
42.64
13.00
25.21
63.32
31.47
6.32
12.37
5.44
25.83
25.37
57.60
10.32
29.50
25.23
3.15
20.17
42.37
26.08
49.96
28.64
73.13
95.10
91.18
42.24
59.15
42.57
75.66
60.61
31.18
4.91
89.02
99.85
64.40
62.33
9.51
2.05
89.20
79.20
85.94
10.67
22.87
1.19
35.37
28.81
25.06
61.75
12.04
4.57
27.35
14.89
73.10
72.78
70.29
82.62
32.65
8.25
80.41
26.05
78.78
75.01
6.07
40.72
39.06
94.56
17.17
79.28
25.98
98.99
23.34
8.11
52.54
76.68
35.02
94.74
49.40
21.06
90.09
66.80
96.93
39.36
42.89
32.80
74.20
59.50
4.08
95.02
56.94
15.08
89.94
12.57
3.18
57.60
41.98
30.55
32.66
41.78
52.07
47.78
66.38
67.02
66.46
4.97
24.39
76.34
70.19
91.86
51.78
57.37
74.12
39.83
79.82
51.19
7.96
49.50
9.20
9.18
39.83
45.81
50.05
25.04
55.01
82.22
28.93
33.10
29.74
94.63
46.38
49.12
66.61
12.53
33.83
89.42
61.36
40.27
78.22
61.43
82.71
39.17
22.92
33.83
53.86
94.18
64.15
17.90
70.96
57.06
100.72
12.63
25.49
28.52
7.11
51.66
44.67
65.14
9.07
13.58
87.33
67.13
21.26
64.66
49.36
23.72
32.09
81.46
61.07
64.48
82.92
7.21
100.97
5.73
71.52
6.20
71.64
40.19
56.25
23.89
99.00
36.04
61.34
37.29
19.20
39.85
15.38
59.66
19.00
80.00
8.00
43.14
26.04
6.83
18.19
98.40
45.99
92.28
93.24
73.48
56.56
42.00
99.51
40.17
72.09
76.74
34.64
17.60
80.01
85.14
43.86
66.36
77.92
72.45
42.64
48.68
61.68
11.90
9.68
37.28
67.51
95.49
63.08
91.60
39.70
41.83
62.51
28.49
93.23
51.59
5.36
10.82
93.66
6.52
25.85
65.66
72.65
87.46
77.63
26.18
58.74
77.90
89.95
59.78
23.01
85.40
96.88
99.67
86.94
62.98
33.92
51.64
98.44
68.83
67.68
5.45
4.71
41.81
16.39
39.67
1.88
78.84
12.53
98.53
83.82
88.67
79.61
84.90
70.23
61.67
21.84
22.12
8.55
8.95
38.93
3.76
23.63
99.45
76.93
75.15
56.18
8.38
51.85
93.37
66.44
34.97
43.46
73.88
7.73
1.08
44.88
84.80
56.81
73.63
4.11
12.04
93.35
88.37
98.30
77.95
6.51
73.21
16.97
21.32
85.03
93.41
10.38
87.50
4.82
72.28
19.34
30.40
96.19
77.29
19.41
32.01
27.91
61.99
95.79
1.15
28.66
27.88
66.76
23.33
16.98
24.05
8.51
31.13
54.18
47.15
28.58
48.42
52.62
56.70
41.01
88.67
54.02
15.69
33.04
40.68
4.08
67.02
61.33
80.38
60.98
51.23
29.31
32.90
57.96
23.42
47.63
78.84
19.26
99.73
48.37
93.58
60.09
23.61
54.75
5.94
53.11
3.48
64.60
6.47
43.04
79.92
27.96
87.13
63.93
1.78
10.81
99.54
22.32
79.91
96.09
55.09
25.50
81.01
21.79
40.29
33.48
81.25
16.35
85.93
24.58
46.47
48.18
74.34
37.87
43.60
72.53
18.64
42.53
92.80
37.32
30.42
14.00
16.06
57.10
39.33
28.76
74.64
84.43
23.83
6.80
40.29
45.14
44.21
64.24
3.66
73.89
49.61
50.07
47.56
81.53
61.04
27.57
84.19
16.82
78.67
76.19
71.44
19.83
21.79
29.73
64.47
25.22
5.15
48.14
71.45
2.11
82.97
45.06
98.83
3.73
96.85
89.60
82.98
86.00
7.81
44.96
8.54
10.17
7.52
77.40
67.56
17.19
13.21
38.40
53.61
14.07
15.43
47.26
89.31
93.71
27.63
59.90
92.50
88.22
11.37
2.20
57.83
98.91
15.39
19.64
63.56
49.10
8.42
83.14
75.89
41.47
82.62
17.97
54.29
36.63
84.16
59.23
47.24
14.92
11.18
32.83
37.03
2.56
27.75
69.75
23.20
81.11
8.07
16.17
64.80
89.12
36.37
6.95
20.11
50.14
4.36
41.86
44.26
82.40
44.23
12.27
20.06
1.08
31.12
43.83
13.48
34.47
100.90
85.73
70.36
49.99
11.01
96.85
86.07
26.37
71.55
64.04
49.20
80.37
77.77
8.85
21.62
99.84
63.27
11.94
80.90
31.40
21.96
94.35
96.38
85.30
68.84
92.93
66.62
99.61
47.79
65.67
83.30
21.69
30.30
93.46
53.81
26.02
11.52
99.03
49.28
21.74
64.66
41.57
76.50
45.80
66.39
13.87
89.42
12.14
26.39
68.43
79.02
74.30
82.98
31.59
61.59
3.96
70.32
59.76
82.84
27.87
42.14
64.53
2.56
36.13
23.80
20.73
75.26
2.60
15.81
18.16
44.51
27.79
20.78
70.91
75.10
32.36
35.62
45.06
19.35
26.91
38.93
46.42
3.34
11.06
17.28
84.39
6.21
76.70
15.65
4.52
13.77
77.30
83.39
31.68
34.68
80.11
1.00
96.91
62.47
39.97
52.77
43.29
31.19
82.04
4.77
83.98
65.09
23.33
17.54
71.15
31.78
75.57
37.60
17.68
75.86
29.93
42.04
27.71
10.48
61.68
39.93
37.68
37.55
78.39
55.76
40.97
29.36
20.44
15.73
80.79
31.68
26.69
27.91
29.06
65.72
80.25
5.04
14.45
27.34
30.30
76.23
98.78
88.73
15.65
10.34
45.01
51.71
75.16
34.15
85.14
6.97
53.87
40.21
60.76
37.80
51.52
13.90
4.15
88.60
16.06
17.68
49.90
4.58
7.32
89.49
29.62
73.78
99.62
44.23
70.09
3.53
48.57
18.48
17.14
76.83
79.88
96.25
48.32
19.12
91.61
13.21
79.81
14.47
40.37
54.01
60.09
31.24
83.83
61.41
70.91
28.30
73.47
7.73
55.83
80.60
82.42
28.45
20.09
78.02
9.51
57.78
77.37
13.10
46.38
10.78
25.68
96.64
93.12
85.66
10.90
44.09
80.18
58.50
28.12
76.43
100.47
53.08
57.67
67.69
7.71
55.33
90.45
89.04
80.57
65.64
24.27
19.99
25.51
40.08
30.49
87.31
99.13
70.72
64.54
80.94
47.95
62.33
17.11
45.69
17.07
92.41
73.14
53.43
42.38
64.33
1.33
5.55
33.29
5.04
32.61
74.77
39.23
29.33
60.60
25.30
100.50
67.01
71.94
43.78
21.47
17.74
1.03
90.53
49.82
20.91
6.24
92.72
61.21
42.01
56.00
18.45
5.56
81.53
11.13
79.37
63.40
67.76
8.67
56.17
47.08
28.67
55.08
68.55
22.81
15.18
78.73
88.50
5.49
93.99
44.99
95.41
28.14
59.11
54.54
90.49
52.08
8.09
95.82
39.56
39.36
6.06
27.86
23.32
4.58
24.63
85.74
87.27
56.78
10.13
41.88
7.25
97.58
93.98
96.99
15.20
75.80
21.29
7.79
27.06
15.29
24.59
35.99
6.80
31.69
32.26
7.07
59.26
99.25
100.19
56.08
18.03
46.97
81.11
100.78
65.66
79.99
33.80
21.22
75.61
8.99
75.53
58.33
51.65
5.05
22.17
76.67
97.03
26.92
54.11
93.31
58.65
86.48
88.01
11.57
70.68
29.62
64.97
74.25
38.20
38.47
44.01
28.56
13.16
49.22
70.46
70.04
75.48
34.42
83.02
98.93
20.64
17.87
63.07
42.57
6.91
81.87
13.31
86.51
91.08
5.53
79.83
18.72
14.88
23.13
92.33
29.42
74.48
64.74
100.02
92.62
93.32
92.04
37.54
73.47
4.72
39.64
75.45
79.55
96.69
90.35
86.77
35.90
59.39
54.22
59.25
72.45
4.47
77.26
7.98
9.96
18.24
96.98
79.64
77.71
24.30
10.76
69.15
76.65
77.16
91.22
12.22
25.94
76.85
46.78
2.32
8.20
43.97
40.08
84.81
72.76
42.50
7.06
93.79
6.30
62.03
72.52
37.89
53.00
72.71
87.93
36.32
87.58
21.77
14.98
94.41
18.83
67.79
10.09
1.27
86.79
32.41
8.49
74.45
3.58
93.35
53.96
66.41
68.80
76.93
56.04
19.26
58.70
23.06
63.67
20.94
3.00
48.79
27.89
60.21
82.55
64.69
75.08
68.98
78.64
61.14
46.14
80.07
56.25
84.79
46.32
22.68
12.08
82.38
27.34
19.26
9.78
61.31
57.02
98.38
82.42
65.76
66.02
42.23
1.30
90.13
31.46
19.36
20.65
56.07
31.45
2.43
86.61
19.68
92.07
55.48
61.15
45.84
16.15
7.58
14.37
39.39
9.13
18.59
6.51
2.35
86.91
11.23
39.01
23.84
19.23
1.03
33.28
50.36
4.49
4.53
85.43
20.11
18.51
8.31
17.24
70.35
22.64
28.16
83.99
1.61
1.37
24.22
14.86
46.21
95.97
35.26
72.46
64.94
80.36
25.40
98.17
45.37
99.27
12.98
79.04
37.98
13.01
28.35
96.66
76.11
89.61
99.69
40.14
3.33
8.10
13.64
35.58
11.24
41.55
88.35
20.69
43.67
96.04
99.44
93.62
10.32
67.92
8.79
75.41
91.77
6.34
75.35
6.17
25.27
87.85
91.48
44.82
85.41
58.27
2.52
77.29
49.16
84.81
53.21
70.78
54.74
64.95
29.34
81.82
86.81
39.60
76.70
80.62
20.66
22.87
84.25
97.66
74.73
59.61
61.20
50.65
36.43
80.89
7.23
51.40
33.65
49.07
11.77
89.24
89.42
67.09
52.24
43.25
81.12
37.23
77.97
82.25
3.23
73.63
11.35
36.21
55.22
13.52
18.87
13.30
76.66
48.51
5.30
18.27
26.09
9.98
68.26
35.87
95.48
6.98
83.38
56.49
50.59
35.32
43.21
47.74
42.56
88.36
57.44
19.73
16.70
49.98
57.27
17.32
29.98
66.20
28.37
8.43
80.08
71.40
83.27
23.15
8.08
59.42
95.79
31.53
39.51
58.65
10.05
6.66
51.72
35.10
44.98
7.45
78.58
82.68
97.87
93.67
6.68
63.10
49.24
22.98
50.70
26.82
34.06
29.05
74.77
56.20
38.73
99.19
41.14
94.26
25.66
97.11
69.87
78.89
29.40
4.55
67.87
1.20
92.41
93.51
40.28
24.83
1.40
19.71
63.93
72.51
47.52
38.31
68.24
24.52
26.92
43.31
21.76
99.83
10.97
8.40
57.36
4.65
41.23
55.62
40.56
46.84
89.16
87.74
97.00
77.72
41.73
23.17
97.18
6.21
25.50
92.49
82.51
10.99
96.24
55.12
47.69
69.85
34.33
20.15
99.98
53.34
51.67
72.81
18.61
57.10
33.37
1.20
11.41
37.09
13.55
26.59
41.31
94.49
4.24
30.17
82.97
35.84
36.53
75.00
46.55
81.26
6.83
82.26
24.41
65.16
68.93
49.60
14.72
95.75
32.43
70.95
26.94
84.05
52.87
22.28
35.40
15.01
33.98
18.90
67.58
98.86
56.88
35.07
67.14
30.88
44.11
69.75
1.32
80.67
68.77
49.40
12.86
51.57
32.02
23.99
53.58
23.44
37.81
30.10
100.01
44.19
31.05
77.34
60.38
53.99
38.74
48.91
54.78
18.29
60.55
27.82
25.79
72.14
6.68
95.05
19.57
33.39
13.98
89.77
11.81
48.78
99.97
54.45
81.48
81.37
73.29
72.18
82.27
14.06
17.02
80.71
43.93
92.86
34.42
63.89
91.60
37.34
41.05
83.98
81.77
67.66
20.54
87.55
99.86
31.24
38.85
49.98
5.57
80.01
61.75
56.07
98.82
79.62
87.49
16.93
15.51
80.18
45.61
80.83
36.64
12.78
27.29
48.86
47.70
47.77
78.77
37.72
98.12
72.72
70.44
60.55
65.27
64.49
8.73
29.53
55.97
70.32
8.20
89.70
92.89
49.38
22.70
17.04
16.05
66.38
39.89
93.11
38.90
68.88
6.65
69.53
39.79
4.47
85.18
11.44
73.31
15.54
98.43
43.86
54.40
18.63
33.38
2.67
48.88
66.12
62.65
61.53
29.55
20.34
76.09
95.08
54.73
31.50
19.49
86.69
58.78
49.77
16.92
30.25
25.62
41.31
73.79
23.49
11.82
66.19
86.13
19.40
5.16
14.19
32.04
9.91
31.90
25.70
42.93
36.21
20.02
58.25
7.18
35.47
42.29
4.42
72.03
4.13
97.41
89.33
17.46
33.89
19.23
90.37
29.56
32.75
38.17
74.99
24.05
99.75
86.72
22.49
76.77
59.39
16.14
79.30
88.64
1.40
15.98
53.68
35.63
61.06
16.23
82.54
54.56
51.90
95.86
93.20
4.44
18.20
32.70
41.83
58.63
93.13
58.94
85.53
39.95
68.38
16.78
20.40
4.88
3.98
95.46
7.05
27.28
30.53
84.56
57.85
9.27
94.09
16.62
65.23
99.25
68.21
80.47
53.65
4.39
38.59
5.86
66.44
60.58
23.46
5.47
36.28
38.42
81.44
8.70
97.09
61.46
6.66
90.18
39.38
68.04
69.06
65.94
45.72
86.68
22.97
21.86
52.78
50.00
46.29
85.44
76.74
17.39
50.36
16.48
69.89
71.30
61.21
29.49
96.06
95.90
14.06
66.05
48.28
28.91
98.43
40.92
6.73
30.97
63.50
37.15
66.73
91.05
65.80
67.71
39.52
99.86
45.59
17.24
67.71
37.32
26.57
98.67
7.49
7.88
1.99
61.16
85.57
29.62
95.69
48.60
1.50
72.40
96.65
97.86
37.12
72.60
9.30
52.63
88.29
64.23
28.91
97.31
20.94
100.39
75.24
67.22
43.26
90.57
36.72
76.07
6.87
74.35
13.72
18.80
85.88
84.42
8.63
56.82
55.67
96.39
100.51
41.98
11.32
75.60
85.87
45.16
35.02
71.64
34.12
82.47
80.09
72.86
39.29
88.02
93.43
48.29
60.97
100.25
86.94
33.79
53.40
26.11
30.50
34.61
24.47
32.93
60.15
11.87
57.56
51.23
35.78
76.01
72.06
74.67
73.93
97.57
81.15
2.27
2.55
15.54
30.90
38.36
12.61
75.00
5.11
15.10
59.33
19.00
24.52
16.47
65.05
83.34
54.43
83.58
10.20
6.66
85.77
97.49
43.02
78.64
54.77
25.26
92.86
32.56
16.98
36.36
29.87
70.88
45.29
24.29
11.64
36.55
67.87
25.19
80.81
12.34
10.93
62.17
22.09
56.44
77.65
17.88
36.53
33.56
89.63
14.82
35.17
11.05
79.48
65.81
11.69
79.69
8.03
65.23
66.83
100.51
24.48
86.00
84.20
34.65
98.22
71.80
7.15
98.91
95.84
89.43
27.17
50.08
4.68
18.27
85.77
2.61
14.67
20.41
52.52
40.67
10.63
2.30
78.29
83.40
25.33
77.51
18.57
5.82
43.81
18.26
53.61
18.67
21.68
51.83
6.42
6.88
50.90
66.16
62.30
37.25
31.20
46.85
75.61
4.61
19.08
88.58
38.15
31.51
67.82
92.29
56.28
56.75
43.09
78.59
96.12
2.01
8.70
52.18
69.80
26.70
18.04
64.60
5.12
96.25
45.93
31.38
41.27
1.41
60.68
6.47
33.96
18.23
45.24
37.83
25.26
26.59
5.56
45.36
95.30
32.17
79.59
32.64
55.59
57.42
31.41
9.35
62.82
4.89
42.15
95.66
74.43
35.55
50.00
6.88
73.92
2.10
17.16
91.44
14.89
10.96
14.37
52.67
51.96
78.87
47.16
16.71
12.02
51.76
6.61
32.37
18.57
53.33
75.02
75.95
5.71
24.83
21.77
21.08
19.27
17.40
76.15
38.44
50.63
4.43
88.40
91.59
40.90
20.17
93.21
95.77
73.30
24.08
62.13
14.76
2.16
32.86
28.71
7.09
63.99
5.49
49.50
43.43
63.74
86.41
89.38
15.25
43.38
36.97
6.70
18.02
51.64
79.93
99.11
52.59
8.70
73.59
28.36
15.27
70.60
49.41
14.47
22.06
54.65
8.22
38.91
46.56
81.75
47.32
19.57
84.87
29.07
8.98
97.20
77.84
48.80
82.54
95.88
12.86
8.19
23.05
97.51
9.83
2.07
20.25
54.30
7.15
6.50
17.51
11.42
79.94
28.23
20.77
59.26
44.94
16.94
37.38
15.35
96.65
77.85
38.33
31.99
84.55
92.00
6.94
14.42
23.35
86.15
63.23
77.95
11.10
93.50
18.83
7.21
22.37
68.74
8.85
50.61
85.09
83.30
61.86
25.47
3.76
79.64
7.94
60.79
91.37
99.61
26.04
91.54
2.06
16.62
20.05
43.81
92.93
29.64
22.99
95.33
90.13
78.11
26.66
1.60
10.86
95.55
28.23
22.95
31.56
50.43
20.51
51.80
49.36
53.57
72.82
60.22
27.27
2.01
71.96
45.54
19.19
17.30
67.56
13.96
5.28
52.54
66.31
60.07
66.07
11.05
4.23
97.45
4.49
66.04
96.73
15.38
37.65
19.70
34.04
22.87
18.74
1.96
100.43
87.22
21.48
68.61
6.13
24.04
51.85
45.52
88.91
94.86
66.25
76.81
89.53
75.48
81.89
40.73
38.32
79.07
73.99
25.10
76.67
80.05
98.19
91.94
1.69
88.82
86.28
63.47
97.95
42.25
98.41
6.43
81.19
41.12
47.62
99.53
30.36
99.44
11.98
44.00
22.22
100.36
84.30
94.06
32.36
43.07
40.64
64.63
12.32
26.36
11.32
97.47
89.83
76.50
53.07
98.45
12.50
63.28
93.14
71.90
49.80
79.74
73.53
2.98
82.70
63.33
70.88
54.25
48.31
42.96
47.56
4.24
22.71
91.55
22.07
4.81
70.69
30.08
67.98
91.36
51.91
65.36
14.31
46.00
44.43
11.19
67.14
11.90
59.80
1.07
91.59
26.83
53.67
63.42
97.12
31.36
12.23
86.26
76.01
32.85
86.29
57.56
31.65
89.06
28.52
52.84
25.23
92.34
2.68
51.64
11.21
61.01
35.73
25.11
16.15
80.69
92.39
65.65
16.15
86.91
16.95
91.72
11.95
46.90
69.48
12.40
27.68
59.64
64.43
97.18
89.30
82.93
21.84
20.29
70.40
44.93
92.86
34.23
53.38
93.69
77.69
86.23
50.72
97.32
2.09
89.54
19.32
3.70
9.14
12.43
53.62
78.77
16.98
90.34
98.47
25.96
8.35
2.93
39.84
39.60
48.98
4.34
34.05
61.21
55.98
99.23
20.06
18.97
56.29
68.27
63.08
48.79
96.27
97.12
16.99
24.70
32.05
52.81
95.58
53.99
21.33
98.18
76.92
98.77
7.98
6.94
92.34
66.95
60.27
74.60
58.33
95.95
18.27
15.49
58.17
44.25
68.64
19.57
53.02
58.94
2.08
25.44
7.86
6.66
82.52
83.27
28.99
23.56
38.63
19.31
30.62
45.72
89.84
43.62
50.44
14.17
25.40
44.79
59.40
20.37
11.09
96.46
13.30
64.77
29.04
59.36
23.50
100.77
63.26
97.56
19.44
68.60
17.85
3.43
82.83
63.88
11.70
100.78
11.11
30.28
32.96
31.37
17.79
2.17
60.67
15.86
10.10
65.23
19.69
6.70
24.06
1.16
25.53
28.59
23.39
27.42
80.71
36.51
33.49
36.29
22.16
51.19
2.60
35.39
33.90
48.56
52.39
53.79
37.98
24.42
20.87
26.56
2.79
86.19
53.66
66.47
97.10
28.42
86.55
3.53
28.72
16.43
18.39
61.10
19.51
32.82
85.00
48.95
15.45
96.13
71.57
3.86
95.81
44.87
91.23
19.71
50.96
78.99
77.91
1.93
11.35
47.74
21.24
60.79
33.98
74.24
42.45
46.20
47.52
96.59
26.58
53.65
50.00
52.61
5.35
99.45
4.79
45.07
27.66
50.38
52.06
14.63
52.07
93.30
68.95
89.40
7.16
10.28
18.71
6.14
62.34
25.96
16.07
21.35
80.61
71.28
44.35
85.52
2.34
41.13
49.94
26.69
54.75
23.82
51.44
48.76
55.59
52.31
55.04
19.99
86.32
53.40
62.78
78.64
96.97
14.31
49.80
41.97
77.68
7.19
40.27
24.04
33.28
8.06
76.84
86.96
28.18
63.09
94.47
31.00
20.77
15.51
10.52
82.15
1.07
95.24
60.65
59.38
98.30
3.27
56.76
13.98
29.07
8.01
68.80
12.73
14.53
13.35
97.81
61.54
63.17
55.78
67.71
9.23
4.57
77.90
24.95
60.31
98.59
86.53
4.58
48.84
54.44
81.08
86.62
17.46
56.33
32.78
64.91
93.80
15.00
17.36
30.65
2.15
57.09
20.22
89.42
51.69
9.95
84.44
40.58
25.80
84.85
12.78
78.89
3.87
42.38
74.28
15.20
75.88
4.25
47.92
9.96
42.79
84.73
31.06
14.48
5.82
16.77
29.66
94.22
16.29
1.14
90.20
20.96
61.39
4.72
96.65
3.58
12.89
57.69
30.68
95.30
14.19
41.68
80.20
55.95
32.69
54.47
55.84
81.27
25.29
73.71
37.26
33.25
71.50
79.24
61.52
26.17
5.22
11.75
7.39
65.93
12.03
49.10
43.46
95.44
87.30
56.36
27.64
49.93
51.61
29.21
30.41
91.99
24.86
38.04
71.38
23.78
2.97
17.86
73.37
80.36
63.47
85.62
89.83
12.12
59.20
57.87
77.65
60.35
9.34
48.40
15.81
12.45
93.42
48.27
74.02
100.75
49.54
40.23
4.13
65.19
5.68
9.86
98.74
94.87
57.74
39.15
100.34
94.61
59.90
78.89
14.50
20.86
47.16
24.05
52.27
71.62
85.02
54.48
76.83
51.48
13.63
22.31
5.41
25.87
83.11
29.58
70.92
7.03
91.90
79.31
100.78
90.39
50.87
9.65
87.59
91.71
3.79
15.65
37.06
95.74
86.61
53.15
14.32
34.70
79.48
89.24
44.18
24.15
93.67
99.86
20.89
40.61
42.97
6.85
65.69
13.29
97.02
93.29
87.68
63.33
4.52
12.72
9.81
81.63
45.49
80.17
96.39
66.11
11.08
71.28
52.20
86.43
21.09
53.20
72.44
60.37
65.31
3.83
96.52
97.15
84.76
21.78
46.87
36.94
85.59
8.48
31.46
96.87
22.90
8.91
14.63
42.21
23.97
29.64
90.20
10.01
85.79
97.66
16.76
35.90
91.05
15.26
100.07
96.38
11.59
5.53
52.94
32.16
100.56
78.95
13.22
77.74
95.81
34.23
73.25
56.22
3.82
66.83
65.84
30.79
24.83
42.92
89.59
39.75
60.88
7.77
73.86
34.02
22.88
24.61
49.41
87.10
56.91
62.22
7.95
42.61
71.95
16.61
12.06
35.62
10.59
3.47
26.50
95.75
2.25
31.21
38.35
37.75
61.74
99.23
15.64
67.27
11.07
31.09
42.57
30.91
99.98
74.86
21.03
54.86
1.17
48.12
97.94
12.25
95.94
15.29
59.12
74.16
70.88
23.81
98.21
7.46
84.13
27.07
52.29
40.72
6.73
20.64
100.33
71.99
69.82
11.54
55.96
62.89
83.11
50.77
12.70
41.84
44.70
74.84
20.27
78.05
92.25
24.61
19.72
27.44
14.13
55.34
20.54
38.17
15.02
72.15
24.25
63.27
94.70
49.52
7.16
44.87
5.16
79.73
54.15
100.63
57.26
59.67
34.90
16.91
80.42
76.28
14.28
49.91
27.93
74.02
71.50
51.82
33.33
7.44
74.97
99.95
46.93
68.69
59.81
86.06
93.59
65.25
22.91
14.50
79.17
86.73
35.98
100.13
48.35
54.95
86.93
16.55
82.71
15.70
39.56
15.98
97.30
51.23
70.76
28.32
45.90
27.20
92.24
67.15
71.85
36.20
5.38
20.58
93.13
74.78
17.49
12.01
33.68
59.03
91.40
79.15
48.51
32.38
39.62
85.77
52.69
17.43
5.64
36.14
95.85
46.44
2.36
61.77
65.99
60.81
25.43
84.51
24.30
94.62
11.37
46.98
82.44
30.49
27.83
31.32
8.66
26.18
73.18
97.52
100.36
50.99
91.39
15.70
15.43
85.60
74.98
23.81
89.47
24.51
54.02
54.70
20.43
62.52
11.68
15.66
73.62
42.54
41.40
66.40
62.89
41.97
58.41
57.00
60.71
96.15
40.65
53.07
12.80
8.56
79.44
11.48
58.16
7.95
4.39
72.22
11.38
6.30
44.20
95.91
40.20
85.89
68.00
91.01
9.66
24.66
11.94
81.71
28.27
92.51
63.22
28.46
24.78
68.04
46.56
94.88
57.13
63.67
45.02
30.21
81.94
85.37
17.15
65.48
92.63
38.31
4.10
37.28
69.55
32.16
88.50
71.12
24.33
25.17
31.03
15.08
80.09
54.38
3.53
96.01
9.85
86.79
38.35
4.06
30.22
4.75
61.99
28.72
4.75
5.12
23.60
86.03
83.52
8.51
23.20
3.14
71.83
2.77
73.31
6.01
14.19
33.99
22.03
61.20
71.54
62.89
7.98
48.11
77.73
50.97
4.45
65.04
19.25
87.70
23.34
22.40
45.84
61.79
46.84
86.26
29.88
61.86
6.53
11.97
59.07
80.01
18.13
10.76
18.72
48.31
70.02
69.35
98.98
71.06
14.95
37.59
21.74
16.59
38.92
62.49
39.61
74.50
27.10
27.28
12.22
9.89
66.91
91.56
29.33
37.31
99.29
82.63
58.37
99.90
16.15
61.38
96.51
62.64
12.44
62.03
21.87
74.20
89.02
97.14
96.31
97.37
38.06
86.77
69.74
17.71
100.75
54.16
4.54
90.50
29.16
91.60
54.77
26.55
37.62
87.78
67.80
7.23
45.80
75.67
9.34
71.47
83.89
100.44
13.19
52.34
38.67
90.31
80.08
65.97
17.29
82.76
24.98
10.76
73.52
82.57
3.61
22.31
62.50
97.90
13.08
69.92
68.95
71.22
78.50
18.56
40.83
49.22
67.10
80.60
13.51
55.22
84.46
81.13
88.70
57.21
62.16
50.45
91.64
71.68
74.70
61.45
6.26
26.11
33.25
59.16
48.77
86.20
66.32
28.09
57.68
92.04
96.82
72.20
43.83
49.72
14.52
53.04
1.74
9.87
34.83
99.57
85.52
81.52
95.65
47.36
1.72
55.62
8.94
63.80
32.85
97.26
97.34
12.40
54.90
22.97
32.69
51.28
74.93
73.90
11.07
29.68
67.35
86.10
33.77
6.86
68.76
98.07
14.91
94.08
37.71
27.26
97.30
84.06
73.29
19.12
65.09
13.29
30.86
70.79
27.04
32.28
69.12
62.48
49.84
67.54
98.95
92.60
92.05
73.61
91.45
9.27
28.97
35.65
9.34
8.48
31.36
16.55
97.74
46.91
86.64
47.35
30.58
10.11
27.23
42.48
71.93
58.36
25.15
35.95
3.88
29.03
47.10
56.63
63.24
60.87
71.94
17.20
10.98
33.17
71.07
1.09
93.75
70.95
93.70
6.87
65.97
55.74
43.44
77.02
57.74
69.59
46.91
43.18
26.67
46.02
54.48
60.98
21.84
38.50
90.82
97.03
13.02
7.88
46.17
87.65
61.69
17.95
13.67
4.01
66.43
49.39
3.59
31.10
22.56
97.25
16.87
18.14
39.40
86.35
14.88
24.83
4.02
99.17
23.15
25.79
64.47
73.78
16.86
31.16
2.45
24.58
14.96
19.80
42.68
80.68
20.01
64.60
11.58
1.96
52.21
56.85
22.18
58.80
97.54
4.84
85.33
69.22
64.96
41.22
23.95
99.28
20.01
18.95
3.23
56.03
53.05
64.08
2.28
55.73
64.72
33.11
10.82
58.30
88.37
96.82
69.42
82.72
66.13
4.54
33.01
68.50
85.73
1.57
54.96
68.50
79.56
58.21
34.76
27.59
97.72
17.16
78.42
100.05
51.86
89.85
11.94
3.30
12.20
96.21
90.59
77.69
84.04
96.97
55.34
7.09
56.74
89.93
61.96
62.08
100.78
57.62
85.09
5.16
39.58
60.96
33.63
98.42
5.72
70.99
51.91
28.09
2.12
28.59
53.78
90.02
5.25
7.38
8.77
19.14
58.77
46.56
89.01
4.39
17.94
13.73
72.73
42.70
75.99
57.94
25.83
1.08
69.63
7.13
27.59
69.95
4.72
99.42
19.25
30.40
50.83
73.02
1.48
86.19
3.03
10.47
37.77
4.79
21.35
40.56
6.94
58.34
61.16
47.23
4.64
51.75
72.91
7.44
100.36
51.94
67.63
28.92
14.05
33.23
81.73
41.77
93.21
8.23
54.69
50.64
37.32
14.44
36.08
27.24
76.53
15.40
90.94
56.33
21.04
20.43
32.42
53.17
41.72
1.48
98.00
88.86
9.10
86.88
84.87
79.96
59.25
64.33
8.07
100.24
16.47
87.91
75.56
11.08
26.04
52.72
73.23
72.93
5.54
7.09
84.44
2.07
43.05
78.19
55.85
39.68
20.32
74.95
55.50
97.44
38.30
88.78
30.50
14.39
66.14
72.76
36.13
93.92
71.09
13.71
11.62
10.84
42.78
45.66
35.99
42.34
43.12
23.50
26.66
10.85
6.06
60.77
9.90
26.70
78.39
90.49
8.71
20.29
82.87
19.15
43.30
3.38
60.94
92.49
13.13
53.04
3.99
78.89
55.42
17.40
13.56
31.99
2.85
68.98
67.12
65.93
21.98
68.26
100.53
28.01
74.59
88.97
40.88
6.74
28.23
8.10
60.57
17.18
87.68
10.22
37.43
65.75
77.99
34.10
19.15
82.93
99.90
86.32
70.75
26.00
45.53
23.93
37.31
83.11
61.19
35.22
28.15
59.36
55.86
10.04
44.28
16.40
76.13
62.72
4.15
72.13
56.95
41.70
23.58
48.90
68.86
7.81
87.90
23.31
88.13
41.20
6.13
62.42
38.08
9.68
51.29
2.97
55.67
75.50
4.32
73.69
59.37
56.34
84.34
32.42
72.43
94.32
59.39
98.52
56.02
22.90
99.17
18.30
76.93
73.02
46.70
80.60
38.54
36.01
19.66
79.26
76.35
98.68
43.40
48.31
57.52
43.19
78.01
5.24
9.11
56.51
77.25
42.38
24.98
76.12
86.32
98.17
42.16
97.83
3.88
43.89
4.55
63.51
76.73
2.44
26.18
8.39
3.61
22.30
20.99
87.07
65.58
89.22
64.01
69.03
80.80
73.02
98.29
48.53
92.43
7.12
47.86
67.53
47.04
70.54
23.56
35.27
93.87
93.15
64.98
85.76
47.09
20.11
83.90
13.92
79.79
5.29
33.73
87.23
30.23
54.38
95.30
22.50
23.01
43.01
74.24
92.48
24.17
100.93
83.04
56.66
83.59
51.11
15.67
59.19
88.35
54.56
3.16
16.12
69.62
77.45
31.85
56.43
31.36
26.77
4.87
34.36
15.79
14.11
2.71
26.76
29.20
61.57
78.54
45.42
36.85
54.00
48.88
70.08
7.67
66.85
72.33
95.51
5.01
86.23
30.40
42.93
21.09
50.54
22.12
70.26
29.97
90.03
90.84
85.92
27.32
50.85
5.46
65.08
28.98
12.03
37.99
77.30
76.13
43.63
25.65
11.28
5.73
31.39
3.84
8.30
38.43
65.26
36.95
6.91
47.01
85.05
28.58
35.64
48.85
29.58
76.68
46.25
21.88
93.36
81.07
83.44
33.93
94.33
61.58
60.23
66.46
33.37
35.50
22.28
74.92
43.04
18.79
6.39
58.85
18.61
84.49
19.06
62.59
5.67
85.63
57.35
2.80
43.64
93.19
14.99
31.25
50.17
73.32
61.93
18.39
28.82
88.07
18.99
89.18
74.26
31.71
43.25
29.12
91.33
92.91
5.94
13.18
61.95
61.10
52.43
6.85
54.96
44.19
75.08
71.60
12.66
26.60
82.57
91.64
64.66
8.95
8.74
56.20
58.15
73.38
76.75
95.42
61.27
99.12
12.63
21.01
67.36
39.94
34.54
20.72
22.62
81.99
50.28
51.48
17.57
55.19
29.64
52.53
3.22
48.76
26.85
40.59
15.09
16.75
59.96
63.38
46.57
6.97
5.45
12.26
14.40
3.85
47.10
65.69
79.12
20.21
72.94
68.69
65.38
65.23
23.79
98.79
42.85
65.54
82.75
6.36
86.78
97.00
42.91
46.22
32.76
55.11
85.64
45.30
39.93
40.15
91.49
49.31
66.75
92.46
54.49
16.31
67.15
74.23
98.67
34.08
77.33
14.47
13.91
99.82
75.14
96.77
42.27
23.71
35.78
35.79
91.58
78.08
89.18
37.33
38.71
75.02
8.78
38.82
68.17
45.19
73.82
18.81
65.42
28.21
98.38
89.34
82.97
68.91
7.37
4.29
26.41
97.63
19.02
53.01
27.31
10.32
90.78
61.69
45.90
65.02
19.41
31.39
42.77
12.14
4.05
92.58
32.80
18.22
47.67
4.94
68.93
72.64
18.43
29.60
49.98
43.38
48.91
23.28
95.78
71.26
2.66
51.70
22.24
17.87
29.22
64.08
93.36
52.11
38.47
25.02
4.53
39.74
7.58
37.37
90.81
65.44
53.39
6.34
65.59
19.58
72.41
4.90
98.55
43.75
7.46
70.38
99.65
2.56
66.25
11.00
13.95
80.56
74.06
56.70
64.32
48.46
45.79
50.00
42.40
50.08
70.13
51.33
12.63
1.73
20.69
85.18
40.25
67.81
18.87
87.81
63.71
70.39
74.10
36.55
17.75
2.91
72.65
10.80
65.87
5.69
60.26
54.04
36.28
82.34
19.25
69.79
38.50
35.26
40.79
4.12
20.91
40.45
14.32
26.13
78.60
69.30
19.61
80.34
84.13
60.44
97.22
56.44
33.81
98.71
22.75
44.12
20.37
67.47
77.77
41.52
97.05
72.52
81.24
89.57
94.69
35.06
6.31
51.66
61.49
16.25
37.51
21.56
25.44
32.43
69.99
17.51
35.49
8.29
99.47
2.44
93.25
29.83
72.52
41.91
41.07
69.44
67.24
18.26
61.06
93.85
46.26
35.74
55.51
59.61
86.08
56.58
71.19
63.93
35.31
100.98
30.01
21.61
27.39
71.53
57.99
91.23
95.79
76.11
85.60
49.01
78.91
49.80
43.86
73.81
88.53
84.13
3.03
50.32
52.29
6.72
44.54
11.40
27.32
21.53
55.87
43.36
55.18
95.76
91.61
84.08
49.06
43.57
82.39
90.60
36.10
14.27
9.04
38.03
65.41
35.12
72.88
58.60
27.77
22.51
100.67
90.86
87.08
77.91
78.80
90.57
1.49
65.27
91.67
50.12
19.10
92.58
99.03
36.96
47.82
38.90
31.87
49.65
77.72
26.23
70.86
10.04
85.18
67.13
19.16
22.37
12.19
48.70
10.50
51.69
39.41
67.05
6.17
80.10
86.67
83.64
24.47
86.90
61.97
34.47
18.07
23.69
90.18
25.13
38.18
28.83
46.79
19.50
73.34
87.78
38.81
22.97
72.30
14.24
75.01
10.84
45.06
66.71
67.57
42.87
8.64
7.40
86.06
76.29
80.59
24.33
3.84
71.97
82.35
72.83
59.73
73.59
10.85
1.79
51.82
61.01
40.45
88.81
58.42
89.80
58.17
9.25
64.89
45.71
60.55
63.60
1.84
55.56
93.54
32.59
11.97
64.56
74.41
41.65
63.49
17.20
88.01
34.67
59.48
96.09
2.44
1.71
16.61
60.64
79.53
54.75
19.63
41.58
69.90
6.56
95.60
31.49
61.64
97.84
48.19
16.60
51.06
49.07
96.15
30.16
76.85
26.80
51.53
87.96
1.18
45.56
46.34
3.13
87.23
22.89
72.55
47.13
93.31
91.40
61.01
3.05
39.08
53.51
24.25
29.17
59.92
19.29
39.34
44.97
36.80
20.98
51.36
95.73
100.86
43.07
28.89
37.60
95.69
12.13
24.42
52.81
6.93
19.38
5.09
21.53
25.54
12.09
94.00
98.77
88.14
51.89
44.85
26.99
20.61
80.40
94.39
13.30
85.44
17.96
4.95
77.03
69.79
2.11
41.36
70.37
63.96
93.19
5.28
54.93
28.57
7.40
56.16
81.43
6.64
55.49
16.78
6.24
55.65
43.00
62.17
34.92
89.44
85.34
43.56
5.01
5.33
90.70
7.75
49.08
73.76
24.09
75.86
20.88
7.60
9.95
55.55
21.09
91.31
56.15
26.34
5.59
87.06
87.40
42.67
34.07
84.55
93.82
26.60
37.49
91.08
23.07
58.08
77.43
41.26
58.40
11.47
83.76
35.22
68.02
12.39
1.88
10.71
68.33
42.06
99.15
47.24
24.57
90.97
11.01
3.15
8.52
44.32
31.73
88.22
99.89
84.19
25.85
11.12
55.74
14.01
24.96
95.44
49.64
22.46
30.69
84.66
29.85
26.42
11.63
2.38
7.30
99.12
64.26
62.13
18.10
17.08
25.53
1.93
54.39
59.69
85.80
5.96
19.00
18.02
32.64
9.88
76.31
23.67
9.80
9.18
65.47
26.59
41.70
93.12
86.81
83.39
9.35
57.63
78.34
17.45
28.07
15.05
76.48
35.38
49.73
7.79
16.06
37.96
87.78
7.26
8.45
33.49
29.06
13.91
20.80
46.72
43.27
7.65
21.06
19.13
4.57
98.46
28.71
46.19
90.19
41.64
43.92
39.35
38.28
12.09
91.63
92.48
1.96
59.21
44.11
14.37
99.01
69.04
69.31
48.30
75.41
87.32
24.09
26.83
34.65
27.39
11.60
91.61
83.39
25.59
49.90
60.55
28.31
84.97
98.64
22.80
91.63
3.97
41.71
20.81
7.97
24.61
5.01
55.26
65.53
26.32
17.78
61.28
18.43
47.24
21.79
59.86
68.98
99.29
22.36
13.88
6.62
16.08
8.93
54.39
36.12
2.53
79.23
36.02
92.47
71.68
65.28
57.64
41.28
76.18
46.17
17.95
8.41
85.66
45.90
88.44
80.47
40.93
50.39
88.68
69.19
2.32
37.25
90.95
78.50
22.79
24.94
39.19
3.95
46.63
22.45
70.96
86.33
48.76
53.78
37.93
91.04
13.87
66.14
86.13
8.53
59.79
6.97
46.67
22.89
38.04
50.87
25.86
82.53
60.73
50.81
96.49
50.40
18.83
43.92
83.43
5.01
8.94
81.83
23.98
6.56
82.63
26.34
73.09
65.30
97.02
46.57
1.42
28.27
97.68
47.85
84.20
9.12
89.45
29.81
99.54
17.25
10.80
4.01
24.88
26.20
4.19
11.60
55.03
26.79
22.93
17.58
30.32
78.98
3.57
26.72
87.51
93.89
73.92
59.22
71.42
78.40
40.82
86.65
21.27
18.64
16.97
4.59
34.33
77.53
5.23
21.00
11.84
67.56
57.61
53.87
21.74
40.04
12.19
42.92
66.62
34.91
93.10
15.42
75.87
21.94
13.32
38.55
8.76
83.29
22.67
79.59
72.42
77.39
6.80
3.71
62.69
59.18
51.81
94.99
42.52
77.69
80.33
15.18
6.20
60.15
1.43
68.84
20.84
99.00
14.10
49.33
20.94
59.97
94.07
69.84
15.51
29.48
5.63
35.34
54.03
57.72
100.31
10.40
61.47
60.42
99.37
38.77
95.20
12.53
6.93
42.17
65.97
19.92
21.07
2.99
20.32
19.25
6.83
26.46
16.17
24.44
72.38
25.31
78.06
14.36
87.51
50.04
68.22
26.65
98.03
80.35
4.68
55.03
19.88
94.44
2.79
55.10
56.04
50.49
58.72
23.91
100.96
61.41
13.07
5.57
66.90
3.39
6.90
96.31
63.00
79.44
14.54
94.85
27.30
76.70
2.39
48.41
4.39
17.38
31.82
29.53
24.19
20.56
57.13
50.98
36.03
11.33
84.15
24.71
75.13
36.54
52.85
21.05
77.18
87.83
71.11
20.81
35.01
63.66
22.99
63.73
45.38
89.62
1.63
96.71
79.87
37.66
28.73
22.68
44.94
97.70
27.68
28.27
40.19
31.24
12.08
76.20
28.03
32.82
89.15
17.32
60.41
67.55
64.54
69.66
20.47
93.35
95.54
59.79
3.41
87.09
23.71
21.10
9.42
11.00
69.68
1.29
8.91
42.99
51.56
7.96
6.36
64.36
100.68
31.76
90.59
15.98
23.71
26.94
72.12
22.83
35.62
72.05
21.07
70.18
23.48
45.64
85.00
42.06
76.01
73.80
55.52
49.90
23.85
5.94
96.78
45.10
6.76
43.24
81.69
11.17
52.72
57.62
55.13
27.52
29.94
5.99
25.40
6.72
67.44
9.67
30.78
65.12
9.58
2.11
71.75
99.38
19.03
35.15
21.88
17.86
70.39
88.20
80.24
67.38
97.91
38.34
73.81
2.56
52.17
14.31
15.57
33.65
84.44
90.61
99.34
89.51
35.06
80.33
100.05
63.69
44.48
13.44
18.82
52.57
3.57
67.10
87.89
66.11
27.91
6.92
79.19
41.48
15.39
19.38
99.57
100.10
18.43
3.98
20.72
41.54
96.37
24.99
16.40
13.21
75.61
53.10
44.02
17.11
69.87
13.57
3.11
3.13
15.70
65.21
37.27
25.58
6.00
100.69
50.38
81.97
69.56
67.59
63.58
53.49
54.28
85.51
96.29
36.92
6.94
71.09
42.41
57.00
81.05
76.80
12.41
25.63
53.19
56.84
35.81
69.30
56.38
83.24
83.93
69.60
29.36
19.13
67.18
16.71
11.83
82.97
100.89
14.56
23.09
34.03
89.36
86.59
70.83
23.46
30.98
5.78
38.40
62.80
13.03
63.74
71.41
28.37
3.36
74.97
3.82
51.52
18.32
52.54
23.15
13.25
14.27
35.98
48.72
78.00
48.13
67.65
84.18
95.77
3.51
32.12
54.99
5.69
57.10
10.32
83.04
27.23
97.32
52.18
92.09
23.18
48.34
13.36
11.52
29.39
56.06
76.69
1.50
14.02
32.10
82.45
49.94
56.97
82.05
31.15
69.07
16.47
99.75
67.58
20.40
11.98
38.47
14.25
74.46
19.92
91.98
14.02
4.75
26.52
94.41
5.34
34.64
95.84
33.39
77.31
24.36
58.97
81.14
63.81
35.26
14.49
31.63
66.77
12.35
31.12
52.96
56.95
83.77
30.14
27.85
97.87
13.71
6.24
91.45
13.51
78.06
24.33
5.46
51.55
100.99
80.43
82.19
22.77
75.43
89.98
5.53
19.17
45.67
87.28
11.64
36.11
81.51
77.97
68.36
5.44
64.85
9.53
53.47
26.59
18.18
41.80
62.93
76.69
8.49
54.94
25.89
10.79
94.35
21.39
88.97
96.58
88.02
94.48
26.01
45.66
11.16
25.03
33.00
39.36
28.50
86.23
96.77
10.94
4.02
12.08
18.36
45.89
85.45
29.41
87.83
26.21
12.69
12.18
77.06
14.34
28.03
70.16
38.36
42.95
22.28
6.87
47.88
87.26
88.62
48.28
69.00
32.83
25.92
30.67
91.73
13.46
66.37
74.15
35.79
17.02
81.56
45.35
16.27
17.00
58.71
57.39
65.70
25.66
95.08
39.92
39.28
68.68
36.09
48.79
13.89
2.88
48.19
3.73
56.82
26.25
66.08
40.15
70.43
9.79
91.15
19.16
43.87
26.21
4.00
15.75
88.81
56.03
8.00
5.89
76.74
95.16
37.35
6.52
12.94
95.43
80.45
6.21
32.55
78.98
13.70
6.43
15.28
56.43
18.06
28.20
87.39
8.34
90.23
97.84
11.98
47.34
65.64
12.95
76.22
26.79
64.98
49.84
93.64
41.01
9.17
59.68
28.31
21.27
8.33
36.23
77.79
61.98
26.65
74.81
19.84
87.39
27.04
49.71
55.42
53.10
92.94
51.41
25.12
48.17
9.81
12.47
36.14
72.28
78.61
100.15
89.51
11.94
24.12
61.62
76.62
30.28
81.30
38.32
68.85
56.04
99.09
52.37
69.27
52.45
23.52
75.09
22.67
89.85
4.17
42.40
91.02
98.43
21.23
27.03
35.51
97.18
41.69
4.62
46.17
67.41
63.56
96.02
9.09
42.85
7.42
10.36
14.14
21.20
52.64
100.62
20.81
69.31
43.62
34.86
1.88
77.62
31.29
91.29
87.18
85.15
69.02
94.66
28.88
43.20
21.72
2.03
42.67
26.65
9.30
13.54
23.13
43.85
96.74
81.44
29.60
72.88
9.04
29.43
71.09
28.73
21.83
43.30
20.61
78.44
82.49
37.69
78.58
48.95
69.90
73.24
56.51
8.89
96.71
80.00
8.93
49.59
89.87
78.24
22.97
72.34
59.61
7.98
53.50
13.37
69.43
19.86
59.61
92.19
57.38
98.58
17.77
6.87
91.83
28.67
1.60
65.28
69.06
88.94
52.39
6.19
18.93
25.67
87.69
33.47
85.87
56.74
4.20
8.07
91.50
67.75
66.75
62.18
18.46
47.68
12.23
43.71
4.90
12.63
59.98
38.46
32.04
88.62
74.60
54.91
63.68
18.57
66.42
3.81
18.61
80.07
81.81
45.10
100.71
91.21
62.41
78.81
41.72
74.25
93.17
9.76
7.50
92.87
88.96
88.55
79.84
66.48
24.36
58.64
96.85
71.37
5.54
86.17
80.77
55.14
78.14
55.79
42.73
95.82
87.00
32.52
14.57
87.29
41.47
17.44
24.92
50.43
3.94
56.99
65.28
55.97
15.12
1.78
23.07
86.17
18.48
63.70
44.33
72.31
3.41
82.57
70.94
62.53
95.70
29.64
57.90
17.11
70.37
48.48
77.07
98.07
32.21
9.74
74.64
77.91
28.42
20.25
16.28
11.08
77.16
16.89
8.80
71.73
59.42
59.57
21.48
18.13
8.84
64.36
91.35
19.49
12.99
95.88
23.26
18.22
16.16
27.67
68.95
95.24
43.39
72.59
29.82
45.59
84.85
30.57
56.96
65.59
28.17
89.61
31.50
74.21
26.95
99.55
31.08
65.46
31.58
14.57
45.71
41.78
55.15
59.39
96.19
8.73
77.49
7.31
54.21
53.05
77.23
3.54
42.96
56.66
5.44
96.02
51.46
51.88
52.37
9.99
53.94
93.45
4.00
6.88
25.39
23.42
29.08
65.85
31.40
27.47
59.53
71.18
26.06
92.73
49.49
82.17
57.65
14.84
82.11
81.56
62.27
91.93
13.87
28.06
60.17
42.57
14.82
15.03
24.47
29.98
11.48
55.10
81.50
67.98
52.31
92.46
84.76
24.86
39.30
41.16
43.27
49.85
59.66
45.16
80.22
99.85
25.55
58.20
81.09
14.37
34.46
56.33
50.23
97.64
19.61
81.13
24.33
12.88
18.35
9.53
29.40
13.90
52.82
9.84
51.39
25.10
57.99
12.03
83.74
54.94
27.29
15.30
23.75
15.72
81.49
52.91
68.59
91.55
86.28
32.86
67.70
74.93
58.29
52.97
91.31
87.86
67.96
90.20
45.77
56.96
85.23
32.40
51.15
37.16
19.36
65.63
81.95
47.12
100.63
87.27
11.56
55.65
87.38
97.97
81.06
9.95
24.62
11.47
83.57
89.50
59.28
88.29
25.26
38.19
82.80
48.83
18.37
45.88
46.36
19.52
30.65
55.20
28.48
20.19
72.66
54.23
95.65
50.73
15.00
62.76
3.67
68.18
44.77
23.88
100.12
35.63
19.29
91.50
49.46
49.25
60.27
25.63
86.08
98.83
85.03
47.60
87.27
66.57
23.98
37.54
83.86
25.47
64.01
62.09
11.24
10.12
53.54
19.12
80.17
85.53
71.27
47.16
12.96
88.45
2.64
94.42
26.07
22.30
76.76
38.06
77.20
39.91
21.18
59.06
5.15
58.63
46.46
65.32
67.15
67.86
26.45
38.91
61.81
11.99
26.73
33.87
2.06
23.06
51.46
6.78
51.41
82.59
67.32
4.86
90.49
27.02
36.46
84.64
12.04
16.44
87.62
1.39
6.80
68.50
76.15
42.18
24.25
98.65
98.59
27.58
67.95
87.34
65.40
36.32
3.17
64.43
6.25
17.81
30.31
25.17
83.80
19.38
74.08
46.63
98.59
3.78
48.35
1.91
40.23
49.82
1.78
85.67
9.57
7.32
42.67
20.71
77.71
9.96
20.42
69.69
43.25
17.03
23.68
15.65
6.17
26.32
44.83
15.66
41.20
18.31
30.78
93.97
27.58
69.32
9.86
46.85
11.71
13.61
31.72
4.06
95.31
27.79
8.33
100.46
79.15
28.10
50.00
82.85
82.77
79.91
39.99
87.03
44.22
90.38
18.41
44.07
1.50
15.72
75.98
90.74
38.39
75.46
99.07
35.30
30.25
34.59
17.39
44.61
49.18
5.78
46.62
52.77
42.74
94.32
69.38
12.73
11.81
10.05
27.11
52.59
18.60
35.16
26.23
85.79
5.72
50.76
97.02
47.56
8.41
21.55
99.74
79.18
11.18
14.14
8.54
55.64
98.93
75.75
69.24
21.11
60.02
42.78
4.48
23.31
66.27
7.72
8.84
49.59
91.15
18.20
22.41
100.59
27.51
13.70
36.35
10.21
38.56
3.04
37.51
1.73
9.70
71.10
43.87
34.98
24.13
94.90
10.32
17.48
100.42
35.93
90.28
66.67
16.80
88.85
66.83
19.27
37.03
36.56
47.59
47.30
7.32
19.35
72.77
25.80
56.15
91.46
79.85
52.05
32.42
43.15
23.33
38.16
64.83
1.89
77.74
31.98
92.99
35.43
27.04
11.60
71.92
96.17
91.64
19.13
70.96
26.94
39.02
44.91
13.50
14.99
58.83
89.61
1.70
26.71
48.19
38.54
21.56
54.59
80.19
95.24
17.46
68.76
71.03
16.78
3.63
33.99
39.98
8.50
29.38
72.12
20.70
29.45
82.62
20.06
36.74
80.82
42.09
41.78
76.49
43.50
69.20
76.70
46.65
69.40
39.15
99.88
68.75
22.08
55.82
71.82
30.09
60.48
13.43
23.96
74.93
98.16
43.29
25.41
38.52
95.02
23.76
15.46
97.15
1.52
44.45
36.81
75.28
46.20
84.04
64.48
67.81
48.24
9.65
4.00
22.80
54.76
8.08
100.21
15.34
60.36
95.33
49.79
19.22
88.34
25.22
26.91
17.84
26.52
88.38
72.06
78.23
14.18
45.50
22.33
67.66
75.87
56.69
30.49
9.26
74.24
46.50
100.25
6.96
59.05
66.13
51.06
85.29
95.19
3.45
80.11
29.63
76.33
46.88
5.37
34.22
83.87
47.31
42.16
60.31
46.76
3.14
24.75
77.91
25.42
32.12
96.00
21.27
84.28
78.30
23.11
82.26
16.07
30.33
73.01
48.77
21.13
18.87
65.32
29.06
15.42
88.38
21.41
3.39
10.55
32.33
65.69
47.97
44.25
42.34
80.68
96.02
59.74
22.21
72.19
8.68
63.39
83.05
13.84
7.83
86.81
10.96
19.23
7.18
14.95
15.30
80.75
25.77
35.68
46.20
4.45
18.37
4.65
60.22
24.68
89.17
14.95
77.82
12.74
85.68
58.86
51.83
55.18
24.10
94.68
39.90
85.67
83.27
44.15
10.55
54.96
82.61
99.56
43.70
61.32
10.82
6.34
49.32
23.23
59.02
59.90
86.12
81.02
86.74
88.89
84.51
36.88
72.65
69.75
7.59
21.81
14.13
9.21
13.14
24.79
4.46
9.09
37.90
74.38
28.31
58.99
61.08
89.52
34.01
39.24
52.94
74.43
27.64
90.15
42.25
91.26
91.95
79.32
63.99
45.50
64.63
13.96
60.99
6.72
44.95
55.84
77.90
23.05
97.11
85.93
25.54
39.66
2.46
16.48
12.94
30.10
50.44
8.32
32.33
61.78
55.88
78.57
2.42
21.51
50.70
58.46
72.07
77.40
84.16
7.76
47.88
13.98
24.14
90.20
29.91
1.64
2.64
10.10
87.70
84.55
12.27
82.56
73.44
7.08
16.59
31.03
49.08
10.16
14.87
40.05
17.82
90.04
75.17
18.58
43.27
75.77
69.99
95.50
95.67
48.28
45.34
59.71
37.89
2.05
34.31
75.43
65.75
18.53
3.07
25.42
67.94
29.27
61.95
1.73
30.84
25.37
95.39
95.21
17.76
26.82
39.11
11.21
89.95
94.38
24.28
16.33
97.00
65.28
44.80
50.01
65.77
89.27
73.64
61.02
4.48
18.60
5.76
36.63
66.50
17.63
81.36
39.94
92.31
73.44
90.06
38.24
39.90
94.60
75.93
35.18
77.80
30.24
82.28
81.74
72.31
58.25
24.09
1.81
17.15
11.41
59.04
90.54
41.65
59.81
44.98
10.47
22.46
82.75
18.43
32.91
53.70
60.93
33.44
58.56
49.53
88.19
37.49
6.73
21.66
61.26
56.02
5.42
58.38
25.45
72.79
37.63
12.03
94.53
90.21
88.70
16.90
62.71
10.55
22.45
6.10
93.41
40.73
35.20
64.71
40.81
4.56
70.90
100.05
84.52
32.98
31.42
15.68
54.87
14.39
30.96
20.67
18.22
55.92
5.69
93.03
10.78
8.31
23.11
7.43
62.49
82.07
46.69
7.55
33.35
94.13
70.94
93.13
42.31
30.72
46.00
36.10
32.38
27.25
94.06
57.16
70.88
42.14
64.70
98.83
65.09
72.52
9.89
32.70
4.77
84.34
2.48
85.68
11.75
11.16
8.52
35.71
67.81
9.20
18.40
32.36
20.05
18.51
25.69
87.95
15.88
62.55
54.30
28.89
79.64
57.32
82.62
72.47
76.56
100.85
65.19
77.48
48.36
60.60
79.28
32.39
89.62
27.77
7.53
44.54
47.15
62.22
39.37
97.59
17.95
69.58
2.48
49.65
57.44
100.08
68.54
99.26
31.48
89.27
99.88
5.70
87.28
51.80
19.70
27.65
4.52
54.46
51.04
89.77
16.77
24.32
67.05
17.90
4.86
88.83
60.93
3.64
90.66
50.06
25.66
17.31
83.69
11.32
53.57
77.44
62.73
58.45
1.18
86.98
18.94
24.71
6.17
61.18
25.65
92.38
69.86
17.20
4.13
81.45
13.39
16.59
20.32
23.27
37.93
38.59
39.69
37.22
14.12
73.60
26.21
21.79
69.55
97.98
92.95
15.59
82.32
4.11
35.67
20.88
34.39
17.61
43.79
60.47
69.57
77.33
47.61
2.32
17.50
25.18
71.15
21.10
27.03
98.50
36.20
14.02
59.50
67.33
46.66
14.14
19.19
35.48
20.28
76.86
65.36
66.25
20.06
24.41
44.63
50.08
69.31
100.92
26.50
25.77
100.98
48.95
42.48
78.86
88.60
74.21
39.18
76.16
30.77
18.14
12.04
35.73
90.25
22.39
53.13
55.90
7.77
10.85
73.48
29.98
60.30
28.62
16.53
55.32
2.69
85.21
7.80
78.45
11.56
36.70
100.32
97.31
59.56
75.68
5.62
77.87
21.99
69.86
3.62
1.26
26.92
95.04
99.86
26.62
80.16
98.88
87.71
79.56
51.43
24.09
68.77
12.87
5.56
15.07
29.39
66.55
91.01
78.55
39.73
12.02
65.23
35.68
43.11
52.31
79.60
76.25
23.39
73.78
3.70
48.09
16.35
55.12
22.23
7.41
50.25
46.11
24.57
52.53
51.94
64.80
24.76
39.06
86.72
27.26
36.29
88.13
19.36
80.18
70.86
35.08
92.04
60.97
81.75
19.21
62.01
51.33
22.95
2.43
33.15
53.40
82.92
36.97
58.07
15.89
81.11
27.00
51.29
67.25
41.63
100.04
16.00
16.97
76.63
63.34
20.39
31.33
59.94
96.69
94.05
55.32
57.51
29.27
61.59
5.85
84.42
33.29
28.61
61.49
25.53
56.05
28.26
90.89
80.70
33.86
63.27
95.99
42.04
20.29
91.71
22.76
42.79
16.71
52.92
37.29
2.33
48.39
18.81
70.58
21.87
86.58
53.23
19.26
57.29
58.00
84.32
31.53
62.09
93.20
78.98
73.42
14.29
99.75
58.08
3.13
39.03
50.05
97.00
48.28
89.89
14.56
43.89
32.72
22.05
2.45
44.85
5.82
71.22
40.36
76.30
50.22
5.35
45.24
61.12
33.52
5.95
78.95
13.74
93.30
69.26
83.51
96.74
56.66
1.00
1.61
44.94
94.36
82.48
76.81
78.04
4.53
28.26
25.58
80.88
4.56
11.32
26.47
66.13
81.53
99.05
29.26
98.53
45.85
76.22
57.08
29.50
55.46
85.66
55.25
42.41
78.44
59.93
30.38
74.60
76.55
5.41
35.16
94.82
100.81
90.48
91.66
72.73
3.06
90.20
91.50
4.05
60.78
69.72
27.24
83.23
63.86
20.30
27.48
91.84
65.07
10.58
20.41
79.23
93.64
69.62
10.81
63.53
44.63
53.69
84.59
25.12
5.02
32.09
34.71
69.73
29.13
35.76
41.41
67.22
78.02
99.79
66.64
98.42
38.88
77.34
84.84
82.47
14.17
98.90
35.90
18.54
30.52
67.04
13.55
78.73
35.50
15.82
47.32
70.94
9.22
8.07
10.88
80.70
82.14
76.63
40.02
4.64
73.32
73.60
25.17
56.78
87.11
82.86
27.73
49.69
63.75
13.78
4.00
59.29
61.98
17.49
60.84
13.91
7.55
97.55
73.39
5.51
64.31
90.26
99.57
14.48
49.27
63.15
70.92
82.86
9.93
8.72
96.30
18.17
87.06
14.15
55.98
56.55
66.87
11.66
67.64
44.16
92.26
51.91
31.02
56.65
43.36
32.78
86.39
79.95
65.85
53.53
61.44
84.60
42.24
71.43
35.48
27.67
12.20
41.56
23.36
20.64
3.17
72.12
81.86
29.62
11.39
5.49
16.17
1.48
32.75
32.51
29.33
79.53
79.39
19.50
9.21
81.99
17.93
75.58
57.42
80.91
73.18
79.70
8.50
33.22
82.65
73.49
56.09
89.31
49.78
3.86
68.42
19.88
10.91
29.30
8.14
41.94
85.42
89.00
29.64
7.97
68.35
10.44
44.25
98.74
12.08
9.90
95.74
7.23
41.11
95.40
51.94
75.41
1.62
75.67
14.65
77.68
22.42
12.35
40.21
61.88
39.52
93.18
3.33
26.26
33.39
44.51
92.03
3.37
24.92
77.85
100.34
95.30
63.82
39.93
93.91
83.81
20.03
71.36
72.47
51.81
2.58
15.85
81.06
12.02
21.33
6.64
76.94
19.50
77.30
33.38
27.43
36.19
7.92
18.24
39.18
49.94
94.37
28.38
83.52
1.18
88.37
6.23
18.40
19.55
60.54
6.51
48.31
34.33
64.90
62.36
90.51
16.62
15.56
6.93
5.98
6.02
79.10
20.36
6.32
97.00
58.91
17.61
62.79
59.02
7.20
70.31
39.43
93.24
13.45
65.64
38.05
67.95
76.97
35.48
15.60
73.60
95.69
97.46
27.54
88.94
51.09
6.97
14.90
5.40
61.40
95.75
48.70
45.66
19.83
47.15
10.72
12.98
13.07
75.53
24.46
77.82
21.62
23.24
9.11
78.33
44.46
87.40
71.86
47.59
96.24
92.56
3.69
97.85
13.04
18.77
40.14
59.24
70.38
11.83
90.69
3.36
55.69
17.43
19.71
19.80
48.06
55.27
22.69
90.09
26.11
91.70
23.71
96.04
22.76
61.11
67.18
8.79
37.09
43.51
78.96
56.98
22.09
14.68
80.67
97.18
52.19
5.89
100.14
85.15
29.56
38.47
49.15
70.91
37.56
36.55
24.20
73.34
55.72
23.17
61.03
15.43
18.59
69.39
21.91
17.74
24.95
5.91
84.93
18.80
92.22
13.24
86.46
69.00
17.82
66.24
13.83
68.63
3.94
29.93
26.95
17.95
95.10
41.69
90.84
49.87
25.01
47.08
11.21
62.50
49.76
11.92
69.18
95.97
6.90
13.65
24.24
30.70
74.50
17.56
47.55
96.26
89.61
66.92
82.29
12.53
6.37
60.27
22.76
1.41
93.32
74.50
45.47
26.52
48.53
3.48
40.97
29.62
76.52
78.73
79.87
61.14
96.84
48.14
59.87
3.15
58.66
20.55
30.64
23.31
60.47
55.51
92.56
48.95
32.54
31.99
4.43
17.10
25.75
81.65
40.99
93.82
30.51
86.55
41.37
18.78
14.09
26.81
38.65
19.35
12.48
90.60
34.72
26.77
33.98
85.67
15.09
45.22
20.33
87.93
57.18
12.28
14.60
27.84
16.05
32.14
47.80
71.56
51.71
68.21
56.67
8.56
43.62
47.08
42.93
87.14
33.45
47.94
92.65
86.48
75.32
37.37
49.15
88.21
68.83
100.59
2.55
71.64
58.44
77.92
34.24
15.41
97.71
25.71
45.30
42.14
94.09
37.90
41.08
5.88
83.70
79.71
11.87
1.70
30.43
71.49
98.51
43.68
90.60
6.22
10.87
78.24
28.67
21.86
81.63
23.49
80.65
96.75
14.31
8.05
10.49
21.51
49.27
93.61
79.18
81.59
59.05
99.30
16.68
95.13
41.58
1.58
10.10
66.08
91.41
59.71
42.78
41.87
16.37
25.39
70.17
31.15
55.05
52.73
73.33
3.13
73.21
50.11
18.76
30.07
68.38
34.81
61.07
88.37
37.82
14.93
33.99
64.64
22.01
99.71
15.42
7.90
85.06
88.67
1.38
53.17
93.46
36.12
46.65
8.20
22.18
47.87
34.96
16.26
43.52
98.52
8.58
75.98
21.41
40.49
47.87
82.06
23.56
2.09
96.98
55.40
95.80
90.50
27.66
32.54
87.69
92.42
74.24
17.09
75.44
9.62
33.46
39.76
92.82
22.36
21.98
29.62
9.80
73.11
53.22
38.73
65.00
59.05
19.94
27.37
47.26
13.40
10.47
24.16
26.00
14.92
46.63
91.63
70.34
33.20
86.52
98.97
24.67
98.30
90.97
28.06
95.52
14.92
43.07
80.67
7.01
20.13
17.96
57.40
7.29
9.52
26.30
21.06
67.89
71.03
45.26
8.74
67.66
17.10
82.15
11.49
92.27
43.95
80.01
30.58
15.12
74.62
14.64
78.25
88.85
59.20
32.74
93.69
79.29
39.85
44.68
59.01
23.95
69.00
80.76
34.98
38.58
39.58
88.68
97.08
15.63
98.39
8.61
19.05
33.71
63.19
43.95
10.54
98.61
70.05
19.44
80.96
24.30
75.80
93.87
68.38
51.20
71.84
18.98
75.98
11.96
10.72
85.89
86.21
8.19
35.79
53.49
25.63
51.11
19.83
52.61
73.58
86.69
70.64
14.08
94.06
64.70
92.71
10.03
5.37
53.26
56.67
1.16
5.27
26.28
61.16
49.88
68.01
70.04
43.17
27.69
56.77
2.25
27.93
47.42
2.05
67.03
8.26
93.19
1.77
98.87
53.26
46.48
68.74
19.24
27.55
51.98
6.33
86.47
93.09
100.00
19.11
90.22
77.49
30.70
13.50
72.98
84.51
3.07
31.76
63.36
18.08
61.51
37.75
37.76
10.61
43.12
29.96
50.45
1.37
81.55
10.99
31.72
89.21
93.41
73.67
38.80
36.08
81.91
31.30
20.69
98.17
94.25
92.48
20.12
71.78
10.53
35.49
67.51
18.44
90.00
14.92
19.58
96.32
20.05
57.38
29.60
62.68
36.91
94.02
40.45
40.30
14.15
37.69
78.36
78.81
60.37
35.49
13.61
84.14
15.79
53.54
67.94
15.88
78.62
77.57
24.01
78.35
40.10
37.89
36.52
37.25
25.00
1.10
31.40
43.26
44.50
46.31
67.79
96.06
36.53
91.27
34.09
15.88
38.93
3.08
18.72
64.21
36.70
29.64
99.27
14.53
51.79
22.07
52.28
72.86
16.72
82.44
42.62
56.95
5.08
51.80
57.85
61.66
55.50
12.92
89.63
6.81
45.34
27.35
38.15
52.09
44.48
85.47
71.12
1.45
90.05
3.54
28.56
89.34
100.27
59.88
83.37
80.31
85.02
5.79
76.68
25.18
60.62
15.83
59.36
22.23
43.47
83.55
88.22
31.12
6.70
62.96
17.07
17.46
30.02
15.44
5.41
46.24
79.39
30.30
23.29
25.25
26.30
72.28
90.20
99.87
6.65
58.29
51.60
44.73
35.24
38.04
95.30
19.97
40.16
59.40
62.02
99.06
7.19
93.22
7.87
86.83
19.97
2.80
23.87
26.65
19.89
90.04
57.81
40.33
37.67
46.16
5.09
36.50
75.76
6.98
9.47
4.85
72.26
40.63
21.65
81.34
8.46
99.72
30.46
6.10
18.31
61.57
64.11
22.57
100.49
43.78
20.55
16.38
86.74
29.34
62.93
29.97
88.63
22.73
90.14
42.60
21.14
26.41
90.68
83.89
8.11
52.85
43.43
15.07
18.93
23.30
26.21
73.87
35.31
80.81
66.39
6.54
18.82
88.33
55.78
38.12
13.84
34.97
8.91
81.46
31.57
6.17
74.47
43.98
23.85
77.29
65.38
35.39
20.14
37.37
96.94
81.77
17.68
91.87
72.62
70.78
73.94
23.34
13.07
16.35
15.71
63.49
27.83
35.28
87.85
17.04
97.60
28.98
62.36
31.04
34.47
90.14
12.14
59.12
58.42
95.50
10.10
81.95
25.35
47.39
2.75
12.09
72.74
26.99
85.02
70.54
28.81
47.90
25.38
41.48
34.30
13.00
18.86
77.43
73.72
8.09
15.41
98.01
9.81
33.31
75.10
16.08
26.91
69.23
91.58
8.45
57.42
66.18
73.54
84.79
18.46
53.75
14.79
1.19
9.70
9.74
43.01
82.84
50.32
79.46
11.40
79.06
95.41
5.98
55.57
33.75
58.87
14.81
41.56
65.26
27.69
54.88
33.41
10.96
22.47
74.97
66.13
19.67
73.79
3.33
64.97
98.36
33.59
31.32
18.29
39.00
14.44
92.00
93.82
59.59
71.30
17.23
86.32
21.14
50.89
64.66
61.28
18.77
89.28
19.35
11.85
53.42
1.56
80.01
60.25
11.75
53.23
9.99
92.81
86.62
24.88
81.41
76.80
99.72
66.18
3.41
52.98
15.85
53.29
29.05
53.52
51.42
21.77
59.36
82.23
25.70
53.30
51.68
85.33
83.29
22.14
48.99
60.25
53.13
69.09
77.57
92.51
95.99
85.50
95.65
51.08
14.50
15.43
68.18
43.03
58.06
62.86
12.00
36.39
22.69
7.61
14.10
35.15
18.08
21.31
78.10
8.96
34.44
14.88
12.23
1.74
42.59
65.87
88.15
98.54
83.35
99.97
82.05
19.38
61.03
26.09
27.40
36.53
26.11
92.86
13.97
22.28
90.10
93.81
100.85
74.53
6.47
18.43
39.87
48.71
22.23
74.65
19.76
64.83
17.34
7.54
1.76
26.10
76.43
7.73
39.92
43.91
91.37
34.28
10.49
43.98
24.07
88.36
74.76
50.20
10.98
36.62
79.34
42.49
94.01
8.05
60.13
51.16
87.13
69.53
47.71
73.49
7.94
20.75
77.07
53.61
17.38
73.62
58.26
43.29
12.09
3.17
9.21
74.36
52.77
27.14
62.48
21.75
66.79
9.19
81.32
70.90
76.21
41.19
7.40
45.49
43.13
50.47
26.40
10.82
23.62
59.69
78.51
2.69
66.81
77.44
16.83
56.81
61.19
87.42
85.34
35.16
85.97
41.87
91.92
73.34
26.84
37.99
75.54
39.02
7.67
32.01
9.41
38.22
12.61
43.76
6.87
25.44
19.95
72.51
65.65
3.53
20.17
92.04
11.06
9.49
27.24
30.74
24.55
72.11
59.09
65.99
13.80
25.14
81.99
81.67
58.05
57.40
18.14
24.34
25.12
17.46
40.39
96.12
23.10
97.21
94.66
85.87
13.69
62.75
26.79
21.44
79.57
84.72
92.40
67.78
89.77
97.99
9.79
73.19
87.52
91.92
66.68
13.73
67.71
61.32
48.56
86.96
7.05
48.55
42.60
48.04
41.54
37.32
40.07
36.62
5.20
98.33
42.13
7.10
57.03
90.13
85.82
95.76
26.95
15.28
73.50
47.79
86.24
52.26
82.54
93.20
11.73
52.47
23.24
94.71
26.03
78.00
26.22
45.67
29.40
1.89
16.76
41.33
93.03
3.46
84.71
50.56
12.59
80.56
86.12
79.06
21.00
26.54
55.98
100.49
13.00
72.24
63.39
52.62
9.98
25.66
22.69
58.05
32.63
40.08
68.69
15.75
5.66
34.16
92.35
69.25
61.97
78.00
13.20
96.13
30.40
34.71
6.07
75.46
76.22
32.94
3.05
16.07
27.58
70.95
60.73
36.52
33.96
27.36
34.95
45.56
8.43
57.80
27.29
86.22
49.01
74.19
26.63
43.31
6.01
85.72
71.81
75.67
71.09
98.24
32.78
19.40
70.04
2.16
11.11
83.07
45.77
77.61
80.67
36.76
9.01
8.55
71.01
28.25
43.18
96.24
61.70
77.25
11.60
68.27
30.16
19.70
16.80
7.37
21.30
14.28
92.15
2.50
26.30
78.80
41.79
34.03
49.36
5.46
83.24
18.55
71.28
41.01
28.06
25.23
35.05
13.23
52.42
21.50
94.60
6.63
85.06
89.21
28.53
85.69
59.73
62.92
68.03
79.39
82.95
97.61
32.94
42.18
83.97
79.00
37.32
71.35
77.84
45.31
75.81
8.30
79.20
10.51
50.16
68.06
37.86
81.15
82.93
38.82
38.21
61.25
59.08
26.16
5.77
32.74
65.58
96.24
3.29
72.21
3.71
9.67
68.51
63.71
14.75
38.61
83.98
23.62
50.89
41.87
40.11
97.43
97.97
80.01
49.67
57.00
48.17
34.23
2.48
22.26
97.02
32.66
1.65
76.19
28.87
64.82
70.19
86.44
14.38
76.98
30.69
40.56
2.86
78.47
68.60
2.24
31.30
74.84
15.60
97.06
5.16
85.49
52.85
88.88
30.00
76.99
24.34
78.59
85.53
60.72
84.86
20.15
50.68
73.55
15.95
28.64
15.88
51.82
17.27
32.29
44.78
55.66
12.89
92.37
95.66
60.27
24.73
42.87
75.45
9.53
74.11
46.30
2.77
93.17
42.06
68.21
42.05
70.68
43.12
65.11
2.34
19.93
5.08
62.58
28.63
27.65
9.18
33.25
68.83
22.92
60.06
68.47
99.56
47.41
3.40
82.90
21.38
25.38
52.51
48.41
85.37
16.34
75.76
15.25
66.20
62.43
7.81
27.82
32.62
47.55
28.49
48.00
47.78
35.45
46.59
87.40
33.19
20.80
2.71
18.57
100.92
82.04
58.00
70.90
5.22
82.39
21.34
47.45
22.17
50.70
13.93
14.76
65.95
84.00
91.67
100.16
82.41
14.31
96.59
54.83
28.50
81.46
13.19
11.03
18.59
54.41
77.63
93.23
33.40
76.91
72.78
54.76
100.55
39.65
44.59
48.60
44.22
5.80
40.72
62.89
21.65
53.57
17.40
15.62
39.66
33.22
3.19
28.14
2.84
38.00
1.27
80.21
12.50
61.27
67.84
24.18
48.28
75.14
74.43
84.18
43.58
24.23
5.86
91.98
9.88
2.08
99.78
16.07
44.34
22.52
1.14
47.71
63.25
13.28
73.07
13.14
12.65
27.46
29.61
6.31
26.45
12.31
61.14
29.63
95.72
35.55
73.32
9.80
90.21
47.13
25.71
25.10
34.05
6.04
26.35
66.64
1.63
26.86
49.87
76.27
72.36
24.78
97.07
17.34
82.57
4.95
9.83
91.89
74.78
72.86
72.77
83.39
61.32
56.52
17.23
72.62
62.25
95.58
93.08
48.74
89.90
98.81
28.21
30.97
31.13
80.66
13.54
12.09
29.96
5.73
22.95
54.54
40.38
75.23
88.60
84.18
35.05
27.22
30.64
80.26
61.16
52.24
44.73
49.71
35.37
68.79
84.67
1.09
35.21
64.64
28.48
1.90
1.99
54.41
63.42
5.22
34.10
21.44
12.31
3.30
41.19
43.25
38.13
64.74
71.83
68.51
90.68
74.55
85.25
85.28
84.85
29.05
62.90
46.46
95.52
20.22
68.68
98.48
41.93
95.44
10.69
36.40
8.07
99.43
84.00
17.04
31.61
29.05
53.61
61.44
50.09
39.85
1.49
5.92
43.98
26.14
63.11
86.62
56.20
39.42
17.57
52.50
23.59
77.55
82.50
23.76
30.00
51.48
45.82
18.46
24.63
13.83
13.07
64.23
9.05
30.06
47.21
41.03
51.72
72.15
100.92
21.04
64.57
62.96
69.16
28.36
7.77
63.47
94.30
81.96
48.28
99.02
8.57
36.48
16.69
15.11
40.03
84.40
18.66
69.34
43.49
8.19
59.38
2.91
22.76
88.85
35.84
90.17
5.78
76.54
44.47
26.59
87.97
91.05
31.34
10.79
39.33
51.78
70.87
62.24
46.12
11.24
12.59
59.84
26.97
12.98
80.40
47.25
66.93
99.00
14.53
68.91
58.26
15.25
2.28
31.71
48.49
93.70
75.37
62.43
10.67
7.97
76.99
45.25
10.34
94.27
8.57
35.40
26.97
13.22
48.71
85.73
27.61
29.28
88.09
36.03
5.97
92.00
60.39
1.89
22.96
70.22
80.89
42.27
95.82
21.49
100.45
85.43
27.29
66.54
52.55
26.41
49.65
87.88
90.48
69.50
19.65
13.18
64.66
13.53
39.19
28.60
47.78
30.34
31.49
67.50
85.59
27.99
43.26
24.02
65.71
23.12
68.53
71.08
91.28
50.79
81.68
21.54
2.76
99.36
52.19
20.88
57.84
58.69
57.98
20.02
72.53
90.77
12.77
56.01
50.56
18.86
19.90
9.68
31.68
53.28
23.44
83.11
36.85
77.72
84.02
66.07
34.83
5.09
20.02
6.63
57.12
69.74
88.87
27.34
32.18
69.56
16.89
46.90
8.92
77.42
63.11
42.40
57.15
5.94
97.93
7.65
82.84
83.61
5.20
30.13
82.72
89.50
52.82
9.95
56.18
7.23
10.27
54.08
80.32
75.09
49.84
96.94
17.05
26.72
44.21
63.59
2.71
97.58
43.38
5.14
61.40
70.04
1.61
33.51
52.41
28.06
56.35
95.70
60.61
20.04
6.36
4.13
74.27
7.08
41.96
52.25
12.79
24.75
68.47
92.13
78.10
21.18
31.03
77.15
30.68
63.26
5.05
89.26
30.10
45.71
65.02
43.53
8.80
93.28
57.54
78.36
40.48
64.87
8.26
35.12
93.24
9.66
16.09
97.02
64.48
7.23
52.20
29.30
96.84
35.48
52.64
18.54
61.20
36.90
64.96
97.40
12.48
17.83
82.51
3.79
4.19
54.05
88.12
69.67
99.51
100.81
7.16
85.54
49.91
68.00
63.82
83.59
100.32
20.24
19.29
80.73
74.88
68.90
62.52
64.71
97.99
13.91
21.24
39.78
81.39
93.53
36.65
12.18
31.83
25.87
62.90
96.22
61.23
68.11
19.66
6.19
19.86
15.59
63.50
14.80
27.99
11.42
99.91
3.11
84.02
71.85
76.03
23.01
28.74
87.21
35.54
80.14
43.87
3.79
41.89
41.23
36.82
50.81
4.12
1.73
51.34
36.74
97.04
96.07
83.86
21.90
77.95
18.47
94.08
2.18
59.43
4.77
79.12
85.31
11.01
53.75
12.09
26.17
100.15
98.20
95.75
79.69
17.60
29.27
27.66
45.84
85.06
87.11
27.42
73.96
81.35
22.93
16.23
24.45
44.84
11.73
1.11
27.17
54.28
3.85
28.98
49.79
20.01
62.26
71.05
2.22
58.32
27.60
7.18
41.84
80.69
48.76
91.99
24.65
27.96
8.52
69.77
22.38
30.35
9.83
99.50
78.26
38.36
3.06
81.94
76.91
96.79
75.14
99.15
28.80
23.59
74.74
13.91
61.54
79.39
28.31
45.63
90.88
20.64
31.78
57.53
91.43
98.85
96.06
35.29
61.21
86.56
46.27
83.87
85.02
49.51
76.03
90.43
22.81
1.14
56.75
86.47
6.69
69.43
24.76
72.13
77.11
61.49
58.58
76.16
9.81
46.93
39.80
74.13
2.39
60.45
60.77
6.25
44.45
17.28
40.34
62.21
78.58
52.35
41.34
10.85
82.31
34.16
48.19
94.69
89.15
13.28
86.01
33.41
95.62
82.21
94.91
71.34
55.55
99.58
70.16
80.93
19.34
96.47
12.48
18.88
4.05
68.56
24.09
6.71
22.75
29.16
5.36
83.41
26.75
57.25
24.51
57.18
32.10
12.69
67.66
25.47
19.59
12.80
80.20
53.56
39.46
91.37
71.13
94.46
80.67
97.79
11.66
48.29
28.76
66.33
85.65
16.27
68.58
64.07
90.93
77.86
79.03
9.14
38.40
55.90
88.84
61.49
96.99
39.59
93.82
33.34
43.97
14.70
61.90
55.29
43.72
98.69
13.97
17.64
90.13
13.24
74.47
16.66
100.26
8.57
18.32
59.31
22.09
76.79
18.76
22.11
100.90
93.55
18.35
24.02
93.29
38.51
25.74
53.65
64.29
29.67
23.87
8.84
48.56
51.41
24.63
80.03
68.33
92.40
53.48
1.56
67.50
90.48
92.08
72.76
40.53
85.36
92.88
98.05
91.17
57.32
38.21
46.13
25.60
37.85
70.39
32.77
64.36
81.06
86.79
5.96
2.35
64.63
20.25
44.05
21.03
88.01
21.78
26.94
5.46
6.92
16.94
75.86
42.37
18.44
94.05
66.34
24.39
1.79
26.62
97.35
58.09
61.13
99.01
40.20
51.67
88.13
95.70
41.85
35.53
62.83
99.14
63.62
2.11
64.23
33.29
36.02
79.86
78.65
17.43
19.62
4.64
14.02
32.59
10.07
49.70
8.05
1.74
70.59
58.80
46.57
7.62
8.82
66.92
93.26
23.30
64.39
53.11
93.58
62.51
66.88
3.52
81.83
67.64
83.20
31.18
58.46
27.22
46.27
67.05
23.90
47.19
54.63
19.71
78.73
25.64
21.22
86.37
72.06
14.28
14.70
10.39
18.67
3.95
3.88
85.28
77.49
11.02
62.48
46.63
24.38
25.33
43.29
26.97
10.14
41.03
38.84
82.92
15.25
80.20
56.17
3.47
26.07
13.69
39.90
19.55
93.30
7.52
7.78
62.05
14.20
36.22
56.21
16.22
27.29
14.57
73.82
59.63
11.63
33.61
23.50
53.29
5.54
63.25
43.31
4.99
38.55
62.74
71.43
10.37
57.39
50.40
83.86
5.85
78.53
35.74
28.61
88.08
15.56
69.67
98.81
48.36
95.38
88.28
80.95
45.31
64.18
73.80
19.05
32.30
67.63
29.53
20.16
19.87
100.04
69.33
86.72
43.27
14.99
92.37
67.13
98.56
100.97
9.89
67.36
97.47
76.40
9.88
13.01
96.57
41.28
17.46
4.78
85.04
39.82
13.59
30.76
81.75
31.34
19.17
32.11
52.17
36.11
25.76
53.52
42.14
25.72
61.25
57.75
26.38
23.05
39.61
95.79
2.95
61.58
27.71
9.13
25.13
88.87
93.49
2.95
31.36
65.74
25.51
100.64
18.42
1.20
43.73
75.79
24.66
24.06
95.87
53.10
63.96
37.15
10.05
52.93
41.61
21.37
25.95
5.12
79.33
75.78
74.93
100.19
94.00
48.11
14.51
3.83
59.14
3.87
49.37
47.29
38.43
5.17
65.45
36.57
62.98
24.25
88.09
14.54
5.15
9.46
35.34
86.57
18.94
54.20
20.25
31.43
71.82
97.64
92.01
69.71
16.79
60.29
1.93
6.83
46.52
52.00
50.20
10.57
21.04
55.71
18.06
40.21
6.51
58.37
22.77
99.52
95.11
83.13
61.44
46.12
24.76
47.93
93.66
46.19
8.88
27.82
54.99
47.34
1.31
86.13
57.26
84.56
38.51
82.43
29.66
70.49
5.71
74.92
39.34
63.66
38.89
35.84
28.62
87.21
84.00
51.36
63.01
40.93
31.71
70.71
94.76
81.02
100.03
10.12
68.52
20.86
15.15
61.92
18.35
42.66
58.33
45.63
44.19
74.87
61.52
49.79
100.27
1.99
4.12
1.12
28.10
23.52
36.62
71.37
15.53
66.79
6.65
58.75
10.24
32.08
68.52
26.28
41.40
2.66
24.17
76.91
26.88
63.93
31.88
17.54
47.53
15.39
41.52
28.22
89.18
30.32
87.99
61.03
6.00
85.07
34.01
8.11
76.55
8.78
61.67
18.87
18.69
41.09
80.64
27.05
40.87
8.74
7.87
18.56
15.52
50.49
16.14
11.73
32.64
93.24
87.50
46.78
12.86
36.50
81.52
13.19
25.61
60.43
9.68
44.20
82.94
87.19
30.32
100.62
24.77
64.16
40.36
8.98
55.80
100.61
16.43
23.68
45.20
26.49
92.56
79.61
64.41
92.27
26.89
88.26
91.34
91.11
33.92
75.77
90.09
88.29
24.01
17.74
56.12
83.84
31.15
46.12
89.56
4.10
15.38
93.60
26.76
9.58
77.88
91.05
88.37
8.78
67.23
43.28
10.53
22.38
71.94
70.98
13.10
24.09
22.44
90.43
33.13
87.38
46.57
4.78
32.74
26.05
29.70
96.98
52.62
94.40
18.87
15.35
72.82
32.20
43.51
39.94
5.81
57.12
47.60
60.85
72.65
12.72
1.28
46.10
21.10
64.01
74.27
72.89
2.80
98.01
28.45
40.08
74.42
21.01
79.78
8.11
38.18
61.07
19.00
88.60
56.31
95.05
35.18
91.48
57.44
51.57
94.79
30.43
26.79
55.66
57.12
15.89
81.03
15.55
18.81
74.94
2.73
72.75
23.61
95.03
69.41
94.44
41.01
41.60
11.59
6.16
39.07
51.12
98.48
32.93
82.71
40.52
5.35
36.28
65.90
15.88
1.27
42.93
25.93
10.76
6.91
73.92
82.20
100.10
35.99
48.71
18.16
82.83
50.56
72.82
95.25
82.75
92.71
94.43
15.88
37.32
99.62
38.44
25.80
28.62
66.52
37.25
15.95
10.89
79.51
5.38
3.44
31.67
67.58
15.32
36.39
36.85
77.27
17.43
5.16
3.79
20.81
16.60
74.27
33.06
28.99
42.24
43.35
66.21
47.18
62.69
40.82
24.44
18.11
88.63
20.21
54.13
83.67
70.25
56.56
95.79
27.82
9.45
8.36
45.32
8.14
89.14
40.63
30.21
65.98
39.21
4.16
19.05
51.90
7.30
60.19
26.82
27.04
89.55
17.91
66.63
78.80
92.25
1.66
93.42
71.29
36.66
9.09
42.92
13.68
84.19
57.41
46.19
96.28
92.43
75.45
92.75
24.78
74.71
12.82
67.25
42.69
56.79
91.59
1.31
51.09
37.21
8.64
92.52
20.01
49.41
47.80
79.27
100.63
49.13
71.62
34.29
49.64
9.98
92.05
29.00
8.79
59.62
3.40
78.65
100.18
45.75
95.37
28.62
80.14
76.75
69.83
62.28
74.06
24.50
92.66
90.82
17.99
51.06
12.02
79.51
7.82
87.01
40.80
73.49
69.54
10.68
28.20
30.31
68.28
72.81
30.62
20.44
26.69
5.42
77.47
64.60
96.39
97.64
9.94
9.30
14.62
89.91
88.24
39.87
23.68
71.84
94.49
91.18
68.34
77.23
5.44
92.04
59.65
76.67
100.49
9.70
20.18
27.22
19.33
75.01
83.94
9.25
9.81
99.41
2.81
14.14
66.91
13.41
38.75
68.52
12.21
37.61
29.43
75.53
31.95
79.45
41.39
9.79
80.04
7.74
40.32
61.73
39.07
89.23
41.68
57.18
54.00
33.10
64.94
60.43
7.96
16.78
22.61
40.16
10.53
66.78
88.75
23.64
1.71
72.35
50.38
70.94
46.42
62.75
86.56
12.59
7.61
53.75
29.35
96.82
83.46
92.27
88.25
17.29
22.76
51.15
6.30
87.20
90.37
24.56
32.38
17.26
16.75
41.95
7.25
61.64
92.53
97.52
86.19
55.43
99.25
43.59
23.69
9.62
8.01
80.32
42.73
91.39
81.54
18.05
59.01
55.88
17.81
70.60
88.83
1.89
26.01
85.08
85.92
45.20
11.43
22.08
73.46
88.38
55.68
47.07
30.10
51.20
22.12
68.35
2.26
87.03
64.23
94.88
48.03
81.44
88.25
59.99
26.19
2.91
7.42
54.82
15.73
29.79
91.95
87.30
34.96
57.23
16.42
36.24
71.49
18.78
25.60
27.04
27.63
20.40
49.81
66.63
52.69
33.87
78.43
74.70
32.55
24.29
88.74
21.19
26.69
20.08
12.68
73.20
87.57
94.09
9.33
95.18
9.49
98.14
65.97
16.36
97.28
97.94
65.93
32.36
33.97
15.38
20.14
97.89
39.76
32.93
11.52
17.66
5.82
71.51
30.18
86.10
50.43
18.31
7.58
10.76
87.58
79.06
2.64
54.76
10.63
40.23
87.98
97.47
91.91
32.69
6.51
22.83
51.85
50.01
16.84
94.51
58.24
6.93
78.18
56.50
60.18
1.57
95.94
72.09
61.87
73.47
14.25
18.46
62.36
14.62
42.91
6.70
100.22
4.06
30.70
96.59
67.62
17.24
69.86
2.54
11.54
25.04
3.73
1.19
35.57
40.10
15.80
15.55
26.15
40.53
61.72
81.81
99.99
13.28
62.50
22.80
17.90
85.91
91.03
34.11
80.29
48.66
48.89
17.74
3.41
5.25
20.62
81.64
53.16
84.72
85.78
16.90
86.23
3.59
15.94
9.27
63.07
23.16
7.53
37.00
5.77
17.07
56.28
16.14
20.42
44.95
68.74
62.18
12.54
47.15
27.50
97.12
4.59
39.56
22.39
7.47
60.60
84.93
19.67
22.32
78.08
2.90
9.23
84.93
75.41
16.58
35.71
34.36
9.80
54.79
41.07
99.91
100.54
84.95
98.57
58.94
98.80
12.48
4.16
75.91
26.03
15.35
41.80
17.98
30.40
90.10
3.02
77.42
49.14
9.91
81.71
94.38
3.23
60.36
73.44
50.55
35.48
76.73
6.80
10.13
84.31
1.95
63.54
38.60
17.11
84.74
76.52
73.01
62.59
60.13
45.65
32.25
18.62
30.12
47.94
25.89
24.35
76.06
62.39
11.66
15.67
22.20
28.72
3.03
50.31
57.01
26.64
50.97
19.80
88.92
68.81
44.35
17.56
32.24
54.05
42.26
69.79
21.46
29.26
50.58
72.34
32.76
40.49
81.97
81.42
61.60
11.12
51.80
75.48
1.50
59.43
59.88
31.48
89.86
89.27
99.87
46.43
10.37
59.78
33.63
67.98
50.19
12.54
63.49
12.03
13.90
51.42
38.02
31.46
92.33
47.08
2.62
49.41
3.59
40.28
13.82
85.56
61.40
3.09
100.75
5.96
81.88
23.53
98.96
9.44
11.55
15.44
10.57
51.84
49.33
95.83
100.84
71.93
22.07
35.35
95.80
92.61
98.85
92.51
35.55
55.01
14.37
43.85
41.84
92.92
29.48
94.69
26.74
16.06
100.96
63.79
96.52
71.05
77.90
88.36
71.37
4.03
67.33
38.18
79.53
32.20
31.07
72.79
20.53
92.85
85.90
2.75
15.91
89.61
11.97
46.21
82.46
51.87
86.08
12.28
99.69
35.12
67.97
57.73
29.93
82.63
16.21
67.36
9.24
86.86
6.30
57.99
2.15
94.38
12.50
56.63
25.24
14.01
13.44
43.70
70.85
5.87
59.86
86.83
17.19
49.52
17.18
68.75
8.90
13.48
8.81
68.60
81.68
41.37
77.21
26.13
87.48
81.16
62.89
28.45
38.54
19.52
67.47
23.87
9.64
73.52
83.77
4.13
40.26
1.51
10.28
21.27
57.17
10.74
81.93
55.51
94.76
68.88
23.69
31.43
82.96
17.53
20.71
7.94
39.74
10.13
26.72
56.27
56.75
32.22
61.26
23.62
2.71
23.69
62.45
37.12
56.29
86.81
20.74
9.89
91.22
4.37
91.44
88.64
5.80
76.50
54.61
83.27
17.81
49.72
69.00
20.55
55.28
38.65
24.44
93.58
27.55
17.66
86.66
2.63
77.65
81.02
68.34
69.91
11.14
4.08
20.60
63.90
80.93
93.53
44.45
54.31
35.81
48.43
27.38
5.55
42.59
13.80
100.20
40.42
74.27
10.17
74.33
9.80
14.41
3.80
14.79
23.04
89.82
28.67
27.83
68.67
44.99
31.32
16.39
90.91
85.65
81.58
71.92
85.40
49.54
22.25
95.77
24.35
88.82
9.61
16.92
57.53
14.34
2.55
50.16
76.18
26.13
90.81
89.18
60.22
59.16
70.82
78.72
17.36
73.04
30.29
77.03
83.57
19.16
66.86
74.44
89.11
56.08
27.14
85.45
70.19
10.68
98.48
35.44
19.76
28.42
41.60
14.84
34.42
22.72
74.99
83.44
63.25
37.16
92.98
63.73
20.21
15.52
49.88
23.03
21.09
25.44
53.47
44.74
80.87
70.81
57.66
3.69
7.48
9.41
17.16
47.83
46.52
6.20
89.35
60.98
57.59
62.21
14.23
4.28
96.45
24.29
94.25
71.16
53.24
34.47
23.51
31.80
80.88
58.14
48.09
63.64
2.32
58.63
51.57
86.72
64.47
80.81
98.35
2.13
50.87
78.97
44.20
84.74
85.33
5.14
86.61
62.05
67.69
16.50
2.78
52.03
8.20
96.59
31.12
48.91
93.59
2.31
77.65
27.89
37.69
61.17
14.18
63.99
91.05
13.64
38.75
70.09
70.29
84.93
25.18
15.30
92.35
89.19
23.23
39.46
44.94
42.13
95.94
48.18
86.44
91.70
32.61
42.48
32.29
44.31
42.64
89.11
10.62
15.96
100.78
87.11
84.14
36.70
10.78
52.01
30.08
77.92
89.98
34.93
76.99
84.53
71.34
80.87
11.51
93.88
30.00
94.32
71.05
62.05
19.98
65.69
73.76
62.28
17.57
99.09
63.37
10.12
10.49
39.35
81.84
52.45
71.38
55.94
73.44
7.04
52.85
20.08
68.77
85.30
2.61
5.01
50.56
63.52
39.31
73.32
56.10
65.63
1.07
32.26
24.36
37.00
30.66
80.74
68.47
49.13
4.61
45.93
11.12
19.20
57.96
56.35
35.98
35.23
1.03
81.50
18.47
60.12
24.63
80.45
7.67
16.03
90.16
32.39
44.35
43.75
73.17
59.30
80.45
6.42
23.09
36.89
25.29
87.67
24.53
96.30
32.87
19.52
90.78
35.40
72.57
90.03
49.92
44.36
52.96
61.81
6.79
11.54
2.51
11.06
24.29
82.17
98.56
52.11
43.92
97.49
26.77
29.61
41.65
25.27
17.76
81.61
71.17
47.82
36.94
6.65
29.03
90.51
80.50
14.82
61.59
48.22
59.82
12.94
3.58
16.72
8.54
20.76
94.17
77.52
40.83
85.21
2.30
21.78
16.70
94.25
88.28
53.65
25.90
35.75
27.38
66.84
41.71
86.01
70.51
88.31
9.79
52.08
6.97
22.99
48.38
22.78
80.32
21.11
72.29
26.89
77.72
34.32
57.36
57.75
91.10
11.52
63.76
1.22
67.70
60.34
60.90
17.26
80.76
93.29
84.85
14.72
9.97
82.49
60.22
5.46
34.80
26.94
26.34
47.72
7.38
73.16
52.43
5.25
71.05
91.43
24.47
70.35
17.40
22.52
32.94
9.51
13.96
29.28
16.66
4.92
9.54
67.99
64.19
97.69
56.65
81.75
61.80
1.65
38.28
52.15
4.72
10.59
83.15
43.62
39.46
44.54
48.58
68.00
59.79
70.47
63.31
80.22
62.84
75.08
3.02
71.17
92.31
14.51
56.93
19.53
32.25
7.76
58.45
17.79
27.79
75.47
39.70
12.73
2.25
14.22
58.17
75.56
57.86
52.37
12.44
91.22
17.06
3.74
45.86
15.90
61.08
28.43
92.05
9.17
4.28
27.74
18.16
89.93
88.36
29.96
2.65
26.99
30.61
76.05
58.99
91.89
31.76
47.64
3.75
35.90
11.41
35.70
84.76
16.97
25.81
21.91
8.04
6.32
31.39
79.79
56.09
100.45
98.16
52.50
25.36
28.26
25.35
52.87
26.44
25.30
8.21
87.14
11.51
24.71
46.85
41.72
35.73
64.60
7.40
2.26
11.13
56.94
92.56
31.93
19.39
15.83
93.58
18.34
5.38
26.11
25.09
54.38
60.79
14.39
91.73
100.83
64.42
43.50
45.32
85.27
33.06
98.94
62.50
19.08
49.35
69.39
75.79
91.57
71.77
2.42
81.81
29.20
1.90
82.17
25.62
6.68
71.12
37.65
69.76
25.57
56.06
43.79
28.16
47.10
55.41
97.95
30.68
94.95
15.89
16.90
15.48
14.63
40.16
13.99
30.02
49.87
15.13
90.72
54.93
50.31
2.58
91.66
16.35
64.68
76.97
46.23
33.23
18.59
35.23
78.50
14.10
90.89
34.08
8.56
57.95
60.12
32.34
28.17
38.12
58.13
47.21
55.72
2.15
23.90
36.16
93.40
51.51
5.34
68.62
74.39
9.16
52.91
5.17
55.44
40.56
63.67
87.27
12.08
80.74
36.54
76.26
43.60
9.87
91.02
1.93
14.90
19.20
88.88
80.94
1.93
60.71
60.06
75.88
78.62
14.37
23.26
17.14
52.28
8.15
30.06
47.33
62.06
23.04
44.56
98.20
81.36
62.82
38.24
72.26
54.04
65.52
22.67
55.75
30.30
74.60
93.71
99.84
96.33
3.97
28.33
4.49
52.91
40.91
16.82
7.92
60.22
93.18
16.12
10.04
25.61
43.07
25.70
21.90
68.39
23.84
8.39
52.62
32.22
42.75
36.16
76.81
91.71
27.65
94.05
4.49
28.12
93.97
68.49
28.86
31.65
19.39
39.03
58.60
34.63
55.45
18.56
27.09
20.46
22.33
60.82
94.16
29.78
39.87
29.63
68.41
19.37
98.53
27.03
25.64
52.26
18.81
89.98
51.24
100.69
39.21
22.58
22.57
18.74
77.18
58.95
23.14
38.71
15.29
91.79
85.10
20.45
21.53
57.20
77.93
90.61
45.27
25.92
18.05
11.75
88.71
8.65
51.43
13.96
49.12
59.45
26.76
33.25
69.96
95.63
6.68
12.58
70.36
73.46
7.02
76.00
67.66
27.42
39.24
80.61
18.17
95.33
50.47
92.85
18.27
15.72
10.46
74.91
75.84
17.89
99.56
72.24
3.26
75.95
57.92
34.79
92.63
8.76
51.76
59.09
37.10
23.11
32.00
59.63
95.57
94.46
41.12
38.22
77.03
37.97
77.56
48.80
7.94
85.56
62.80
81.84
65.27
23.45
52.43
88.96
4.52
25.78
98.11
31.81
48.41
18.82
90.98
65.16
33.47
26.73
21.04
50.51
56.94
71.85
49.21
85.42
32.06
15.90
15.83
8.20
23.43
1.09
16.27
73.77
13.47
64.01
27.12
26.52
88.68
94.58
20.09
21.31
47.55
21.19
70.13
58.54
40.24
15.57
3.83
16.66
35.71
36.96
24.27
20.40
17.39
4.65
13.41
78.85
84.37
33.69
53.00
8.58
20.87
18.30
11.28
75.90
61.73
42.43
45.44
41.23
93.55
23.57
7.43
16.54
25.48
96.67
41.27
29.63
73.71
29.33
10.46
84.57
6.17
11.68
20.41
1.46
29.90
13.76
12.86
84.78
44.43
26.32
54.46
54.16
89.91
75.91
6.99
42.33
11.68
42.83
5.98
77.07
25.40
45.06
96.93
19.85
73.93
16.62
6.51
42.13
11.94
58.89
30.32
37.13
11.31
50.34
10.02
18.59
12.47
10.14
41.24
4.11
19.19
27.15
35.98
24.22
19.26
95.92
25.57
5.44
92.67
97.45
49.32
49.66
91.67
1.70
93.47
87.78
71.20
38.74
30.08
85.22
24.61
32.50
15.95
26.26
60.34
90.29
18.31
5.77
6.62
6.50
97.65
93.70
2.99
35.12
10.26
34.85
4.22
57.47
49.97
81.33
38.40
93.40
29.94
94.42
67.96
93.25
90.42
49.86
55.30
30.92
73.18
57.23
4.91
24.79
53.05
4.53
22.14
23.78
12.06
44.54
22.02
6.61
14.35
83.41
77.49
87.14
31.64
4.99
91.25
58.37
40.91
86.71
52.93
83.41
54.62
11.29
8.74
10.50
86.57
63.93
51.58
15.99
10.94
59.37
24.93
56.81
5.06
52.80
52.95
8.64
99.70
8.57
30.29
71.35
84.37
86.75
67.10
74.95
79.08
35.06
22.68
42.89
92.23
94.30
100.03
30.43
16.42
20.02
19.70
73.69
13.85
43.83
100.46
54.64
43.11
1.94
52.59
96.00
23.89
35.64
51.72
40.64
41.92
80.65
26.53
24.95
50.84
17.88
100.54
100.56
45.44
45.28
47.39
1.64
30.90
5.13
58.50
7.67
5.33
4.84
30.05
21.80
81.92
59.41
29.68
17.86
38.73
87.44
62.37
11.55
11.54
18.26
4.78
42.74
13.38
46.48
46.35
93.41
17.67
46.96
4.61
3.88
20.58
48.07
10.10
82.41
44.68
48.58
22.18
43.20
8.32
59.13
47.84
40.17
88.96
81.13
9.74
42.19
8.45
10.50
24.58
91.39
30.81
94.16
30.45
3.49
30.31
45.49
42.63
76.82
49.58
72.47
38.11
35.08
63.62
20.29
6.72
40.94
43.71
10.00
89.22
30.71
81.62
6.80
4.70
15.92
10.89
7.81
15.42
63.71
32.18
85.59
88.44
25.19
77.63
85.20
45.13
94.02
61.28
20.00
53.36
93.98
89.05
21.21
2.55
26.87
30.62
3.32
39.74
17.79
54.33
75.39
83.56
74.11
23.07
25.53
83.42
54.90
56.73
21.91
19.60
84.11
14.48
8.65
26.65
21.36
53.35
96.88
69.54
23.36
16.44
21.45
6.16
65.44
56.33
75.98
31.46
49.90
19.28
13.71
7.49
72.26
80.61
86.75
61.10
59.89
27.47
68.20
17.99
37.02
40.98
6.57
99.50
42.99
1.52
78.47
63.14
62.37
37.09
7.70
94.80
55.44
19.87
93.44
41.41
58.17
87.81
20.22
28.76
29.68
24.23
77.14
31.78
82.32
59.75
42.09
37.45
84.77
31.23
96.81
65.94
16.29
38.91
45.54
75.02
62.50
81.04
30.65
100.71
4.79
24.14
52.13
44.02
47.45
75.65
99.41
33.76
57.84
69.98
93.37
30.37
12.70
54.04
83.77
41.04
55.43
34.40
12.35
98.61
55.70
95.38
20.89
63.67
65.43
3.57
6.25
8.82
47.37
37.79
37.59
38.00
51.58
87.52
48.32
83.05
83.80
46.43
39.60
9.05
7.26
77.78
90.87
14.93
17.28
69.58
71.28
59.50
90.07
80.31
52.18
90.25
17.57
94.89
86.74
98.78
86.59
76.47
12.16
67.84
40.23
25.74
46.89
52.52
24.41
50.38
59.73
65.09
14.49
74.84
34.10
61.27
84.91
8.59
81.13
76.11
55.01
17.97
41.83
17.95
14.16
34.05
44.55
73.11
97.81
29.34
88.21
82.38
72.98
21.53
31.98
89.45
21.65
23.55
42.95
45.32
2.09
7.33
33.47
30.70
72.07
62.09
95.13
18.68
98.70
3.61
43.89
11.93
20.05
26.33
34.38
43.04
74.33
82.24
100.72
39.89
34.11
39.95
100.59
49.13
91.87
91.16
45.79
43.00
99.39
68.41
46.97
24.00
26.77
20.07
72.66
35.48
99.34
89.36
71.75
5.34
30.63
98.75
4.21
18.45
72.18
8.03
35.41
12.61
35.94
72.34
60.30
9.08
2.06
9.52
2.02
67.89
12.31
43.18
61.99
68.27
74.48
77.52
83.03
64.32
70.06
66.43
81.06
94.70
49.35
24.11
60.50
24.22
9.12
73.77
26.15
23.76
98.34
45.70
23.56
55.70
21.48
57.23
91.22
48.12
32.15
100.83
52.11
48.03
94.38
96.26
89.62
37.00
30.52
82.01
28.97
48.60
94.59
57.38
90.75
66.37
85.38
58.42
94.75
1.80
81.26
30.83
91.41
70.97
23.41
46.63
58.92
52.55
44.47
78.25
17.39
22.52
92.77
7.58
85.67
33.15
27.59
19.09
66.04
91.36
6.00
9.95
37.84
55.00
92.45
26.26
89.81
68.18
8.62
53.63
72.35
15.76
68.28
88.25
20.69
18.26
82.52
59.68
4.43
62.27
92.50
71.50
91.04
57.50
90.26
75.77
46.61
62.69
20.18
41.21
12.29
50.15
60.36
31.03
99.46
68.23
46.75
50.30
94.64
32.82
2.84
12.72
66.33
67.30
20.80
59.08
7.69
38.81
48.70
3.03
59.86
39.83
27.26
16.89
92.75
93.28
13.47
20.66
98.68
27.28
26.80
25.25
50.06
85.61
52.55
11.87
23.53
68.86
70.06
56.75
49.97
8.08
6.68
7.92
31.16
64.17
52.82
27.88
2.08
10.15
77.56
91.80
89.46
19.08
1.46
72.11
31.39
29.79
33.86
54.51
70.14
68.77
3.85
39.29
57.01
18.93
7.14
88.41
11.87
88.65
93.66
6.03
28.82
73.71
7.41
36.12
96.54
9.98
80.11
73.91
81.86
7.88
34.94
55.01
77.29
57.35
52.63
72.59
71.84
37.35
88.47
75.80
9.06
80.20
26.44
56.86
11.47
69.41
58.93
65.85
47.78
38.24
95.22
63.97
87.92
79.86
64.15
35.79
1.26
87.21
92.50
64.95
53.35
67.28
96.91
1.72
71.93
63.23
53.96
42.25
7.30
90.60
69.21
7.63
28.00
33.49
99.14
39.95
47.77
88.31
25.27
18.65
45.08
51.78
26.51
57.21
56.96
64.06
1.63
87.01
76.28
1.86
26.25
1.87
6.55
83.31
22.12
71.85
14.09
24.15
8.10
10.46
3.93
6.89
33.61
70.10
4.00
96.40
62.19
72.96
28.53
97.32
61.44
18.27
26.75
42.33
41.04
17.84
21.60
95.83
54.81
94.51
27.76
11.12
36.29
35.64
49.06
21.32
62.48
85.30
8.96
23.38
91.77
84.32
66.93
18.64
94.07
24.88
61.62
87.88
40.62
28.78
44.73
22.44
5.29
22.38
80.22
91.07
83.38
83.37
95.86
15.09
96.56
76.91
15.62
95.73
7.05
33.36
82.88
51.00
97.12
3.61
9.28
50.77
72.72
31.78
74.46
17.91
28.58
2.94
6.86
5.79
22.83
13.40
70.99
87.74
32.58
96.35
12.77
13.45
99.84
24.44
49.73
21.43
26.97
5.20
47.30
70.63
69.30
12.26
99.93
67.79
43.08
57.57
21.52
92.00
20.48
81.53
60.68
39.51
42.34
4.50
20.92
99.15
54.35
10.58
27.25
21.64
1.62
64.09
96.15
48.43
55.47
72.50
53.84
1.83
67.07
8.87
77.76
91.27
44.91
22.63
3.49
16.09
27.63
19.59
10.40
83.95
50.96
84.71
32.71
50.24
33.84
26.78
21.80
12.85
44.06
37.21
72.46
95.24
8.66
74.16
21.98
30.81
44.75
9.05
62.53
13.63
9.75
25.14
15.72
19.65
12.82
75.61
97.48
66.06
60.61
86.70
66.72
14.69
54.17
80.91
36.71
87.29
56.44
80.90
47.34
42.97
2.59
43.28
83.18
67.03
4.81
44.41
18.65
29.62
53.19
76.44
3.07
90.84
24.21
22.08
45.11
41.29
15.35
60.07
69.51
92.17
17.47
69.86
84.16
78.88
94.18
42.85
91.81
19.88
29.09
57.97
99.87
19.82
42.35
84.23
75.01
10.53
34.48
6.58
34.40
54.39
40.40
22.40
86.42
65.54
23.80
75.45
14.31
20.58
24.27
25.69
7.80
11.63
56.21
32.35
65.52
39.30
26.12
21.02
17.75
32.23
25.64
7.67
18.49
14.22
39.09
76.30
8.83
86.62
96.95
72.45
9.64
76.56
95.41
83.19
24.18
29.48
15.16
19.58
63.89
17.77
57.74
72.24
1.25
1.33
17.38
23.70
5.76
37.64
62.23
26.69
73.35
51.31
30.17
4.32
45.21
31.19
98.02
13.50
84.56
43.53
74.05
40.02
21.55
8.05
42.95
17.44
11.63
61.80
42.86
13.42
71.22
99.67
80.31
43.31
50.08
36.20
79.47
45.74
47.36
39.10
78.10
48.90
7.31
36.08
92.35
91.53
3.48
16.26
70.73
50.62
47.40
16.87
40.90
4.24
39.50
22.70
64.85
44.60
17.01
56.64
6.34
12.89
61.16
1.21
2.95
77.22
99.83
40.19
3.51
86.56
14.25
15.43
78.77
37.50
62.77
15.90
89.06
82.17
8.88
4.55
55.23
20.23
98.55
29.61
99.83
29.35
80.37
7.15
61.68
44.90
92.24
67.85
15.27
15.52
23.09
19.30
10.69
28.46
7.36
35.29
16.15
58.86
33.21
6.57
88.01
75.44
100.44
96.76
90.47
58.40
24.55
16.29
51.28
88.00
95.21
2.76
91.08
48.87
70.17
82.27
8.07
76.34
62.20
19.67
17.26
60.42
83.16
91.29
62.66
1.58
57.89
30.85
98.91
44.66
12.49
31.30
31.34
95.76
37.03
10.43
93.94
71.67
22.72
61.34
21.99
80.41
22.90
6.35
92.80
93.29
82.40
20.15
25.07
30.04
63.14
68.34
70.15
83.67
15.04
33.41
64.37
61.94
81.89
95.92
71.22
95.24
7.86
14.99
25.32
47.67
45.28
48.35
90.10
70.36
23.14
17.68
15.29
1.70
67.79
80.77
65.72
34.68
27.40
88.71
80.12
2.57
4.24
85.13
14.33
46.00
84.59
40.79
95.43
8.02
76.56
14.58
35.08
3.46
11.86
51.16
15.93
30.43
53.90
33.96
24.48
16.82
82.39
14.52
42.45
16.92
99.70
9.13
53.11
14.40
79.95
62.43
70.09
78.96
6.07
28.70
28.12
94.36
66.76
4.39
26.48
43.75
56.70
58.27
30.43
14.54
64.59
84.53
67.92
4.15
92.25
61.10
52.83
25.66
4.54
59.94
16.52
68.86
89.12
78.88
91.54
98.46
90.07
11.62
55.23
38.97
6.80
100.39
44.73
72.67
84.03
94.05
85.27
78.49
20.79
41.14
7.40
32.24
15.24
38.69
20.07
6.64
18.01
83.29
68.84
97.78
75.11
13.22
96.93
33.44
62.54
20.18
17.09
39.09
16.87
57.82
25.21
33.89
55.93
33.57
62.96
49.49
23.36
30.81
18.29
82.38
50.99
9.37
71.06
12.62
60.52
16.13
85.26
91.92
17.18
69.08
48.74
86.37
54.82
1.79
89.53
47.39
47.06
5.91
86.79
13.17
11.62
29.09
16.12
37.39
59.00
4.31
19.52
7.31
36.19
86.90
90.73
3.36
74.74
51.82
19.70
81.06
33.97
59.82
95.11
8.70
59.44
2.08
6.70
58.56
68.87
87.35
1.92
25.18
53.50
85.59
57.21
22.22
45.46
21.68
82.75
56.27
94.47
76.07
50.66
25.56
21.48
30.41
97.24
22.46
3.16
17.06
6.55
4.51
16.62
46.94
55.27
94.19
87.43
97.89
11.76
50.74
6.94
55.08
60.41
42.09
93.29
6.81
5.86
98.65
53.98
10.71
53.99
58.14
96.84
99.63
85.89
52.97
87.31
35.98
51.17
9.20
75.69
24.05
95.03
19.22
70.95
5.89
45.52
46.37
55.15
42.51
26.23
51.63
50.87
41.39
65.41
23.49
6.18
4.54
9.79
82.54
9.58
22.50
88.16
16.03
56.58
13.17
64.98
79.84
89.28
1.77
12.29
27.83
32.41
68.39
58.82
30.70
62.32
33.25
19.70
13.34
61.89
81.61
11.96
8.51
74.67
78.51
91.39
10.89
15.63
1.10
11.63
100.19
59.86
34.56
6.93
80.74
92.49
69.87
10.25
21.16
92.12
49.46
69.79
58.74
24.77
43.75
37.22
96.79
65.21
59.80
50.37
3.98
90.59
20.57
51.74
20.99
16.80
5.26
59.23
95.89
90.35
50.81
91.95
2.58
61.54
75.62
33.75
91.55
24.01
10.29
54.25
33.46
8.05
7.28
48.56
15.46
77.15
3.50
96.68
33.89
73.94
39.87
84.16
32.59
52.55
62.81
83.26
30.26
7.91
11.62
8.55
30.89
10.42
78.39
13.86
82.26
18.86
97.92
66.13
93.19
26.58
17.73
39.78
14.92
41.48
99.33
85.96
61.57
69.97
16.04
69.30
83.05
19.63
23.62
41.79
74.31
15.03
16.10
54.43
46.80
98.49
55.77
8.37
73.74
11.92
23.60
95.37
1.07
45.18
4.90
20.32
8.13
31.64
79.78
19.90
16.01
33.62
100.87
27.34
21.49
84.25
9.45
69.72
54.58
53.25
67.77
90.39
26.66
45.97
30.92
23.42
78.06
48.12
30.09
74.13
87.71
48.53
30.51
47.76
45.50
1.39
78.88
41.99
47.34
71.27
54.43
85.54
1.13
45.49
38.39
2.87
52.73
57.05
26.85
22.82
55.76
17.90
24.88
71.16
58.66
41.59
45.11
58.63
73.07
19.30
50.50
12.32
24.57
12.97
41.29
64.86
88.26
12.83
98.02
40.19
71.85
33.55
87.05
10.25
3.97
2.63
17.24
6.06
18.26
9.08
54.08
63.71
7.80
21.19
81.74
44.01
6.41
54.15
83.86
38.69
77.83
100.57
56.46
86.54
58.47
98.60
30.10
23.08
54.40
97.03
47.03
53.39
31.18
34.88
82.68
22.40
55.16
95.03
66.32
87.56
86.47
34.01
81.29
37.75
56.53
90.57
65.65
98.31
49.83
91.88
59.74
52.48
79.95
11.07
66.27
51.42
79.73
27.11
13.82
9.05
55.18
8.32
78.80
38.80
52.61
19.98
61.39
99.06
26.94
60.20
38.01
61.36
86.56
53.86
96.73
55.91
89.40
62.58
10.43
14.45
18.90
35.97
100.36
26.82
63.98
79.03
94.11
35.69
56.43
76.16
13.64
75.02
81.90
48.52
80.45
83.06
96.55
89.58
86.00
89.09
16.19
44.80
35.93
43.23
53.18
74.30
92.96
28.67
63.11
49.00
1.12
46.92
4.44
51.32
48.33
15.68
83.76
24.85
33.00
42.14
34.42
24.08
76.54
28.10
12.08
83.97
34.94
36.16
56.51
17.34
51.29
6.97
33.72
70.66
70.22
23.01
54.08
1.65
32.94
59.78
59.04
70.69
18.62
24.27
75.00
31.12
33.68
94.05
34.73
61.09
54.87
19.98
3.37
5.20
53.78
13.34
92.50
45.46
76.42
77.55
31.45
16.00
94.79
5.11
87.28
41.06
46.88
9.25
7.10
70.55
39.30
7.89
44.78
96.07
78.04
76.83
87.63
96.89
18.40
64.07
64.66
64.79
27.47
92.48
20.00
9.82
39.37
58.34
22.30
83.62
90.27
5.38
81.14
15.86
13.70
18.47
81.60
34.48
95.45
12.28
73.92
99.32
22.06
24.91
12.58
2.65
34.97
98.28
49.44
98.47
90.24
38.14
7.54
60.51
97.46
1.65
12.56
1.24
86.98
28.61
14.51
85.91
13.03
19.58
15.41
58.62
92.58
36.88
7.63
38.52
51.99
88.81
38.63
79.24
6.24
89.97
51.63
43.14
6.94
11.73
28.35
14.02
85.93
21.95
66.66
81.93
34.98
18.93
4.00
54.09
93.03
44.56
23.78
59.60
4.79
11.10
32.58
14.26
86.39
71.15
64.01
88.30
48.44
41.97
73.78
57.59
31.93
92.42
37.37
79.40
24.27
14.39
25.40
50.02
40.27
20.70
25.29
82.57
61.40
34.47
33.44
15.96
85.91
19.86
29.38
76.45
32.19
28.03
8.74
81.12
82.08
31.59
7.94
55.74
23.26
48.95
2.02
9.97
98.89
87.23
25.25
20.78
6.88
66.81
47.08
24.32
75.42
5.18
97.59
8.11
76.96
57.15
17.76
62.79
92.09
23.08
7.55
28.06
57.71
81.81
8.44
58.15
81.66
21.81
93.59
32.60
83.10
33.36
6.77
23.35
21.91
11.92
56.94
58.08
87.48
86.68
5.30
72.34
73.22
84.11
50.04
41.03
77.74
25.30
79.29
81.85
14.70
33.01
20.77
70.51
95.02
13.31
90.96
100.31
2.17
27.97
72.07
75.13
41.15
92.88
32.29
74.59
30.85
86.56
71.08
12.66
60.73
10.39
45.10
40.89
30.54
93.43
18.41
11.33
38.70
23.64
1.15
5.70
27.26
66.38
56.17
24.36
81.33
54.45
87.10
18.55
92.65
91.10
36.11
4.03
34.15
71.58
100.58
79.62
15.21
69.16
3.27
59.64
17.09
20.75
44.65
5.10
59.31
62.31
7.73
13.50
85.99
27.93
99.56
50.58
18.32
22.46
70.14
74.65
88.08
94.29
50.07
24.49
72.54
45.52
3.05
59.87
77.68
59.94
11.38
82.69
79.56
27.95
30.72
21.66
70.57
2.32
15.22
13.03
31.13
74.86
92.32
6.48
69.30
71.03
68.54
88.73
8.46
10.78
16.05
81.62
27.19
57.52
66.18
13.40
48.63
8.13
31.87
75.38
55.51
50.21
8.31
100.98
15.82
69.10
27.58
13.53
14.05
86.05
45.85
51.82
32.64
25.38
88.11
69.09
89.51
4.57
7.52
65.35
60.94
78.78
33.49
14.63
44.82
26.01
10.24
25.85
87.41
50.66
95.45
47.74
13.32
81.03
57.37
63.07
30.95
25.96
81.93
14.51
63.92
21.62
14.07
26.17
37.84
1.47
7.97
89.23
26.38
98.85
4.43
81.64
26.41
28.77
14.38
35.21
82.97
27.98
79.44
41.42
70.40
38.18
46.65
10.97
37.27
82.07
57.66
98.15
19.26
97.50
34.18
68.37
15.48
88.16
19.79
7.54
63.44
62.58
34.06
30.04
83.19
53.63
52.61
94.80
15.19
28.68
19.92
24.70
34.83
10.39
87.14
12.68
94.16
18.26
24.61
1.93
20.07
67.82
41.44
36.05
90.13
92.91
66.32
38.72
15.19
28.15
79.09
57.28
85.86
61.43
17.83
91.43
14.41
87.41
23.20
90.35
8.00
28.98
25.24
1.28
72.49
94.29
96.78
20.51
14.93
65.73
65.40
11.28
50.30
88.44
1.75
90.31
12.58
3.96
1.96
81.30
5.38
13.50
85.82
75.79
41.16
88.65
35.35
37.79
70.38
65.04
20.44
82.14
17.56
90.40
30.09
2.93
63.87
74.80
32.61
29.47
3.99
4.01
2.07
4.85
50.74
23.52
9.37
2.76
70.70
88.01
61.64
61.01
7.25
17.90
94.61
36.43
8.15
62.09
21.26
8.74
35.64
25.51
37.04
12.31
71.62
83.89
3.51
32.15
55.77
93.43
24.30
77.09
47.65
83.74
9.25
12.96
12.36
26.74
68.24
15.88
63.61
29.61
35.22
17.91
20.88
23.03
10.18
23.91
8.34
65.18
90.21
25.31
90.59
9.51
15.80
23.67
12.99
18.34
56.15
11.24
73.86
65.79
34.65
84.55
19.60
38.14
30.86
2.73
5.00
42.83
15.39
28.15
50.10
6.61
9.49
28.90
14.50
50.72
98.05
68.25
39.91
63.93
70.74
28.38
94.53
76.51
4.96
98.07
99.51
57.51
95.60
71.66
12.00
53.87
31.91
73.71
53.20
93.66
35.47
61.12
49.69
45.95
37.95
94.05
4.03
51.72
85.18
90.69
62.92
58.49
84.55
10.80
26.76
62.26
60.72
50.99
74.89
4.65
68.93
62.61
21.02
3.07
71.06
20.04
42.89
93.76
45.11
50.07
52.21
4.00
77.86
22.61
91.01
1.29
94.54
68.70
41.94
7.91
15.32
9.12
92.15
77.95
73.75
38.21
69.46
46.64
82.60
18.34
21.02
29.21
22.17
72.75
82.39
66.94
28.69
99.82
45.82
40.25
53.37
64.45
52.38
16.12
65.18
75.44
24.70
3.50
10.87
35.54
84.72
28.38
11.51
92.90
24.01
70.14
75.18
48.46
66.65
41.47
45.12
20.11
90.45
48.84
84.63
67.60
31.24
98.98
11.62
18.91
95.91
49.91
51.98
6.68
4.53
4.18
46.12
83.05
97.73
65.93
1.07
61.69
95.97
31.92
93.04
4.53
86.90
87.13
86.82
67.88
76.65
26.04
36.99
65.82
91.90
91.62
64.68
14.60
74.83
3.88
76.88
5.09
64.12
53.38
86.29
39.56
46.80
7.92
11.02
73.36
35.94
76.03
40.12
14.92
82.00
64.53
10.05
54.00
5.08
27.41
29.10
95.75
17.46
45.23
33.17
74.12
12.97
4.34
48.50
81.82
35.49
96.63
6.16
50.59
55.64
72.33
7.10
54.20
60.08
22.01
47.15
66.45
61.00
39.96
53.05
63.61
81.15
37.82
20.41
98.83
81.65
46.58
38.55
42.72
22.11
26.47
5.59
38.83
92.45
7.89
55.36
21.04
22.90
85.45
95.05
67.49
99.20
30.20
9.05
97.74
84.93
34.35
11.07
46.89
73.49
65.63
53.38
87.53
19.08
45.95
68.17
50.30
70.94
63.59
57.19
20.05
94.05
7.45
95.44
90.60
65.00
97.22
9.99
29.29
6.42
78.10
63.79
4.68
47.04
24.53
26.15
45.61
21.58
60.07
83.99
19.06
25.15
35.04
4.72
39.41
19.56
20.99
94.39
94.90
50.79
71.48
77.09
67.36
41.04
63.76
13.21
52.24
44.12
58.34
25.58
42.65
25.80
47.95
1.90
30.86
2.60
26.89
91.59
29.25
68.37
52.20
5.66
96.50
91.27
76.61
31.46
27.95
82.99
77.59
81.70
83.57
77.92
65.06
6.49
24.87
13.56
25.89
94.00
11.01
94.54
62.05
10.05
97.84
52.82
6.28
40.51
79.24
48.20
72.27
60.98
8.42
27.92
1.70
23.52
40.23
98.33
9.75
91.12
17.89
52.49
12.94
37.38
31.76
77.21
57.85
3.72
71.88
21.77
17.60
31.51
46.37
32.18
14.82
15.16
4.54
29.62
91.56
7.69
75.18
62.00
52.73
95.35
15.84
45.60
82.11
15.90
3.47
24.01
11.05
46.67
74.58
13.89
17.53
10.32
2.44
35.45
65.12
87.88
5.25
90.86
34.48
27.10
57.58
96.48
24.89
42.76
11.48
2.69
35.56
45.44
8.53
1.03
79.07
71.90
67.92
54.13
49.49
13.43
3.88
24.87
3.44
94.18
91.69
57.37
9.04
46.35
12.31
7.62
20.88
83.56
33.24
88.77
48.46
40.67
8.42
5.75
2.27
83.16
12.64
88.90
24.91
75.77
88.95
73.54
36.18
90.23
64.72
73.59
25.52
43.71
23.64
25.62
73.27
35.17
18.92
71.15
43.06
5.23
36.34
99.86
5.52
48.41
64.72
15.40
3.29
84.48
27.12
74.16
75.68
76.77
85.71
37.15
84.18
6.91
90.62
11.29
55.34
10.75
51.61
11.41
86.77
48.27
37.06
85.23
91.64
4.28
34.26
47.80
13.11
43.69
75.58
24.89
1.21
73.25
36.89
13.40
63.70
84.68
34.08
22.43
20.23
97.09
9.02
94.38
20.48
44.06
79.84
52.60
41.90
54.65
57.64
17.77
75.40
65.58
65.98
30.82
93.03
41.60
99.39
50.28
95.29
70.76
6.26
35.93
64.18
54.31
70.63
85.08
93.92
36.72
69.53
94.80
12.81
6.14
44.55
84.20
78.86
61.71
87.43
76.26
47.63
20.89
40.15
74.81
16.12
3.40
13.68
23.75
41.38
20.32
93.59
1.22
75.89
26.36
69.09
48.09
69.40
65.60
59.78
47.82
23.80
88.35
10.53
59.03
49.02
16.00
27.27
28.29
14.60
3.61
36.34
95.33
98.36
13.88
57.16
35.10
16.21
38.77
3.28
21.21
19.30
74.45
35.18
10.64
23.82
30.42
96.97
44.64
10.55
97.27
54.18
6.32
21.09
73.57
26.27
61.75
98.52
71.85
75.83
52.65
37.85
10.48
69.36
46.35
38.66
98.81
78.01
83.19
20.89
18.02
33.10
3.94
55.85
15.74
43.12
31.24
73.53
44.45
59.57
15.43
66.10
89.56
31.99
80.36
8.44
51.02
78.11
73.14
5.10
52.03
9.50
81.36
52.05
36.97
66.11
17.09
14.84
46.32
17.36
46.38
85.57
56.74
27.54
3.84
9.51
33.71
64.69
47.75
14.41
99.25
1.77
18.46
50.22
43.51
55.05
77.04
74.09
93.27
47.26
42.22
58.90
95.66
3.55
42.81
15.53
90.03
26.02
18.83
47.31
60.18
1.20
11.61
3.64
95.18
41.56
87.08
2.12
34.04
75.49
15.29
1.40
67.23
22.21
45.97
6.50
37.93
58.16
90.84
33.47
97.51
24.02
13.88
96.49
19.60
89.28
8.14
96.85
90.54
85.33
41.73
47.51
49.58
100.80
80.89
95.64
32.13
11.56
60.30
84.94
27.86
7.13
93.29
72.02
45.41
50.09
58.35
97.27
12.41
32.13
31.30
22.99
30.23
73.92
39.56
28.50
18.51
43.24
63.49
2.49
28.66
100.12
71.78
56.31
56.84
26.50
71.26
47.73
46.39
21.46
36.70
55.68
48.68
19.51
39.29
18.69
44.78
23.73
22.58
86.60
11.99
23.74
22.96
50.88
99.49
71.60
94.21
67.34
3.18
8.71
54.70
93.79
19.20
46.31
29.23
33.31
29.73
61.57
87.12
84.00
58.36
91.99
52.99
58.40
73.86
100.88
70.47
54.74
28.59
18.25
29.12
84.98
14.84
52.76
94.72
74.03
10.35
11.55
48.65
88.76
89.86
46.57
14.99
25.42
63.19
8.94
74.80
12.21
76.79
17.61
64.87
55.73
30.05
63.69
69.42
11.27
58.53
67.81
36.04
20.75
46.38
83.97
19.66
21.60
32.23
50.32
73.52
48.83
37.13
52.71
80.22
97.97
17.18
1.38
47.95
6.88
14.00
92.89
3.45
100.74
84.37
34.54
66.66
7.47
20.41
41.62
80.48
51.16
63.24
65.16
83.28
95.20
99.98
8.01
59.40
27.44
53.20
20.48
73.68
24.97
95.73
73.90
17.49
18.88
67.62
46.02
33.81
30.26
94.25
95.21
33.66
25.41
71.88
63.64
3.63
38.67
30.00
50.64
21.11
16.72
53.99
21.51
91.47
11.45
49.79
97.33
92.41
79.83
27.60
23.34
13.86
7.01
26.73
90.70
12.54
4.86
1.42
9.37
78.58
53.23
12.85
77.40
7.43
86.76
19.58
1.47
40.32
59.00
11.71
52.45
5.15
20.66
12.95
10.69
54.92
23.81
63.90
68.02
13.99
2.55
10.70
2.65
38.45
9.74
84.61
38.57
68.64
27.99
56.59
48.63
20.26
16.03
58.65
20.83
90.27
59.43
57.78
28.27
90.26
43.75
76.97
100.87
80.70
94.43
16.99
45.57
83.01
13.80
96.62
11.34
15.24
48.80
63.22
47.44
23.84
85.88
20.79
17.41
40.29
51.38
87.28
93.96
56.53
96.84
34.47
43.67
81.95
92.15
5.28
52.61
65.04
23.07
17.22
69.60
8.62
15.86
31.47
12.01
17.08
73.19
99.23
27.71
93.85
35.13
6.69
30.45
78.44
98.40
11.37
19.32
5.47
95.28
42.37
86.89
55.46
28.68
84.70
83.90
78.07
52.36
58.65
55.99
8.28
9.69
10.14
69.11
84.04
64.56
82.56
24.16
24.26
31.66
64.62
92.71
71.02
79.87
95.74
52.71
36.41
92.82
18.66
28.53
93.39
98.64
42.27
69.56
44.83
10.19
6.06
71.70
70.07
9.25
75.24
58.98
33.96
9.61
30.38
29.72
25.60
94.21
18.81
24.50
92.94
29.12
10.30
35.72
91.47
47.74
35.09
71.26
63.91
52.57
29.63
21.44
39.81
74.51
2.09
12.46
39.74
22.58
9.20
46.34
11.30
23.07
90.17
55.11
60.41
11.38
4.90
73.91
3.14
49.52
4.94
66.87
64.98
88.06
23.07
88.96
6.47
5.21
90.26
16.10
14.45
15.98
72.83
11.25
48.65
82.32
97.76
69.76
25.72
1.92
1.70
49.97
95.62
11.17
71.69
66.20
4.03
58.44
91.52
88.64
82.34
4.65
83.43
22.71
14.20
41.19
75.98
21.49
7.79
9.80
87.58
28.59
28.92
14.65
46.10
58.68
30.38
55.60
93.66
40.89
37.25
32.94
32.79
6.21
23.41
54.28
76.51
70.11
85.54
32.17
100.42
97.67
90.79
24.82
2.21
30.18
74.14
86.84
94.38
94.50
76.80
76.16
3.44
23.05
90.93
7.37
99.61
61.25
91.34
46.59
48.93
64.32
89.92
72.20
76.28
86.17
18.60
90.23
56.07
72.99
68.38
79.50
38.71
27.64
68.90
4.64
69.99
17.36
48.70
50.52
100.59
5.99
35.32
54.61
2.73
97.48
43.74
18.54
14.38
36.32
16.71
9.28
94.20
96.15
20.63
69.53
19.95
97.77
56.31
92.55
5.66
9.31
31.02
2.30
27.43
58.95
18.99
29.82
100.94
79.05
1.48
23.36
75.50
29.16
84.07
24.90
28.08
50.53
73.35
82.82
79.15
38.05
42.90
44.07
27.16
31.49
92.00
29.66
48.51
96.45
62.86
19.56
98.31
69.57
11.63
84.95
84.59
47.20
83.86
15.46
14.64
55.34
83.46
6.72
7.65
46.33
74.99
68.56
27.57
9.14
97.78
89.70
68.88
40.44
29.82
25.46
89.32
66.09
26.36
22.90
15.97
19.09
15.76
20.61
84.82
44.88
35.73
77.45
25.14
84.79
68.23
95.40
91.51
69.97
60.63
56.83
44.19
87.34
83.50
30.47
37.76
28.60
77.73
94.32
55.48
9.66
16.29
46.62
99.96
96.37
78.03
46.78
100.96
33.13
43.74
91.46
4.48
82.36
99.24
12.37
50.29
11.65
17.29
49.89
89.71
47.35
14.02
95.54
84.53
63.47
63.93
84.93
100.66
75.56
33.62
6.68
7.83
76.33
36.93
2.54
83.81
74.72
99.41
19.78
40.68
32.09
99.04
57.33
46.63
85.13
2.40
32.51
41.22
49.12
10.50
60.93
28.18
40.21
29.00
27.24
14.37
16.56
21.80
25.01
8.34
61.92
28.55
30.06
36.41
63.26
5.28
34.56
98.69
9.54
74.89
59.89
52.33
40.05
57.42
6.75
16.82
1.59
88.16
18.58
93.07
93.77
23.12
1.55
3.66
12.61
44.37
21.94
27.06
14.53
86.15
45.49
41.36
83.30
13.01
94.93
20.99
85.42
13.72
30.44
7.91
37.55
3.92
50.71
67.04
34.85
28.88
85.43
98.30
46.86
14.53
33.87
70.24
78.97
53.96
1.92
73.67
46.25
47.89
21.47
19.16
55.86
9.54
32.22
85.73
35.92
97.15
69.69
10.60
22.24
22.81
52.03
90.88
96.11
100.98
13.78
12.88
69.54
19.26
30.07
24.45
81.34
99.19
24.21
34.07
30.23
8.38
83.23
1.15
61.84
97.71
44.00
94.92
20.48
51.08
28.15
88.24
72.04
33.87
32.99
51.24
17.63
27.37
7.57
94.10
78.59
40.23
25.47
59.53
61.62
30.23
51.47
72.46
93.75
74.86
1.05
87.54
92.90
15.25
40.77
82.20
53.05
39.36
7.20
44.81
8.13
65.75
39.61
18.09
72.21
8.03
1.39
85.88
90.73
18.03
79.37
7.88
6.65
10.87
72.45
73.64
93.11
25.40
34.52
69.61
56.49
89.30
58.38
30.57
49.16
26.98
16.21
18.34
69.58
5.73
94.36
11.63
10.75
87.37
2.35
88.32
45.31
2.60
46.32
16.02
14.41
36.62
23.83
100.30
85.66
17.14
79.25
91.12
10.47
8.85
38.18
48.63
70.29
22.26
100.45
32.34
73.32
2.54
25.32
71.87
89.42
72.40
43.64
24.43
84.72
100.98
70.86
6.70
56.21
4.86
4.83
78.57
92.10
48.51
88.41
44.89
66.27
22.95
80.70
17.17
7.72
63.54
40.12
58.39
8.81
23.92
14.06
31.35
59.54
96.71
30.26
27.53
18.89
19.29
31.11
9.20
6.30
87.48
73.69
52.51
98.13
44.81
41.15
13.58
81.02
53.30
49.97
75.96
10.46
7.27
21.82
26.28
43.32
51.30
92.11
42.49
57.11
4.10
51.60
7.67
38.77
87.81
94.94
41.55
20.31
69.06
70.78
44.26
88.52
34.30
85.81
72.05
92.58
39.80
40.49
68.83
85.88
91.06
4.11
5.59
53.21
64.10
2.53
62.20
12.57
85.19
92.30
60.70
73.17
87.69
20.35
66.03
61.83
60.74
2.01
37.22
84.32
14.73
31.52
66.50
91.93
52.39
56.26
27.82
61.72
94.57
15.24
78.31
3.56
8.45
75.88
34.35
13.14
74.80
88.36
37.97
58.26
46.39
68.30
78.21
26.37
59.25
93.21
52.74
43.99
51.56
8.18
9.32
2.20
98.31
47.82
37.43
58.55
3.92
80.47
15.41
11.39
1.18
15.73
100.67
95.42
75.61
53.67
12.87
9.55
80.41
55.07
91.28
32.31
22.67
11.06
37.98
31.33
46.05
97.91
11.08
92.70
64.53
16.58
19.72
21.23
15.25
36.72
87.85
33.25
74.57
55.65
80.50
75.76
22.12
2.52
36.14
87.30
41.59
27.66
24.91
45.38
64.68
60.97
46.04
89.51
80.67
13.31
43.78
86.39
62.75
100.16
70.57
7.54
38.11
76.72
1.75
72.37
9.92
97.81
17.84
97.71
1.22
70.03
29.58
89.61
96.51
18.72
54.24
52.57
78.95
62.06
42.72
24.25
26.42
2.31
23.13
10.76
82.87
41.85
32.48
18.18
11.33
75.86
68.42
52.60
6.63
39.89
83.51
31.87
52.51
68.61
24.45
42.73
27.30
41.30
2.24
71.43
61.54
73.06
21.45
73.69
11.45
39.85
60.93
22.71
68.75
57.88
95.75
35.17
15.26
9.87
18.72
9.34
53.48
83.49
100.38
11.80
55.60
3.76
9.23
87.31
17.48
96.89
18.63
89.67
64.43
78.17
43.53
12.67
14.11
1.45
73.54
52.99
86.37
73.43
90.34
84.04
65.19
16.73
67.99
27.94
70.41
4.65
77.95
15.47
21.28
47.14
14.53
78.19
21.76
12.42
100.91
99.26
49.73
40.65
8.31
13.65
3.07
91.13
31.59
16.11
38.44
60.78
87.86
12.63
29.86
66.23
19.51
69.12
4.30
5.82
23.92
57.16
64.40
4.53
91.04
75.85
6.48
18.09
45.20
47.67
48.37
84.03
86.00
84.29
26.12
68.12
98.36
64.99
84.91
37.05
50.04
29.84
6.14
79.76
11.05
83.90
19.29
23.46
14.77
22.51
6.63
6.98
16.91
100.01
64.51
44.92
44.31
58.08
88.22
40.89
79.02
69.93
19.20
55.46
52.73
42.62
38.58
30.11
62.94
3.13
2.83
46.91
43.28
40.99
59.21
35.76
14.40
17.90
27.86
69.04
30.91
44.77
63.16
95.33
86.54
25.86
61.54
80.01
84.88
58.08
32.96
14.99
16.55
97.54
24.57
65.36
22.46
47.47
21.74
43.01
17.81
35.04
100.90
98.04
5.77
54.27
43.96
5.66
10.78
13.29
63.01
100.96
55.86
37.10
69.15
73.20
52.43
79.27
25.17
82.66
37.64
100.09
77.59
77.74
83.00
64.48
78.32
26.44
66.64
100.35
14.58
78.11
48.02
4.46
46.74
14.22
20.49
13.43
21.77
31.93
82.35
22.46
72.66
18.98
27.61
29.02
90.29
8.51
20.42
30.89
20.91
55.19
15.94
64.35
35.63
49.07
45.16
79.97
100.84
42.47
45.18
14.13
54.12
16.93
63.24
2.68
31.45
20.97
48.15
7.53
24.38
67.29
80.56
28.36
66.64
41.60
72.64
6.05
51.94
24.05
93.29
9.58
76.21
18.65
55.54
31.74
18.68
86.81
39.11
62.32
8.39
46.65
23.44
19.31
37.09
78.90
14.75
2.43
80.40
34.84
37.96
36.96
87.88
47.04
26.12
40.05
95.29
33.67
67.51
82.04
22.17
8.23
70.82
70.32
3.63
12.80
8.37
39.15
25.69
31.37
70.22
49.69
13.03
90.89
72.22
13.08
19.89
21.38
67.76
79.29
87.11
1.84
61.51
75.08
18.75
44.35
9.03
97.12
15.47
34.17
4.95
99.13
1.07
32.01
22.05
43.25
5.33
62.19
4.10
79.44
87.63
61.07
13.12
100.07
16.45
1.19
95.45
10.24
73.96
1.27
67.46
18.00
23.98
14.37
6.56
6.61
27.79
15.01
16.25
20.61
7.59
83.82
27.75
55.50
59.13
76.58
57.60
50.71
23.94
27.07
5.54
18.46
78.19
36.78
67.09
52.92
5.45
77.64
2.48
9.27
13.46
24.06
45.29
67.75
14.60
83.54
10.96
33.87
23.87
25.00
4.03
6.76
30.92
14.38
11.83
49.93
71.13
33.38
85.09
24.13
36.36
69.43
80.91
5.74
58.38
57.31
17.65
50.55
56.42
39.04
91.16
92.33
84.54
94.82
29.66
52.93
78.42
94.55
73.33
25.90
75.57
78.24
70.20
33.25
40.60
87.04
93.92
37.24
9.95
4.10
53.72
97.82
15.29
25.36
3.91
19.11
4.31
76.33
74.97
16.72
86.26
5.94
81.72
59.18
3.77
84.17
73.60
7.08
69.13
34.37
97.78
69.34
38.79
61.22
9.57
52.96
25.97
26.36
88.49
100.53
80.49
72.98
9.63
32.20
84.66
77.33
64.37
92.40
79.41
40.81
46.16
78.07
18.39
17.63
82.88
76.30
92.03
45.31
16.39
83.55
8.55
81.00
49.16
62.19
29.14
98.34
58.53
27.89
89.20
14.03
43.14
78.94
2.65
17.53
95.96
45.90
19.59
81.91
46.86
4.75
6.79
24.90
24.59
15.01
72.10
15.14
8.80
27.77
12.92
97.05
21.95
100.18
25.08
14.19
70.13
3.09
60.30
96.55
50.44
67.56
94.37
22.77
10.92
84.54
56.05
14.80
69.74
83.64
46.40
14.38
52.09
74.31
79.98
96.05
55.93
55.44
73.23
85.92
79.09
36.72
100.44
57.71
95.81
39.29
15.30
15.47
8.76
46.68
50.26
73.05
15.62
45.97
29.08
27.05
33.33
40.77
18.35
35.10
12.66
93.02
14.92
51.77
58.54
92.20
24.50
21.21
27.46
47.13
71.13
36.13
74.14
43.85
37.54
66.56
40.44
30.72
37.67
2.03
1.61
48.25
32.08
55.30
26.00
1.60
76.76
47.76
2.00
44.02
43.88
3.64
20.30
58.44
9.24
17.52
77.82
5.53
80.91
60.63
23.42
46.96
66.38
1.36
52.11
56.61
5.28
17.76
27.61
41.11
18.84
75.88
63.01
46.74
81.50
80.95
22.77
65.10
27.43
79.85
69.30
74.39
57.35
11.21
12.93
1.10
26.24
9.17
54.64
89.76
4.81
84.79
14.30
59.34
55.36
8.25
31.97
100.05
72.04
15.73
98.35
29.26
8.97
2.38
12.71
54.09
6.29
25.63
88.73
59.25
66.91
37.01
93.09
12.59
70.86
3.51
80.04
45.08
97.04
15.25
11.48
48.64
39.15
46.72
50.57
25.45
68.72
85.21
38.11
82.87
93.59
75.08
35.30
46.14
92.46
4.00
58.95
65.88
84.61
47.48
59.01
26.71
87.61
7.00
36.64
67.66
83.83
36.43
52.77
95.91
76.28
9.15
31.62
41.93
86.59
82.03
96.63
34.03
5.26
7.04
100.37
69.81
85.36
48.40
45.74
34.85
94.19
94.27
60.06
6.05
26.61
14.90
54.96
91.54
77.77
79.33
24.04
32.33
83.07
31.51
31.51
51.25
97.48
72.21
59.15
57.72
20.15
91.91
86.17
55.22
70.34
22.62
81.72
26.22
33.21
70.79
6.24
75.32
100.95
60.78
7.47
26.83
57.51
6.54
50.26
80.72
4.51
34.56
84.79
72.26
42.74
92.83
41.30
56.31
62.31
70.59
60.54
12.39
44.88
60.13
49.82
62.08
65.16
27.21
78.23
73.45
27.28
87.61
79.59
95.00
40.04
9.86
81.10
53.41
17.53
11.28
32.52
2.64
30.78
82.70
53.88
36.82
79.72
79.34
21.11
93.10
34.38
61.50
90.76
22.99
8.53
53.00
15.18
9.08
97.47
34.84
91.42
33.52
55.82
54.47
8.59
58.11
72.96
4.94
83.28
77.73
34.28
100.55
86.29
68.57
53.79
52.47
27.04
76.01
98.24
15.61
79.17
35.76
17.77
3.90
10.19
17.92
18.56
30.13
68.42
25.90
43.20
16.61
83.62
12.10
39.07
64.89
49.97
76.43
57.07
100.51
4.79
9.30
22.72
39.08
65.41
43.57
38.90
18.98
50.13
95.84
34.56
64.11
76.04
22.95
95.44
75.46
40.05
70.87
97.43
50.64
3.36
51.33
12.51
34.68
67.22
15.51
12.31
39.58
29.72
43.14
100.95
25.12
69.58
41.32
12.85
91.10
65.33
95.55
2.67
31.44
85.14
2.93
95.30
14.53
58.53
40.82
29.22
55.63
51.62
39.18
82.67
66.92
27.79
44.03
83.72
97.62
15.42
6.07
70.50
20.23
98.48
26.66
64.35
26.06
79.30
95.31
22.03
14.14
78.43
46.19
95.90
13.12
44.15
87.62
46.79
22.15
70.39
12.32
4.49
14.88
76.96
63.91
43.80
13.94
91.04
54.79
41.71
15.75
89.90
19.06
78.99
3.39
93.14
59.86
58.22
80.05
68.77
21.11
27.29
48.28
21.78
47.73
9.86
61.39
100.05
40.85
98.07
52.48
24.66
24.91
57.79
80.82
81.29
3.68
20.74
9.21
67.13
71.21
94.87
45.78
19.39
28.80
35.15
68.19
2.89
40.09
72.41
82.52
78.22
96.88
76.08
43.83
70.95
33.85
14.73
64.65
3.47
9.60
90.17
53.61
31.35
85.86
49.21
44.40
35.25
28.51
40.76
8.18
71.65
56.09
2.81
63.16
31.80
54.89
6.74
31.66
30.85
56.89
64.92
3.00
36.38
56.78
47.84
5.99
53.88
30.39
59.53
40.73
21.21
41.45
79.19
11.53
69.72
94.61
45.39
26.03
14.90
64.39
90.84
76.52
89.49
53.68
20.97
100.44
22.10
100.61
38.16
21.09
4.78
64.25
100.31
85.08
22.03
90.97
64.73
60.93
67.76
10.71
16.83
26.20
87.11
67.70
63.91
67.13
33.00
87.40
81.13
37.15
84.82
10.27
45.28
17.84
74.79
55.72
39.03
25.87
1.39
42.21
99.57
1.68
94.05
36.01
94.33
63.41
74.79
34.90
36.26
62.01
51.39
84.98
10.39
59.37
6.54
92.58
75.14
54.56
66.68
47.99
70.10
46.31
4.28
93.45
48.81
35.25
6.37
18.46
70.19
64.81
13.93
94.95
65.44
65.82
37.29
38.17
58.60
29.74
39.70
35.35
31.65
72.82
40.54
55.50
15.16
69.61
62.62
4.01
86.40
35.19
30.22
96.94
32.55
13.11
4.09
52.56
50.47
8.20
76.95
90.30
95.80
33.65
26.36
19.41
80.66
99.20
14.75
73.53
11.26
39.20
67.22
67.46
90.48
22.57
12.56
89.08
29.64
15.71
88.53
18.23
58.57
35.97
7.69
46.97
29.20
43.57
65.12
26.88
97.37
60.29
48.51
11.81
59.16
5.92
93.78
32.13
22.12
70.05
86.66
64.73
94.00
76.34
96.33
6.97
29.00
67.65
41.78
44.69
3.49
75.20
33.65
79.80
39.88
94.11
69.41
2.96
55.01
17.74
46.01
28.65
40.97
8.39
7.71
60.33
71.69
63.13
32.13
5.69
81.71
29.18
44.14
98.90
72.02
72.13
16.07
13.34
16.89
57.75
71.78
28.79
92.96
99.67
25.09
33.92
93.62
1.69
38.03
89.63
100.78
45.17
93.88
53.79
75.41
7.31
55.11
60.76
23.72
99.28
7.41
40.95
94.10
65.30
30.63
55.30
89.39
76.25
48.58
91.27
72.79
25.11
15.46
57.00
22.45
59.45
95.41
9.47
42.76
16.38
77.78
13.15
36.19
71.04
61.30
81.90
82.22
66.72
15.89
2.44
29.08
71.75
46.40
39.45
25.92
77.38
86.54
5.38
13.73
67.81
76.84
12.22
13.41
29.16
82.66
37.06
95.23
81.98
37.98
35.97
25.28
50.75
22.19
10.22
54.43
97.67
6.26
65.55
30.28
6.55
29.19
39.23
80.51
39.64
81.36
86.37
58.84
74.61
66.18
12.75
91.50
89.30
61.57
37.54
15.16
5.67
69.44
96.59
65.80
58.05
79.27
26.63
21.90
10.63
1.72
71.33
99.91
46.11
47.57
57.92
31.19
12.32
31.09
17.12
21.91
8.47
77.64
39.89
17.27
21.09
20.83
77.79
65.03
40.31
24.27
95.30
69.48
6.87
51.90
99.98
39.82
52.55
95.85
67.59
17.68
1.39
16.15
6.81
95.91
83.80
81.77
51.26
28.54
69.05
82.29
74.26
65.37
2.49
6.05
69.52
57.61
74.15
43.38
48.44
83.20
39.17
91.92
31.20
99.81
89.01
92.35
59.15
46.50
59.79
52.74
1.02
68.04
49.34
51.48
2.17
33.87
7.61
38.56
83.10
8.67
82.77
29.77
40.99
84.89
3.06
70.50
17.74
78.98
73.73
51.34
9.40
18.41
50.60
96.91
29.95
99.99
24.80
5.44
22.81
93.92
37.46
20.44
25.09
15.79
8.01
1.37
69.00
39.46
50.11
8.42
46.94
17.56
42.02
17.44
12.10
94.95
54.89
8.03
10.71
67.86
14.63
3.83
92.93
38.89
85.71
4.77
21.55
51.22
63.29
92.04
59.54
86.00
100.35
74.87
38.58
91.09
96.52
18.08
21.80
61.90
56.33
4.21
20.00
43.94
90.25
13.87
74.55
44.27
4.46
33.45
19.87
70.40
57.24
1.58
12.70
19.46
85.06
14.13
47.36
94.37
80.71
5.35
47.01
33.21
98.95
25.05
23.99
11.46
61.18
6.16
39.52
46.21
79.32
82.67
24.74
36.21
36.49
1.53
79.78
5.08
100.03
77.70
83.38
75.49
99.89
25.30
29.91
13.78
80.26
56.75
21.70
13.05
35.87
12.49
38.10
69.57
68.54
85.48
9.06
81.78
69.28
84.10
65.59
71.68
56.91
50.60
95.02
57.80
100.03
59.86
26.75
17.79
25.49
94.16
84.68
31.69
40.42
86.59
25.59
16.02
76.99
42.15
14.90
22.86
53.17
49.87
22.50
52.58
35.43
31.44
88.29
21.96
15.29
67.33
7.95
58.07
17.99
75.58
65.30
59.52
55.02
37.58
23.54
84.72
49.59
69.31
7.86
57.96
97.62
49.37
89.92
54.57
55.00
12.98
25.58
37.48
67.24
78.52
82.03
46.33
27.70
43.63
46.07
94.65
59.29
68.25
22.03
59.38
37.84
75.31
26.08
79.54
41.23
25.02
25.76
4.03
59.75
5.78
3.70
77.58
45.17
74.53
32.89
81.37
40.46
72.67
36.07
47.23
67.61
1.09
90.70
83.05
36.81
8.23
5.84
39.14
88.58
13.19
44.71
53.12
93.49
83.62
40.79
98.72
80.98
9.45
25.79
97.40
62.13
100.93
12.93
56.54
94.68
9.18
84.34
99.52
33.60
30.10
73.97
40.50
9.39
89.48
14.67
73.88
38.97
16.83
63.99
20.44
83.70
53.09
43.43
68.02
36.06
84.44
11.91
57.62
6.82
2.79
8.20
65.38
92.34
40.60
15.32
48.21
12.63
25.09
83.23
7.99
8.75
71.92
5.93
37.70
30.27
84.91
29.23
36.48
1.49
21.84
100.62
7.94
7.77
80.54
11.72
28.64
7.73
22.48
59.52
56.50
16.91
75.53
49.72
59.75
77.02
43.76
63.57
20.99
31.09
63.29
16.05
12.30
31.27
73.24
16.17
74.27
5.84
97.86
40.20
29.03
38.03
8.77
24.12
41.39
6.48
57.35
73.64
66.10
52.39
20.22
42.74
93.67
81.26
78.14
46.89
28.09
44.56
34.80
66.42
30.64
92.39
61.78
6.06
96.85
95.95
59.26
27.99
28.37
66.59
8.07
79.52
43.91
91.71
68.58
15.85
92.54
63.43
42.34
7.04
35.04
15.75
16.30
93.65
71.76
46.19
47.35
5.41
52.25
69.77
71.24
60.89
20.28
93.72
72.48
96.39
58.84
44.00
71.35
9.93
82.48
80.92
19.96
81.97
69.36
69.02
42.31
40.86
48.20
72.45
63.58
92.64
68.98
79.15
71.77
72.65
8.46
29.85
72.18
6.14
9.91
1.52
60.69
40.04
92.71
97.89
44.28
94.65
12.74
35.33
73.26
69.61
17.15
55.14
24.17
19.17
72.52
33.56
14.85
20.17
37.89
9.95
18.43
92.61
97.27
36.43
8.46
96.14
64.17
43.69
27.93
11.42
74.58
35.10
54.58
25.22
48.80
22.58
23.01
28.26
58.17
31.62
17.23
32.22
17.28
50.45
63.64
27.18
44.02
12.28
21.15
75.47
23.13
17.92
18.18
16.61
100.48
17.12
53.66
36.53
58.96
9.39
42.19
58.76
54.03
12.18
26.75
10.74
93.76
78.74
23.79
33.79
56.63
40.97
60.95
62.00
38.13
93.66
67.59
61.94
53.37
89.26
29.30
56.76
8.15
65.57
26.42
38.82
38.05
80.18
23.11
94.52
27.97
75.82
84.17
22.47
79.55
20.85
11.84
29.98
75.51
76.86
47.99
23.01
93.17
17.84
67.53
68.47
94.67
66.45
45.21
43.84
38.26
11.96
40.48
70.05
56.89
15.37
48.35
25.54
20.62
3.28
27.31
16.12
65.98
85.14
36.98
69.05
5.92
6.31
5.30
89.25
29.33
48.37
4.64
44.47
48.66
18.47
33.21
72.50
89.21
16.09
64.27
85.44
98.29
57.23
61.35
49.64
48.29
84.69
86.14
7.59
82.34
65.87
20.58
41.74
82.84
34.40
63.74
29.45
39.14
49.43
24.96
95.51
77.85
51.91
61.34
11.20
10.56
90.15
87.35
67.95
66.81
44.75
44.84
91.46
1.21
48.38
3.99
30.51
4.04
1.13
28.18
7.92
8.59
66.10
34.98
1.68
31.11
13.92
13.82
9.83
64.11
32.86
77.15
94.76
31.09
84.06
10.34
56.10
62.13
9.60
64.76
4.66
4.49
20.19
48.60
31.10
66.00
27.39
68.94
58.96
50.14
30.20
42.87
69.32
8.23
76.22
8.05
9.96
95.35
13.53
33.52
42.43
61.53
68.67
1.30
50.60
41.75
79.28
40.83
4.20
93.22
72.25
5.67
16.13
49.70
37.36
6.52
93.40
90.48
65.70
6.86
54.29
82.98
47.66
12.53
99.09
96.71
42.54
38.11
64.25
2.84
88.68
66.14
17.73
91.02
4.63
42.29
37.99
22.24
99.25
28.25
17.34
89.51
19.94
38.81
53.49
9.56
12.18
46.50
76.52
96.02
25.80
29.18
64.09
58.66
11.85
88.77
13.62
85.31
57.79
73.54
35.18
40.53
32.72
96.56
79.97
63.36
45.61
50.44
32.54
72.32
26.62
28.04
77.20
15.56
23.97
42.96
34.58
23.19
60.11
10.40
81.50
55.18
44.25
80.47
19.63
48.28
63.62
20.15
59.87
36.51
61.09
51.24
21.73
10.43
66.22
78.93
93.24
40.56
15.22
9.20
65.83
34.47
43.55
81.89
29.93
31.76
18.96
30.07
50.20
83.15
89.84
92.38
63.14
91.72
59.36
83.04
52.85
10.33
64.84
96.81
38.56
91.66
93.31
41.20
34.21
1.90
3.02
64.37
69.12
80.45
83.45
35.12
97.79
83.16
53.15
28.43
69.24
32.77
68.99
72.83
91.80
3.27
37.31
100.51
51.45
80.60
55.86
92.33
23.98
18.33
49.17
33.57
97.93
87.97
86.37
63.51
28.22
47.02
39.51
73.28
100.66
47.45
22.07
50.20
16.67
35.60
58.06
3.27
70.22
81.37
56.87
49.42
6.80
23.16
59.40
12.15
40.89
47.97
9.50
24.59
21.58
5.47
71.25
31.46
78.38
96.88
1.65
99.04
43.04
9.87
54.65
95.35
28.43
29.46
49.24
9.57
11.33
24.03
26.54
83.60
83.20
19.25
67.15
43.43
54.02
42.10
12.51
1.62
18.12
15.84
53.17
73.81
17.89
20.01
12.93
71.52
29.43
2.63
19.20
89.47
46.27
97.24
37.65
34.17
12.81
65.61
1.83
73.78
9.71
12.69
64.72
15.90
67.62
11.61
3.12
43.90
9.84
19.05
18.63
40.21
78.88
40.45
10.79
94.79
13.47
52.89
21.65
21.04
3.49
6.74
93.21
26.56
6.15
75.62
43.31
73.34
67.98
18.54
18.49
36.51
29.63
36.22
5.99
43.61
30.44
30.20
69.82
28.36
62.04
55.69
10.00
13.11
21.83
46.20
8.03
20.09
54.16
27.08
27.40
16.57
34.38
68.17
24.22
90.56
2.28
54.22
53.62
55.03
38.64
57.45
11.93
52.25
27.99
61.25
76.97
79.46
43.11
42.64
63.32
52.07
99.00
13.37
29.11
30.16
27.03
36.37
89.29
15.40
24.84
52.90
70.43
47.00
3.47
63.15
86.87
11.78
31.86
74.21
43.87
1.39
78.65
19.69
85.92
97.87
89.98
97.16
86.86
77.76
41.53
67.71
9.15
75.78
37.46
23.87
73.32
15.13
22.10
93.11
100.74
7.19
83.36
11.07
1.21
15.11
28.93
8.41
2.21
9.03
58.81
47.22
44.22
20.82
34.00
49.20
45.97
94.09
73.75
12.97
99.75
17.47
53.80
47.74
79.22
20.98
77.81
95.57
5.58
88.72
26.79
66.76
7.26
27.38
43.54
41.99
8.15
65.32
76.42
99.55
37.68
78.85
92.34
16.84
22.74
46.37
42.84
13.40
99.37
56.36
21.16
92.77
73.00
91.48
100.14
59.29
36.50
86.97
21.09
7.28
26.78
68.64
69.97
41.86
47.80
85.66
75.23
45.73
62.20
94.35
93.08
83.37
90.15
78.62
97.63
97.06
2.39
52.67
7.83
3.26
44.44
43.95
2.36
35.68
18.84
89.62
92.97
19.40
28.75
33.82
41.30
80.51
37.31
41.82
28.06
71.14
63.09
80.18
48.92
92.78
16.89
12.82
28.90
57.86
47.55
71.14
95.90
6.21
99.42
11.32
51.44
43.98
53.57
66.22
15.83
28.17
59.76
71.01
9.15
79.34
39.40
27.06
79.16
41.12
86.22
36.84
69.61
41.55
84.89
59.18
63.39
57.94
91.33
28.35
42.99
44.56
44.19
96.95
81.29
33.01
57.27
7.84
32.95
73.55
100.93
65.65
88.37
16.42
83.83
91.74
45.42
86.25
81.33
65.32
20.67
85.33
94.38
51.53
99.98
80.55
19.03
31.71
1.14
14.09
59.54
90.13
14.33
16.17
43.84
85.11
59.34
53.54
12.65
7.76
86.84
19.59
51.71
17.85
2.78
16.97
6.34
49.47
7.61
38.43
86.15
80.36
80.15
13.71
3.64
8.38
44.37
77.48
100.79
67.60
17.59
93.79
61.09
44.33
58.67
51.98
1.29
42.42
36.19
3.55
29.49
35.15
1.35
22.48
100.56
3.85
14.82
50.71
8.16
11.19
4.44
85.41
14.90
54.02
55.60
24.90
83.04
16.10
20.14
62.19
28.82
14.45
24.20
61.59
18.16
34.06
11.61
99.43
73.11
36.46
18.66
33.86
9.62
38.74
39.92
56.87
33.15
37.82
19.30
8.92
80.42
40.79
98.39
27.90
91.97
84.31
17.98
77.22
67.21
63.41
81.46
71.08
31.20
97.63
16.08
52.46
35.47
16.36
28.59
57.16
62.26
40.29
24.90
10.29
20.49
64.19
58.15
48.60
36.93
67.02
83.96
42.55
96.80
43.81
27.14
45.52
98.89
19.30
77.30
16.35
1.04
97.59
2.31
91.75
54.72
58.65
33.63
88.72
55.66
45.23
1.85
30.36
18.09
4.70
46.03
86.05
56.74
71.12
20.77
19.35
1.10
44.19
49.53
45.30
13.53
22.72
92.85
13.69
80.53
95.55
33.46
75.32
84.28
45.93
21.18
35.32
92.59
89.11
56.29
80.05
31.59
99.32
88.11
20.08
91.72
68.98
29.17
74.02
50.92
16.09
67.68
41.99
50.53
27.49
23.46
42.83
7.82
76.97
62.16
31.38
11.22
27.39
53.11
2.22
82.30
21.94
24.08
64.10
67.44
41.42
81.09
23.49
54.09
15.82
63.93
6.24
53.01
50.16
49.76
57.47
73.51
52.61
47.93
95.97
94.90
63.54
58.45
3.55
28.70
92.22
93.87
59.47
84.00
6.89
48.18
32.50
15.33
36.10
78.43
91.62
92.96
73.40
16.45
31.11
41.14
11.94
25.71
19.96
18.17
98.40
11.56
79.38
77.57
3.48
2.73
56.57
34.94
21.40
35.56
55.54
18.50
78.82
38.94
99.32
93.66
69.97
14.25
16.61
96.90
95.86
99.20
54.92
56.90
76.03
26.77
2.37
76.34
91.11
51.29
60.52
5.23
24.67
46.65
14.69
26.35
77.74
48.46
22.59
45.45
58.59
19.49
97.28
29.77
71.70
12.81
3.49
53.73
47.28
47.58
92.42
40.05
50.25
21.20
25.28
48.79
45.71
21.71
24.05
81.23
9.09
93.72
61.44
78.57
89.99
70.79
64.13
65.72
92.12
55.30
27.07
47.62
65.73
3.30
3.88
69.96
64.40
50.77
58.77
51.80
85.61
100.40
57.43
78.77
72.95
60.66
86.78
49.19
11.95
22.32
98.00
4.50
63.24
70.50
79.75
21.31
16.22
72.70
32.74
7.09
21.88
40.92
43.53
92.10
11.24
80.66
76.24
12.11
2.75
52.56
92.46
49.55
9.52
80.94
7.26
46.58
23.89
9.01
57.73
68.09
37.39
22.60
13.41
15.86
92.53
35.96
23.70
73.70
86.00
24.78
40.60
72.17
94.65
42.83
79.72
65.21
24.31
1.24
19.54
11.81
1.87
10.12
38.38
55.08
49.02
70.42
86.45
97.98
87.62
94.51
7.66
6.54
62.43
27.91
19.18
56.80
5.19
19.63
25.05
11.66
4.36
100.08
22.82
9.82
24.24
35.37
39.25
10.38
11.91
15.38
81.71
7.22
18.49
52.15
9.26
22.85
94.90
61.39
93.01
14.62
17.98
37.55
1.93
95.01
15.96
16.58
62.25
89.83
61.78
60.14
94.44
95.90
20.18
99.94
74.22
89.88
4.51
85.01
4.60
17.45
41.79
84.75
98.03
29.79
6.28
82.59
58.29
81.42
43.40
91.69
73.90
16.13
38.09
78.37
12.46
27.35
76.93
22.91
93.92
32.29
81.43
88.28
38.34
22.82
77.06
9.41
59.98
81.72
87.85
22.71
54.09
22.67
87.15
16.31
91.13
38.16
32.84
14.47
72.93
5.76
23.88
10.52
1.83
32.33
40.36
94.01
7.01
82.19
12.78
9.56
8.17
39.46
63.25
27.03
69.81
18.28
62.45
86.50
49.63
47.98
78.99
99.27
100.28
81.00
26.64
28.38
98.71
1.20
45.78
52.98
64.12
44.91
43.47
67.72
81.53
3.30
14.14
53.67
4.54
1.54
41.04
95.15
31.00
49.19
92.60
19.18
97.71
82.18
86.18
72.88
55.40
33.85
51.92
57.65
23.88
76.83
27.36
39.92
18.11
81.08
51.24
23.18
21.71
21.98
25.44
41.45
77.41
51.69
62.72
46.39
2.88
29.16
95.38
71.30
86.51
37.24
79.48
44.32
37.49
5.48
18.89
10.86
32.27
67.10
94.56
77.61
84.50
85.61
78.85
70.53
89.42
67.16
80.05
14.58
76.02
6.49
87.80
65.87
51.93
65.74
86.33
25.69
51.08
27.52
31.88
40.96
3.08
61.92
3.18
1.91
100.43
36.27
92.02
71.10
39.50
41.08
91.79
86.43
65.26
12.21
59.11
23.50
40.08
86.71
59.94
8.86
46.97
86.70
64.70
75.79
71.89
16.24
9.85
81.89
94.02
88.55
95.11
7.72
7.21
19.48
56.89
55.86
49.01
13.67
87.10
35.59
79.11
76.36
53.14
20.51
55.84
7.92
79.25
2.73
57.20
49.57
60.29
24.50
94.95
52.58
68.06
17.35
74.51
28.87
44.40
80.51
55.46
67.52
35.06
3.52
74.32
88.71
58.46
34.57
24.58
23.19
74.13
3.92
95.80
14.46
2.04
36.10
14.08
87.38
28.15
95.83
42.96
31.19
19.73
82.86
86.94
68.24
98.28
54.32
1.29
22.61
25.75
96.20
10.35
4.51
7.17
88.59
33.30
58.66
22.68
86.28
64.35
52.11
100.85
14.75
10.93
68.73
3.54
9.26
76.69
77.70
100.13
63.37
42.22
89.57
18.51
31.38
85.72
16.46
50.49
61.83
91.85
71.27
86.61
23.42
84.87
47.62
100.00
79.17
17.34
56.29
78.27
23.72
12.08
6.44
20.48
51.99
99.32
1.17
2.66
52.88
59.29
14.00
5.68
21.89
59.55
37.58
89.17
20.38
60.66
81.80
91.32
70.98
17.77
14.32
18.26
21.14
1.00
57.39
35.24
19.82
74.70
63.43
50.91
79.43
35.05
21.62
74.69
10.92
84.71
1.00
30.70
99.69
100.98
43.90
77.67
71.65
59.19
9.07
78.21
64.66
76.96
39.87
82.13
85.87
93.37
18.38
47.35
68.17
42.67
30.06
67.68
55.74
40.96
55.20
7.89
22.78
24.06
24.13
82.93
87.46
88.96
67.63
15.90
19.19
36.73
22.97
9.78
85.83
48.10
65.07
29.07
15.83
78.69
23.39
100.45
38.88
64.99
43.37
3.71
80.09
6.60
19.00
2.21
43.49
94.45
33.93
68.80
15.29
21.11
42.20
97.74
5.86
93.57
38.45
55.76
100.76
63.41
91.64
56.50
65.97
48.27
76.87
26.78
45.31
5.79
28.43
73.87
1.47
21.66
76.42
52.54
20.04
96.06
40.93
32.18
12.59
45.49
67.54
39.48
38.33
47.07
95.11
77.14
18.66
67.43
61.04
89.42
25.91
18.40
53.64
22.38
24.94
13.72
53.67
25.66
89.03
60.08
52.84
90.79
34.99
67.45
97.93
89.93
32.57
93.23
42.00
84.07
20.89
74.80
78.82
50.42
37.72
74.03
59.27
12.25
34.43
66.77
37.88
8.31
12.95
17.92
14.52
72.78
93.21
68.83
14.90
4.67
2.76
28.53
96.21
72.73
39.84
66.13
43.17
36.59
65.11
48.41
14.78
62.12
9.89
95.09
56.18
73.69
96.12
42.23
2.12
99.62
90.05
18.25
92.42
90.12
27.74
57.10
81.54
78.50
40.32
70.01
62.57
12.06
6.72
15.38
21.51
18.98
17.05
68.82
57.67
37.88
74.24
73.85
25.90
3.70
21.76
6.46
70.58
50.65
71.35
26.15
65.17
24.29
23.05
52.81
19.93
37.16
72.91
26.90
53.02
71.15
36.42
16.37
36.59
54.62
13.33
9.99
48.82
89.62
68.32
69.36
24.86
53.09
8.67
94.59
5.37
79.28
99.31
7.05
3.21
19.63
30.39
23.78
64.02
93.70
9.97
44.14
8.99
93.35
70.94
24.84
1.38
32.40
52.31
94.41
59.44
74.51
71.78
63.63
16.93
50.15
6.68
21.26
38.43
10.76
64.64
69.91
95.66
64.78
96.68
99.35
45.51
88.22
60.03
84.34
60.69
31.46
17.31
53.28
86.05
99.58
81.11
44.28
100.75
60.10
42.47
77.95
19.22
72.45
78.78
23.44
55.68
99.23
45.81
20.78
46.94
8.76
19.83
10.28
47.26
69.25
41.01
73.20
99.17
5.62
39.22
25.17
91.24
11.24
22.89
56.31
4.81
38.31
10.22
29.77
16.35
2.16
62.02
100.53
31.19
46.13
95.55
15.40
7.40
40.93
72.35
68.46
64.54
97.22
99.44
22.04
23.13
34.84
43.08
88.83
48.43
18.00
11.42
53.24
10.47
39.84
60.57
16.67
56.87
16.69
74.19
4.76
15.14
39.62
22.08
93.73
76.23
90.19
20.08
89.04
22.41
12.45
84.31
35.27
87.95
57.20
93.15
62.69
94.22
9.15
14.35
38.50
70.80
68.47
84.54
15.99
74.95
12.54
64.82
57.47
71.75
55.73
36.46
88.53
38.16
14.32
62.10
65.80
17.79
40.85
53.25
45.07
80.46
56.44
7.99
7.20
51.82
77.41
10.48
96.32
88.61
72.91
94.57
84.83
43.33
14.07
86.34
12.06
15.31
47.03
26.11
44.56
61.51
73.45
52.63
34.60
45.16
18.19
49.82
23.05
57.23
31.33
22.02
7.75
35.40
76.33
42.68
29.95
45.67
5.13
25.44
82.84
53.11
12.26
79.50
67.11
36.33
36.48
36.74
46.64
53.25
49.47
7.90
31.14
48.50
57.12
87.43
36.97
97.66
31.62
81.33
3.82
78.46
36.42
83.91
80.18
87.46
25.65
26.71
36.55
52.29
95.33
76.49
5.71
36.28
46.51
93.22
50.38
2.69
31.31
92.46
20.78
39.86
31.44
57.30
85.45
92.94
63.30
25.40
23.88
75.91
40.45
8.72
61.45
75.64
55.57
5.56
16.69
55.61
1.74
88.30
47.39
81.69
6.16
66.60
10.27
77.72
100.35
88.13
31.68
77.85
46.47
57.74
14.41
17.32
37.68
5.11
7.73
9.96
45.52
98.63
19.40
34.23
35.97
84.69
92.03
80.87
2.12
18.09
22.80
60.57
69.02
50.10
53.28
81.78
3.47
73.94
27.02
46.45
59.32
72.63
95.40
7.48
16.13
73.62
3.26
84.91
18.34
27.41
68.61
7.95
98.89
48.33
98.82
28.69
42.57
17.98
95.96
8.76
14.09
72.47
99.87
97.13
35.73
24.68
49.34
38.41
94.68
58.09
48.34
30.26
14.37
28.08
68.67
30.54
71.39
45.63
97.36
5.27
29.03
56.28
98.42
94.83
60.13
7.84
88.62
78.74
17.77
73.29
16.36
84.22
15.72
11.80
28.14
51.13
87.85
91.31
1.08
19.98
1.17
53.87
90.15
90.97
34.23
47.20
10.62
85.52
95.72
54.47
74.86
15.10
13.81
79.80
14.84
99.50
45.97
2.70
21.84
60.93
96.86
16.00
66.74
42.35
11.24
71.37
39.04
37.87
16.84
46.86
33.72
77.44
68.93
77.50
91.91
36.82
76.08
23.35
23.06
4.18
3.41
62.31
65.11
80.59
11.51
42.06
50.59
50.34
4.00
78.26
44.31
70.55
75.91
67.46
9.59
56.19
18.81
23.27
42.91
19.00
74.93
99.59
59.80
27.36
13.25
48.12
44.25
50.15
74.90
5.89
22.90
45.47
16.48
6.52
4.04
58.92
60.10
60.08
25.75
96.71
89.50
16.67
19.16
49.27
84.12
77.34
33.16
81.35
25.87
87.08
18.21
74.95
92.13
58.37
6.93
41.17
91.00
66.28
16.68
31.97
98.77
89.47
86.69
33.96
15.48
5.88
51.09
81.38
36.96
34.59
3.12
87.50
44.00
92.27
94.64
12.86
56.14
95.98
57.67
55.99
89.15
63.86
77.67
87.86
59.23
60.40
17.75
55.92
83.70
52.38
2.25
40.47
48.88
35.43
6.02
32.13
60.97
54.41
33.86
25.64
90.96
94.64
77.49
92.55
78.29
99.21
53.21
23.48
4.36
29.69
18.40
11.54
62.32
85.19
2.16
86.29
72.47
26.56
66.90
91.20
86.80
74.34
17.52
69.46
59.55
50.42
4.50
29.65
99.76
10.58
69.55
98.82
21.06
69.89
58.71
8.89
27.81
68.45
28.55
17.36
57.34
96.15
38.01
78.97
68.34
8.77
51.46
45.21
61.22
23.01
27.09
76.86
92.69
53.83
85.61
69.93
15.18
97.09
31.49
9.48
47.91
69.66
88.15
99.10
3.99
46.04
71.66
43.80
41.92
78.47
77.88
32.50
66.04
2.96
26.48
82.51
71.77
22.83
64.19
13.66
32.58
54.95
75.38
25.29
90.73
43.11
97.79
83.86
16.34
94.06
40.67
81.79
1.53
46.79
26.23
71.02
60.30
37.07
28.58
70.18
22.31
89.19
9.58
70.28
69.91
96.76
64.23
1.29
34.14
24.72
2.52
87.07
54.50
100.54
31.51
86.82
84.20
48.18
79.59
55.01
41.33
60.63
100.76
22.34
87.55
76.92
99.23
60.90
5.27
40.68
29.06
43.44
29.21
63.41
55.59
33.79
13.82
52.51
8.28
7.70
86.25
76.30
24.45
34.96
55.67
38.58
2.61
22.01
1.03
50.22
24.70
1.23
73.94
44.39
40.15
17.12
85.27
31.81
18.43
89.15
70.35
27.49
87.76
1.61
2.87
73.05
26.69
55.62
75.78
18.14
13.75
1.35
28.16
59.24
22.22
73.27
87.23
86.91
10.84
1.65
38.41
67.24
5.65
31.40
31.02
4.29
85.33
7.02
43.24
47.70
18.63
67.20
64.72
96.48
78.98
20.59
25.11
82.19
84.89
3.99
11.53
25.23
67.78
92.08
29.25
19.70
56.22
19.65
16.45
8.65
10.35
6.79
7.47
37.08
73.91
83.83
90.27
16.91
67.10
26.19
79.31
8.35
96.54
35.95
30.73
2.60
47.45
14.22
64.04
47.07
15.70
4.26
37.65
33.71
100.20
27.64
55.83
51.36
21.11
82.85
60.69
22.93
25.72
1.02
71.63
34.38
76.75
15.57
7.12
25.52
58.98
63.68
25.23
34.32
61.69
54.97
16.11
12.17
69.89
95.87
95.39
43.78
83.54
72.84
76.14
59.51
100.52
93.72
88.15
29.34
51.99
45.65
98.12
4.85
68.85
85.87
8.27
81.31
12.64
57.73
42.46
63.32
94.17
18.76
92.76
38.33
57.85
85.64
1.76
53.75
10.37
27.54
53.50
57.50
48.63
55.57
82.10
63.81
100.99
30.87
31.07
3.96
18.23
20.29
40.01
57.87
11.35
45.41
91.71
9.13
14.31
87.84
45.64
2.55
48.58
73.28
79.90
52.94
24.59
52.68
29.35
77.98
3.39
98.42
25.00
48.65
50.10
89.32
43.79
74.55
65.85
17.58
58.77
62.35
12.71
10.06
3.08
86.05
12.18
29.33
37.85
96.66
99.60
57.50
43.78
16.09
57.83
2.36
81.62
19.83
80.42
65.61
62.97
25.42
15.41
7.96
38.13
86.73
78.27
12.74
27.21
9.55
29.73
14.88
87.01
56.09
79.50
64.64
9.50
49.49
100.69
42.19
14.95
87.16
3.63
92.38
69.44
32.82
72.54
35.99
34.47
83.57
95.01
24.97
10.53
20.31
100.28
21.19
62.74
61.12
46.98
10.86
86.82
81.07
59.29
21.74
100.81
84.31
30.86
35.46
14.54
91.94
38.26
26.46
22.13
88.41
74.32
36.88
15.99
54.58
30.72
14.42
27.33
14.78
33.87
77.75
2.35
70.57
82.24
2.68
93.30
25.64
48.94
42.81
27.20
63.58
63.87
75.04
9.88
82.94
68.61
48.05
34.28
74.75
28.95
79.50
93.85
28.00
66.14
37.17
82.22
22.26
85.41
88.12
63.01
42.35
96.77
44.97
29.55
57.09
17.53
93.30
65.89
26.31
28.09
14.10
13.70
25.96
12.52
38.85
10.11
80.04
7.40
18.96
7.21
26.02
8.85
91.96
23.17
70.32
12.47
58.13
100.06
66.64
49.32
17.82
13.58
21.25
23.95
49.44
44.06
89.05
5.10
50.42
85.87
28.96
24.17
48.98
17.13
54.68
17.00
42.85
5.12
23.55
23.79
94.20
15.63
19.10
56.76
9.36
27.76
99.63
42.49
38.71
79.17
12.93
5.58
74.47
20.40
9.31
17.57
4.99
47.87
87.02
75.92
7.72
27.89
36.23
28.15
28.81
96.76
19.92
48.75
26.97
1.69
70.49
34.82
38.48
91.97
11.03
66.52
15.13
39.23
20.00
8.93
19.64
17.73
3.94
13.96
39.28
21.80
73.48
20.27
27.22
3.78
89.17
3.68
26.07
91.23
70.60
65.23
98.30
6.59
20.15
94.25
41.37
14.33
53.12
64.08
18.29
1.72
31.81
91.64
47.60
13.81
16.95
26.42
5.00
91.66
38.45
59.96
31.37
97.69
100.58
81.24
5.83
7.72
100.36
4.76
48.91
61.39
63.67
28.76
3.94
16.78
9.85
99.65
91.08
43.73
12.79
86.39
63.47
15.86
22.80
100.70
10.69
4.70
51.20
94.74
83.65
9.98
98.96
33.42
24.73
52.63
69.56
73.21
21.52
33.36
15.41
72.20
85.30
48.55
49.92
35.64
38.60
30.62
16.46
81.52
46.75
15.27
10.70
100.05
88.65
66.14
98.32
21.92
18.55
79.02
47.95
3.23
80.18
87.19
68.58
94.60
31.29
32.79
23.85
75.46
84.45
15.18
23.51
97.14
54.49
32.14
45.27
36.97
96.93
1.46
6.47
60.74
16.94
95.90
27.88
54.59
71.84
89.77
28.69
53.95
67.90
73.18
69.20
81.74
76.25
70.89
58.74
8.05
100.88
25.92
71.39
7.75
23.51
20.79
3.77
2.68
58.35
88.56
13.16
79.72
64.60
71.15
36.26
28.59
9.72
49.55
26.83
50.72
92.79
29.37
40.23
27.43
65.72
20.53
52.15
22.03
44.59
69.46
9.22
36.40
10.55
16.74
39.93
24.08
69.33
95.54
46.69
10.03
8.94
80.46
81.51
34.37
56.74
31.60
28.96
63.71
54.13
9.41
17.54
68.06
5.35
88.40
87.59
15.71
29.18
51.40
15.45
28.66
59.67
69.08
15.77
74.30
58.29
59.25
49.39
74.28
71.29
17.91
71.06
17.03
56.26
22.79
42.72
77.96
79.50
90.89
80.65
4.41
6.42
22.60
57.53
54.35
54.39
20.38
26.03
24.17
13.42
10.02
25.24
40.43
42.38
61.34
2.47
31.43
41.63
4.42
84.17
14.76
25.12
27.18
24.00
64.24
5.20
44.44
9.04
55.68
68.50
79.50
15.74
31.75
16.11
16.24
85.76
63.92
41.92
94.97
39.17
28.55
56.12
92.95
39.85
47.33
59.99
26.33
49.40
4.82
51.36
44.80
93.16
70.09
56.04
12.72
53.27
7.26
26.24
26.59
57.17
74.66
22.67
16.40
14.61
86.43
87.59
76.02
33.36
2.29
60.98
31.95
21.95
64.30
5.20
55.31
54.41
62.89
53.87
94.20
9.60
6.57
60.85
69.92
17.38
71.36
80.29
80.04
90.31
89.04
72.41
64.38
28.33
54.82
25.79
53.66
13.68
96.54
7.83
39.93
6.63
98.50
78.68
11.88
14.63
54.22
18.81
4.55
83.86
96.47
11.77
28.23
19.79
36.10
98.34
10.88
45.40
73.24
88.19
84.75
94.88
39.92
7.00
22.21
83.54
78.00
24.98
93.44
22.29
32.87
29.39
59.90
21.02
5.11
36.22
93.06
68.79
63.83
65.35
17.38
7.66
19.35
23.22
7.86
72.69
80.22
13.02
68.10
74.90
81.56
44.12
15.56
27.38
5.24
3.52
6.06
48.34
94.20
41.43
26.39
5.82
53.60
15.05
40.15
56.45
8.91
93.54
94.63
81.33
90.64
51.15
39.80
25.07
15.61
68.78
79.58
6.30
40.77
25.94
38.94
23.41
53.35
58.91
94.31
4.21
90.05
45.74
1.95
68.07
32.30
98.11
20.89
13.30
76.55
82.52
43.50
40.37
9.52
12.29
68.83
88.16
2.58
9.73
59.41
44.51
31.24
30.76
33.70
69.98
6.95
6.77
17.70
45.23
69.18
45.10
75.96
70.09
42.10
27.65
82.12
24.91
72.37
36.70
6.17
39.05
34.61
87.38
12.75
37.00
23.80
28.26
45.64
70.47
71.89
23.24
33.10
77.25
8.09
65.57
38.30
41.42
83.00
52.40
84.96
69.90
88.49
6.30
93.24
25.75
96.53
81.18
15.75
65.49
45.70
72.95
16.84
16.42
3.38
23.16
4.60
58.12
26.08
40.55
15.88
93.16
68.89
18.01
42.39
16.01
39.20
48.32
94.59
26.60
5.15
97.62
73.60
8.36
21.92
47.86
67.34
100.21
48.12
93.13
85.98
11.65
7.09
69.02
93.00
51.75
62.78
38.25
72.75
24.60
7.95
60.76
48.10
21.74
68.22
41.31
10.38
45.66
68.81
55.90
81.52
4.49
7.73
32.12
85.76
46.79
75.95
49.22
97.22
95.49
6.72
60.53
55.92
22.03
62.54
88.84
7.84
79.67
90.81
74.34
12.48
77.15
73.83
8.50
99.35
5.41
42.60
50.67
1.81
98.62
64.68
56.22
66.54
20.78
29.38
11.18
9.86
8.14
63.61
80.88
14.97
52.61
24.89
73.70
2.62
92.07
69.25
87.37
67.69
63.14
69.78
72.62
88.33
20.99
62.34
60.49
76.74
94.01
41.38
58.48
78.35
44.08
73.45
46.65
94.83
83.37
79.14
27.99
14.30
79.84
93.79
42.74
58.10
57.91
87.19
22.50
44.71
64.73
63.29
49.00
84.30
48.80
52.42
39.90
89.52
8.83
35.65
12.16
75.87
65.70
39.69
87.39
26.33
71.08
65.27
70.95
72.41
94.60
98.04
2.95
81.38
69.19
54.25
81.12
97.25
9.05
93.22
17.71
25.47
47.45
4.27
49.18
2.55
83.94
51.13
48.57
19.16
74.83
7.12
5.35
42.42
26.97
89.29
25.64
18.29
77.78
89.19
19.27
55.35
2.06
69.86
22.08
62.72
75.62
11.63
61.07
36.19
21.33
57.61
41.97
29.78
39.83
47.63
20.46
72.76
44.14
93.35
70.56
5.02
28.34
85.95
11.36
10.56
67.96
12.34
44.02
23.78
37.55
17.77
28.17
15.90
9.35
38.02
53.91
6.87
63.05
73.05
49.38
11.79
4.42
10.05
26.57
39.49
5.95
55.37
3.41
6.06
61.01
66.20
43.39
16.45
15.54
15.57
64.80
19.88
79.48
18.35
95.90
9.25
32.85
47.09
80.63
48.69
48.38
88.69
4.95
4.00
59.88
7.54
59.27
11.01
57.92
12.22
2.30
5.71
2.05
68.37
78.75
91.32
94.47
99.51
42.49
92.09
2.43
7.60
57.46
87.74
52.97
4.22
72.55
10.48
21.37
79.78
16.70
64.52
7.09
95.39
64.22
68.89
42.03
52.31
50.31
36.97
92.79
68.52
20.93
93.48
76.54
67.98
35.19
50.54
5.09
82.82
98.18
12.18
91.79
52.50
44.44
92.31
63.56
54.17
47.82
4.82
42.24
86.66
84.49
24.28
74.03
63.64
31.00
2.61
94.54
51.13
83.88
70.56
48.30
70.71
6.06
92.49
42.28
69.82
18.57
66.53
37.09
48.35
51.04
9.29
6.27
19.64
10.30
17.18
14.67
39.81
61.14
94.27
82.08
72.75
44.54
77.31
21.44
97.03
42.50
86.17
22.29
71.25
12.38
25.77
64.39
25.58
29.92
89.37
59.69
12.99
38.11
72.16
63.05
60.35
34.89
29.89
32.99
74.22
58.33
6.75
38.08
3.14
79.16
67.08
92.03
38.94
93.09
23.08
66.84
3.50
90.80
59.19
22.33
75.82
17.65
66.69
64.66
99.62
64.28
12.36
98.27
87.82
87.78
88.79
28.47
53.45
83.09
17.43
78.91
32.63
65.89
83.19
93.85
90.48
61.80
91.48
15.35
37.31
55.83
21.80
66.79
61.35
61.25
13.58
83.84
62.19
72.55
1.23
45.65
2.03
74.17
3.63
19.72
8.14
24.97
15.55
17.93
21.99
94.61
29.25
87.80
17.85
12.09
1.77
70.40
63.18
23.85
94.27
59.82
43.45
4.84
39.17
50.82
80.91
38.74
10.54
32.83
95.87
79.43
15.07
15.29
74.01
51.84
85.33
5.54
66.69
8.77
12.35
61.26
19.95
50.96
2.73
95.56
20.98
39.42
78.57
12.12
53.01
18.03
54.58
53.02
67.22
58.59
1.66
4.43
42.89
29.10
25.20
42.83
76.63
59.31
16.29
26.78
99.48
55.12
93.54
29.43
52.01
17.05
16.87
44.30
71.74
26.95
33.79
57.97
12.03
47.47
52.08
64.05
96.06
79.64
20.80
14.73
31.24
81.96
41.19
13.79
60.03
93.06
84.99
24.14
44.71
79.64
12.18
44.69
77.39
52.10
5.95
1.86
59.23
1.71
27.60
36.56
33.76
69.22
70.65
95.25
12.20
54.57
4.61
54.91
98.78
54.17
82.93
46.14
47.76
69.29
39.77
76.43
60.07
73.89
75.91
6.94
74.59
9.61
77.05
34.20
66.40
93.42
52.55
25.47
6.99
44.11
20.76
52.86
32.81
17.68
75.49
92.14
93.89
97.75
40.88
14.05
72.00
52.77
72.57
79.01
69.50
78.24
23.23
35.13
13.50
80.48
91.65
58.18
64.27
37.14
1.38
88.84
40.17
67.63
77.26
50.42
65.13
16.66
61.10
19.35
100.01
50.18
62.79
53.18
80.69
43.50
54.09
99.17
52.27
13.74
1.33
26.54
28.06
68.25
39.81
16.38
95.12
76.59
84.44
64.65
35.26
51.93
25.74
30.46
59.75
45.86
93.28
8.30
27.01
10.48
63.39
62.83
36.87
99.43
5.57
47.43
19.74
77.02
15.21
23.95
52.78
13.32
11.68
49.45
33.91
100.53
26.24
47.31
50.13
91.57
58.84
77.65
60.29
34.67
6.84
64.56
73.54
9.46
10.78
33.61
64.86
73.80
3.25
66.10
4.60
8.40
56.89
36.08
37.02
29.90
55.99
30.37
29.46
93.36
53.79
17.58
21.07
27.31
96.99
38.71
11.09
9.66
33.34
95.97
90.96
23.23
23.80
69.64
44.97
77.72
9.19
42.27
74.45
45.91
89.39
12.61
79.44
30.28
83.70
44.81
54.38
63.19
13.64
61.08
80.95
22.90
36.37
48.29
19.36
2.61
99.66
29.69
70.23
8.40
23.36
99.85
2.39
18.79
16.55
7.85
24.86
24.79
9.56
97.70
2.75
40.17
8.29
41.78
24.99
56.20
22.25
19.14
100.21
28.96
30.78
70.08
37.89
36.57
20.46
23.42
20.55
26.80
14.98
32.35
62.53
37.12
41.33
17.05
93.22
51.99
85.80
41.99
79.03
18.12
57.56
100.15
75.57
71.68
7.24
21.38
19.89
87.52
78.05
13.71
26.45
53.38
83.20
56.65
45.96
51.57
8.70
44.65
29.19
74.38
29.10
42.44
10.29
93.85
13.54
67.49
68.64
72.20
10.03
90.85
60.69
80.02
12.79
69.70
14.62
74.31
66.63
47.49
2.45
80.47
8.94
13.72
80.84
36.68
79.75
31.44
65.87
95.36
45.34
22.79
11.78
10.87
88.98
11.72
23.19
3.77
90.97
7.89
2.02
2.86
100.84
73.89
10.40
15.38
59.49
90.92
92.77
100.60
16.95
99.88
26.04
56.90
3.64
2.77
45.40
25.51
34.77
78.03
18.03
33.27
26.93
88.46
30.62
58.90
91.66
37.23
70.61
30.00
66.17
42.49
28.65
13.80
75.28
66.54
28.39
94.68
23.51
68.19
89.45
60.24
4.82
3.57
86.75
48.88
58.56
22.70
97.95
12.91
23.37
63.72
65.56
85.57
8.59
92.15
71.57
59.84
22.67
82.73
64.62
18.23
100.99
12.33
96.58
76.63
11.18
27.92
13.00
70.95
27.64
70.40
52.27
53.94
26.98
94.98
84.95
43.38
56.33
41.43
95.21
93.67
43.07
56.41
31.26
38.08
53.13
21.15
27.01
1.45
72.96
29.58
32.33
7.42
54.21
50.61
88.16
53.98
36.47
62.43
94.53
7.48
8.60
3.24
35.39
28.82
13.27
11.13
19.15
20.63
76.56
57.44
62.08
81.31
35.24
52.36
52.97
31.52
54.22
82.56
57.51
17.88
38.94
42.82
60.55
8.36
53.93
82.70
9.22
10.26
22.90
58.15
62.99
5.46
27.76
19.90
44.17
89.14
81.99
17.40
64.46
60.40
95.79
78.34
85.34
91.13
91.30
31.47
83.56
99.90
85.54
20.32
57.86
45.05
22.44
15.81
51.12
52.81
69.83
98.42
16.79
11.63
36.95
31.49
6.46
20.98
15.75
38.05
52.12
47.12
73.88
62.82
21.75
35.73
4.52
48.51
19.97
29.42
63.52
46.64
7.93
76.74
34.70
25.86
18.72
65.30
13.78
70.23
65.56
55.11
68.53
35.14
91.44
59.92
33.58
27.15
89.66
20.35
72.49
67.55
67.02
27.48
18.13
41.71
23.91
29.89
17.87
15.25
99.79
59.65
54.19
34.42
9.02
16.51
86.25
27.42
81.91
7.32
81.04
11.45
8.10
12.12
85.97
11.67
92.61
41.77
73.20
45.86
75.38
90.86
11.83
82.71
92.45
18.31
21.71
59.74
91.18
81.04
20.22
7.26
54.49
80.91
9.49
32.01
46.44
73.22
94.03
73.07
40.48
46.25
97.75
62.41
42.68
30.96
27.35
49.68
3.26
34.88
49.32
88.99
86.11
63.95
27.59
50.01
10.90
81.77
80.05
23.25
58.84
92.96
37.59
28.48
47.98
77.15
42.61
60.29
77.86
94.14
81.17
20.03
10.99
86.65
70.54
12.80
75.92
84.36
39.45
52.28
85.23
18.66
60.90
13.88
4.01
19.69
27.56
28.08
28.36
54.09
38.67
94.55
49.52
24.26
65.26
36.58
12.36
95.63
38.28
85.42
20.66
81.44
12.37
28.37
44.24
68.76
39.17
25.27
1.83
99.91
21.41
70.13
96.19
91.30
67.71
33.91
81.64
37.69
33.39
67.74
2.05
45.59
3.89
36.60
100.92
99.21
23.13
19.79
58.57
13.07
31.29
84.92
79.54
2.88
4.70
11.93
3.82
17.61
76.53
90.77
46.41
15.47
86.26
90.66
100.39
25.01
79.58
7.70
31.24
18.50
19.10
56.58
40.36
13.01
15.16
68.36
10.38
96.90
17.38
47.81
76.46
97.25
34.20
64.63
46.59
8.77
33.73
87.43
15.26
76.96
60.93
28.57
6.05
79.09
88.65
21.14
30.23
38.46
67.15
60.63
24.73
62.21
55.64
29.72
2.88
31.76
61.99
64.80
45.67
62.08
34.16
37.83
24.03
45.34
3.41
31.03
56.61
31.99
55.08
8.39
99.93
81.62
3.81
13.97
36.85
4.47
35.53
88.71
80.03
79.71
61.87
35.65
4.42
34.49
72.54
86.77
100.42
6.75
50.07
1.50
78.87
94.33
18.20
43.85
93.52
73.29
62.37
18.92
4.08
43.35
38.26
65.13
2.68
23.51
94.38
50.56
37.59
60.17
20.10
1.92
84.59
32.52
72.93
87.07
44.64
38.95
79.30
64.11
67.30
33.88
62.83
10.07
52.46
31.17
94.21
12.03
73.00
43.39
6.03
74.47
98.52
23.89
22.07
95.50
2.66
85.58
10.31
70.25
39.08
97.30
87.89
16.85
57.58
65.46
14.97
42.19
62.43
34.06
71.70
73.35
89.03
38.51
89.15
95.07
40.91
48.06
73.15
36.05
74.09
19.75
51.75
89.10
9.12
37.20
42.28
1.80
19.46
80.24
7.04
88.66
14.84
60.27
98.32
9.42
63.89
10.45
63.44
11.96
34.51
16.23
25.50
7.53
30.03
64.73
51.03
100.11
16.79
75.29
90.62
18.71
14.93
85.15
5.38
10.26
20.13
12.49
3.92
78.52
79.23
83.24
73.13
38.98
98.07
20.68
7.82
64.68
47.29
1.16
26.88
7.98
80.32
64.42
47.32
7.22
78.20
3.02
31.28
41.73
1.62
53.44
23.83
27.29
37.21
96.47
95.15
41.40
86.19
6.15
25.96
12.31
59.34
27.47
30.27
21.13
64.68
43.40
42.04
15.17
75.03
73.04
36.28
25.53
78.97
23.18
51.50
32.80
44.99
17.93
90.45
37.15
70.36
88.67
19.25
31.95
6.13
12.36
93.14
41.94
38.58
67.87
7.34
98.91
32.99
9.17
5.57
7.99
77.96
92.83
95.96
2.58
10.26
24.88
94.09
60.53
96.96
36.60
10.92
26.13
20.72
48.11
94.54
42.60
74.61
42.02
20.33
84.30
93.44
82.50
21.52
44.30
78.98
2.21
60.96
36.98
7.62
81.69
31.60
73.08
33.19
54.35
6.13
43.79
22.65
84.93
25.21
9.54
43.47
25.07
78.44
76.55
46.91
6.27
98.04
31.91
8.69
12.44
12.09
28.08
39.08
30.64
35.56
64.55
96.42
23.96
13.61
34.27
58.83
17.11
29.38
73.61
23.73
40.49
89.11
92.49
60.75
27.83
87.63
25.12
87.38
25.48
93.20
93.28
16.27
68.50
5.49
90.30
9.63
9.13
4.23
26.90
61.83
82.31
23.66
19.40
67.32
13.53
72.10
90.69
41.09
78.56
70.06
22.76
47.26
29.44
64.67
94.50
13.61
74.61
72.47
71.20
12.63
78.71
18.96
66.95
17.38
23.35
9.96
3.60
18.80
23.86
20.35
36.53
87.06
9.42
79.67
53.91
55.42
78.51
29.46
98.34
32.42
13.96
85.53
79.02
99.54
81.89
87.92
32.48
4.51
20.39
3.98
29.28
62.81
69.79
5.70
63.40
17.66
67.39
54.54
85.97
20.28
86.31
8.67
49.51
80.61
74.94
2.86
24.47
39.53
19.79
31.05
13.77
17.36
34.58
85.49
12.24
52.96
68.83
72.54
64.25
80.25
79.03
11.83
92.25
51.91
77.04
11.12
12.94
91.12
54.30
70.85
35.24
40.87
8.71
3.69
78.26
14.88
98.94
8.67
32.76
85.80
65.44
8.48
68.74
20.96
81.15
95.77
20.56
50.33
71.44
56.86
56.79
11.15
93.78
31.14
53.64
25.94
89.03
79.13
10.39
24.56
56.47
95.92
49.91
11.68
41.23
19.89
99.65
41.14
92.55
7.26
64.14
75.45
9.15
90.30
21.09
57.85
57.74
36.93
75.12
49.49
53.48
48.47
24.57
46.40
26.67
13.20
35.27
18.26
76.88
22.94
15.02
94.37
20.39
44.56
29.09
34.25
44.26
85.65
10.39
78.85
68.65
97.28
4.61
49.34
54.83
29.71
86.90
55.49
25.56
73.38
86.06
67.96
72.00
96.57
91.18
86.41
58.39
76.32
42.68
60.31
21.94
25.02
61.31
17.45
66.61
20.04
83.27
97.44
33.09
70.99
16.34
53.99
86.51
10.48
96.17
91.09
61.29
21.51
8.33
75.54
64.53
91.91
8.84
10.62
11.24
47.32
27.76
27.42
26.81
82.66
54.34
60.16
71.18
92.49
37.50
89.54
34.42
75.72
68.19
22.14
16.27
98.22
26.21
16.09
24.14
84.07
9.14
16.27
52.93
74.43
2.74
3.21
100.96
67.80
27.20
97.38
65.67
43.85
42.22
72.23
60.79
99.83
4.72
96.31
71.07
46.39
34.72
12.97
64.85
25.76
50.98
27.31
57.25
75.91
30.16
65.86
16.65
33.00
69.85
10.91
64.38
77.18
7.33
19.54
62.94
81.77
63.96
35.53
95.38
43.20
90.00
19.48
63.29
45.50
12.00
79.22
89.06
4.73
53.19
30.54
17.67
45.13
99.40
36.22
29.71
64.93
10.51
55.24
7.17
88.39
5.24
48.36
85.17
77.05
13.06
12.13
69.58
92.31
59.51
75.07
43.00
27.03
63.34
74.36
83.68
25.83
11.93
17.46
19.79
82.46
13.00
46.97
26.71
86.54
9.54
42.57
45.24
40.08
24.78
87.33
78.97
3.76
70.60
6.29
70.41
73.62
13.77
47.46
69.45
74.06
37.93
98.00
33.74
90.96
18.96
37.92
45.40
80.11
34.67
23.91
23.49
8.46
98.71
7.45
27.58
80.47
33.46
72.02
98.01
45.44
84.25
88.79
23.34
21.12
32.58
15.84
57.79
35.79
40.11
32.48
29.82
24.04
79.30
1.36
58.40
55.22
33.42
62.41
45.96
97.68
100.30
26.48
42.96
36.26
87.05
36.07
19.24
73.57
23.89
20.66
64.73
77.42
3.08
37.44
88.68
87.90
75.40
29.39
22.90
46.36
14.86
8.40
92.06
100.11
64.34
97.22
62.65
81.65
3.12
78.92
1.61
56.41
12.58
95.83
31.25
60.97
46.88
91.15
85.44
62.55
89.56
88.89
15.41
90.97
4.56
90.00
14.42
84.66
22.36
52.78
68.55
12.75
25.32
12.26
71.60
20.90
2.09
85.04
2.41
56.74
5.91
42.12
30.34
39.55
58.95
34.58
51.64
46.99
39.26
16.13
45.63
4.93
95.18
47.51
74.92
65.70
4.11
99.05
14.08
42.05
69.68
68.51
18.50
84.02
78.59
59.98
74.93
55.14
85.27
51.60
99.21
53.20
22.49
30.16
68.88
8.16
99.81
15.78
5.32
83.37
89.69
71.73
76.36
36.00
6.10
26.99
78.39
5.83
37.02
23.69
30.64
34.54
69.62
57.13
23.70
6.17
46.29
18.68
65.65
32.33
51.88
26.43
29.45
68.40
15.03
55.43
83.39
39.43
51.56
44.47
20.70
17.70
15.87
31.47
45.24
7.19
43.70
28.23
71.17
1.86
3.06
46.58
98.07
59.01
75.05
3.51
100.71
66.78
92.17
6.67
26.07
42.81
6.64
43.36
7.44
68.96
20.90
43.14
3.38
32.96
58.93
40.73
74.82
5.26
99.95
3.10
49.30
64.66
29.97
1.05
8.87
41.23
94.13
73.86
96.80
73.14
50.21
90.62
20.98
78.11
44.46
10.44
29.56
26.98
44.20
34.33
57.75
18.50
58.88
8.09
60.13
76.84
94.94
39.67
88.87
15.26
43.93
62.55
48.95
98.42
42.91
48.74
57.33
8.32
66.65
62.90
8.96
40.06
4.61
78.06
21.55
38.63
51.26
50.71
34.27
58.34
98.22
63.24
87.50
66.86
50.67
5.56
14.38
9.22
16.32
91.47
32.69
3.13
14.28
19.98
61.71
93.17
44.19
78.90
92.62
29.15
69.16
22.25
63.14
83.69
59.15
95.83
94.33
26.83
97.44
99.40
61.73
98.91
75.36
36.75
14.04
16.18
99.38
69.71
34.82
12.10
25.08
50.59
3.33
59.67
41.98
53.71
96.13
77.50
13.11
14.16
28.75
54.35
42.40
67.05
34.28
5.69
7.66
88.96
69.17
7.42
87.72
96.59
7.53
33.09
65.92
93.48
92.65
10.24
27.96
85.89
2.68
62.21
62.24
69.60
35.75
34.24
5.50
76.30
34.86
30.02
95.66
92.22
34.59
20.81
19.24
52.88
71.42
40.88
27.66
62.18
13.83
42.08
18.98
16.60
96.72
61.42
60.88
14.79
88.86
89.75
79.23
18.35
90.17
24.74
14.14
60.73
2.82
73.17
92.44
40.78
62.29
90.19
83.13
38.10
44.63
17.72
69.35
69.59
97.70
84.85
97.32
7.58
23.26
61.77
52.58
1.90
17.70
62.24
7.18
24.78
50.75
9.36
60.46
27.17
88.28
42.65
23.08
23.60
4.63
92.05
37.92
6.76
81.55
75.20
22.78
64.21
48.23
75.88
37.63
2.86
27.25
55.60
23.10
59.94
13.38
94.42
14.36
1.54
88.30
91.63
24.76
24.15
64.31
76.02
15.73
51.31
17.39
75.07
15.08
72.83
6.85
3.45
13.86
12.72
42.15
35.37
90.22
97.99
72.66
67.70
78.07
17.25
59.05
14.98
67.49
86.06
99.65
9.54
50.00
15.76
45.08
21.81
100.25
84.04
98.11
10.61
36.64
25.57
44.30
3.51
16.77
10.44
13.09
61.52
12.03
92.98
95.38
81.83
44.73
26.55
83.12
90.21
9.15
28.51
100.06
2.58
21.29
23.16
63.08
45.94
97.35
12.96
98.70
75.12
82.53
18.27
3.26
3.29
51.59
18.98
54.54
42.61
55.43
25.77
81.83
17.38
60.97
33.06
11.24
31.13
90.88
79.75
72.02
54.37
52.23
20.58
42.04
8.09
31.31
12.74
22.65
67.05
3.35
95.77
6.17
34.67
14.87
45.01
51.85
41.19
36.50
96.43
35.39
95.50
14.34
95.54
9.46
63.75
36.77
69.67
61.48
77.60
72.25
74.77
25.04
23.46
54.75
11.60
67.78
37.33
44.97
22.10
24.52
22.55
17.85
90.37
26.32
89.03
58.17
25.13
15.48
80.70
76.41
46.33
92.84
15.37
88.14
39.21
2.62
18.00
80.00
18.43
36.58
4.02
50.05
88.50
10.41
19.33
94.71
70.94
34.16
1.60
65.72
95.14
8.13
14.44
99.82
18.74
8.97
4.51
84.66
6.89
75.98
47.51
3.88
35.93
62.34
16.22
61.39
35.89
22.84
83.72
40.32
90.76
1.11
43.29
52.21
40.54
78.94
71.49
31.56
63.80
72.15
62.26
97.65
46.19
67.79
86.33
72.68
9.45
33.40
91.27
39.54
53.55
8.47
36.57
88.27
83.74
42.68
45.17
85.37
7.41
24.92
16.83
97.99
49.31
21.39
16.77
24.24
37.85
19.34
95.70
44.56
6.57
59.11
24.49
28.51
21.56
8.06
23.41
7.41
42.26
97.62
54.19
51.70
15.76
42.96
12.12
91.11
31.75
89.79
27.11
56.64
79.94
46.21
87.18
59.31
90.95
27.09
51.24
95.33
47.06
30.58
49.33
5.16
94.55
18.79
88.23
46.69
37.99
99.11
7.84
84.07
92.76
46.03
58.96
50.64
31.52
19.69
35.36
93.74
100.83
22.95
20.03
55.44
50.04
6.64
16.92
33.50
25.38
5.02
78.96
23.02
77.55
21.86
42.05
4.65
46.52
49.04
69.55
68.93
71.86
38.30
18.74
57.96
15.45
52.46
59.73
21.89
26.19
89.13
81.42
14.33
7.71
18.55
42.73
62.65
1.62
8.69
14.45
66.55
96.50
33.02
37.60
20.82
26.02
57.25
25.15
15.73
60.17
49.45
62.30
95.62
59.26
16.26
76.84
21.15
88.31
54.11
5.39
6.97
40.16
12.01
22.37
18.57
3.35
16.35
91.78
42.84
33.66
75.79
85.14
96.61
99.44
90.68
25.65
30.57
76.56
94.11
19.17
58.66
1.34
82.99
93.43
27.80
34.35
78.52
72.14
2.52
95.91
17.64
16.32
20.37
28.89
59.29
82.61
81.25
79.19
13.25
24.53
61.19
77.10
30.90
3.61
26.34
25.16
4.00
47.02
94.75
72.93
72.38
13.97
1.18
97.79
42.05
23.02
39.47
7.93
53.15
91.58
33.82
18.65
28.38
7.66
32.55
7.48
12.15
17.43
24.68
33.23
97.14
76.11
11.24
33.31
62.59
96.85
50.53
43.50
45.39
11.07
11.83
56.96
86.83
40.98
64.83
17.75
93.12
61.24
71.35
88.87
89.20
36.06
100.59
60.45
73.48
55.33
70.01
78.42
89.74
62.10
8.00
14.66
2.37
14.74
14.81
35.65
41.98
22.67
83.82
47.82
61.33
15.64
8.64
47.15
25.57
56.29
46.32
8.36
93.72
62.07
9.44
18.07
7.54
86.45
63.54
59.46
58.76
96.03
15.21
14.59
66.04
65.82
82.48
23.89
92.67
69.48
49.76
60.20
78.10
91.25
5.33
38.03
72.37
53.30
67.95
60.04
3.85
85.25
6.85
50.96
3.12
29.62
68.06
51.43
22.34
82.20
20.19
94.34
64.14
71.94
23.61
20.86
80.66
2.43
19.23
57.16
22.87
74.80
22.23
42.72
34.88
9.70
30.98
82.23
17.80
60.44
100.89
16.52
2.58
67.14
72.09
12.04
54.69
73.38
45.21
59.92
85.68
87.37
87.91
77.95
43.63
2.98
6.63
89.49
100.39
32.02
53.87
17.27
49.51
15.27
94.40
89.36
69.51
71.39
51.89
55.04
10.97
51.23
19.22
35.55
40.54
93.57
59.90
75.35
100.50
36.01
11.85
1.86
49.15
63.03
20.84
19.02
97.63
69.85
4.05
83.10
13.00
22.34
86.47
2.86
75.55
19.28
1.38
10.61
66.40
49.66
68.31
26.94
67.01
72.93
90.70
68.08
36.05
42.37
7.95
9.79
94.40
48.62
77.99
95.24
57.64
56.43
20.67
77.47
72.93
58.73
66.98
68.66
5.76
44.36
36.95
19.12
78.04
65.31
17.33
59.67
75.55
4.13
72.62
74.99
92.08
22.93
39.10
52.45
28.41
43.70
18.40
73.82
8.94
64.73
43.53
28.48
66.26
94.87
25.88
92.09
90.42
16.57
64.14
55.85
86.92
76.71
89.71
67.10
52.74
37.29
6.32
4.78
1.83
91.36
77.07
72.06
94.09
42.40
16.48
69.68
84.07
41.64
30.21
66.42
90.77
26.35
75.12
94.28
85.02
19.54
67.12
25.21
45.05
95.78
75.61
97.07
64.23
11.95
93.64
99.05
97.16
79.93
99.17
46.18
43.40
37.18
86.07
69.90
27.36
22.64
47.89
32.82
62.81
4.92
2.19
93.09
88.29
80.91
84.69
83.45
89.51
13.24
94.85
18.04
50.51
98.83
54.43
49.03
11.06
39.60
17.44
18.38
27.55
71.07
71.95
54.50
25.64
92.07
13.12
43.80
20.31
60.36
97.42
52.99
23.91
16.17
40.64
82.87
13.25
81.29
40.14
18.79
37.90
83.42
68.69
52.24
22.24
44.36
92.68
38.86
38.69
90.79
94.32
7.44
89.58
38.63
12.11
87.75
11.80
65.07
19.28
20.24
47.71
13.08
74.42
45.63
75.29
27.31
5.65
16.02
34.53
13.50
20.77
38.13
98.59
79.11
95.74
26.78
22.07
28.77
72.36
25.69
13.27
65.91
49.64
99.74
92.30
26.70
52.35
8.25
75.43
45.22
85.41
76.90
30.79
16.08
44.24
41.21
96.70
70.27
60.18
23.96
39.74
24.33
95.77
39.01
22.53
73.99
47.62
25.73
58.24
9.27
42.19
66.70
11.21
62.32
100.93
69.27
1.87
29.43
36.76
31.76
27.94
35.49
46.17
70.33
92.49
20.81
55.94
12.95
33.50
7.84
76.32
89.35
90.56
82.98
1.05
17.01
53.96
27.99
15.75
67.43
85.40
93.13
23.86
95.73
46.82
46.67
2.49
79.64
47.80
1.79
37.74
23.00
35.68
63.48
66.75
52.95
74.49
1.11
3.83
66.03
96.66
27.46
73.65
46.01
39.71
74.82
17.83
16.70
64.34
53.34
100.71
93.70
59.95
76.11
67.35
17.04
44.67
82.55
11.54
62.61
89.05
76.48
100.65
17.09
30.55
43.01
21.46
28.34
64.88
91.60
21.27
76.06
24.34
68.90
80.91
23.63
97.01
62.95
10.98
8.40
63.00
3.88
50.57
25.27
84.68
31.74
78.67
94.53
11.87
19.80
11.34
1.14
31.00
2.40
26.86
64.18
99.35
12.58
49.12
6.67
81.17
32.38
14.58
50.63
92.61
2.79
46.65
86.12
91.05
71.32
73.70
22.11
69.57
47.37
50.21
78.70
81.12
94.33
64.47
62.53
21.15
60.59
60.39
29.39
25.38
23.15
29.07
46.44
66.81
35.30
36.04
38.57
31.94
24.32
90.72
12.40
15.48
79.77
66.94
37.90
96.77
73.90
27.51
47.50
13.87
31.58
32.03
49.43
100.23
75.96
15.05
32.00
44.75
48.67
9.32
60.39
70.38
98.47
65.30
88.75
95.57
32.86
5.34
64.30
27.48
18.39
68.01
99.03
34.14
64.41
91.64
45.27
35.53
60.87
22.25
16.99
35.98
90.50
65.23
84.09
84.00
49.52
21.39
39.66
3.54
24.76
73.24
3.03
38.21
65.90
21.85
3.35
3.14
79.25
72.30
9.21
96.85
9.38
65.41
35.58
10.76
18.22
73.46
42.72
58.15
72.46
36.08
94.96
58.55
82.78
11.17
25.17
76.19
21.00
30.43
26.55
17.93
71.19
31.77
17.39
2.90
23.76
24.10
17.51
17.29
90.07
44.36
15.93
70.85
86.81
2.52
34.43
34.69
72.00
1.92
43.61
78.76
82.04
3.16
43.90
69.82
80.97
23.37
49.40
66.97
46.48
17.47
48.74
1.59
11.87
84.34
97.79
29.47
48.11
15.00
18.21
31.37
50.20
21.12
12.23
99.00
1.00
10.30
23.02
33.22
25.84
31.01
84.82
68.66
96.07
58.29
30.61
12.90
9.95
19.83
1.64
92.90
70.53
58.42
5.04
67.73
50.72
94.87
51.35
84.72
48.17
21.19
79.75
21.31
41.49
94.35
60.11
32.57
90.76
92.67
88.49
43.87
49.08
6.91
54.42
90.17
54.17
19.96
92.28
41.15
8.52
10.71
5.65
92.29
43.14
85.20
26.25
50.50
50.22
91.76
47.10
54.18
93.93
97.62
46.86
45.59
15.05
20.27
72.76
41.56
17.28
81.88
60.67
14.39
8.07
23.29
19.39
52.01
1.38
7.27
98.13
1.23
84.77
53.70
36.41
22.19
47.43
13.40
58.21
38.95
97.50
23.25
22.25
25.13
5.48
55.27
23.94
100.60
63.61
91.93
14.60
97.74
2.56
66.15
56.75
75.11
83.02
82.96
70.19
20.01
15.84
95.36
32.38
39.27
43.73
60.22
92.38
13.71
16.61
3.92
17.16
32.35
48.95
29.74
20.57
31.24
91.37
5.73
47.38
65.30
76.83
5.26
18.17
91.59
29.41
17.42
81.30
21.94
78.83
80.86
48.51
95.69
81.17
32.29
94.32
67.06
59.72
72.29
78.61
44.38
27.70
28.99
95.98
67.91
30.26
16.11
53.95
52.60
65.60
44.28
24.00
84.27
86.01
37.60
50.28
15.34
86.06
52.87
26.24
5.69
41.97
4.12
19.55
37.70
14.09
5.20
98.27
78.90
76.35
85.65
40.62
65.79
80.17
61.49
85.62
65.39
36.37
24.05
68.58
43.36
19.93
39.16
75.62
29.24
47.07
86.17
1.25
52.28
10.83
73.40
70.85
15.07
43.56
87.38
99.70
23.40
64.42
18.79
90.54
34.71
78.81
71.28
13.53
75.95
34.23
74.95
9.05
54.78
31.55
98.10
34.13
31.77
6.93
14.61
56.09
65.28
29.83
40.31
84.92
15.12
58.21
8.19
9.44
21.37
40.97
74.41
11.94
48.86
87.46
16.84
87.87
49.30
76.94
36.92
17.58
46.94
55.58
54.23
4.27
76.33
76.97
8.91
16.11
64.79
39.95
50.88
61.97
12.29
28.79
81.56
94.00
35.31
32.75
14.78
79.06
61.46
16.19
73.43
75.05
67.29
43.93
16.06
38.96
47.71
22.19
10.19
62.60
24.91
70.69
84.86
24.32
80.51
20.09
85.37
86.61
63.45
82.44
28.83
49.50
28.11
80.02
28.22
17.07
46.04
55.17
79.00
48.76
27.11
48.18
67.90
31.36
95.24
55.33
89.16
35.26
92.89
35.27
83.16
26.61
74.75
56.12
25.32
9.59
55.73
16.02
10.10
13.55
50.55
30.94
13.03
17.63
25.47
88.89
18.47
76.91
99.24
40.92
42.69
74.92
20.32
2.15
78.04
2.07
78.72
48.64
9.52
55.57
30.37
6.18
12.38
38.79
35.41
4.60
73.14
15.54
45.26
78.44
85.60
71.41
12.27
42.83
41.01
97.34
10.36
30.03
10.30
36.81
20.91
21.58
3.69
56.66
8.68
23.29
60.91
14.94
54.76
56.25
61.85
38.37
43.58
21.89
1.95
7.23
19.94
58.92
98.78
1.91
57.99
45.68
6.50
58.19
19.54
53.23
33.95
89.97
16.00
2.72
70.83
94.29
83.44
34.22
5.12
8.16
87.00
70.72
48.73
10.52
17.53
43.69
76.15
92.54
98.53
38.62
37.38
63.52
87.77
95.00
1.06
54.23
85.36
25.32
87.27
67.72
6.71
85.72
13.71
56.57
68.84
92.49
14.70
70.38
5.63
21.29
1.46
47.88
15.67
17.49
82.88
63.63
24.55
9.59
66.10
31.27
99.14
54.24
79.39
18.16
72.43
49.57
34.76
90.02
1.36
66.59
51.53
28.09
82.15
14.00
85.79
45.53
22.58
9.48
93.35
81.98
63.42
30.73
47.83
64.71
65.34
44.31
24.55
100.25
7.41
85.71
73.70
65.85
4.20
35.84
53.18
49.77
26.16
9.42
83.02
14.15
45.59
43.30
98.07
7.86
56.05
44.87
1.01
20.31
24.18
33.16
50.38
52.51
40.71
98.93
83.03
62.58
89.21
90.46
54.78
69.91
27.16
81.57
69.28
11.88
65.79
75.20
20.75
71.24
30.63
77.51
84.95
74.24
12.55
15.55
7.13
65.19
84.95
45.91
49.20
31.69
20.12
12.22
49.23
56.62
6.22
84.69
91.14
77.38
50.71
19.87
36.05
73.32
35.87
67.50
51.46
27.68
63.20
77.99
19.31
91.29
58.57
79.21
80.30
49.87
62.29
23.41
6.47
71.04
16.45
62.50
93.15
45.53
5.50
64.68
17.82
64.79
19.72
35.30
95.28
87.78
78.88
10.36
6.04
62.42
59.71
19.25
2.57
14.28
41.31
74.53
95.16
97.52
84.45
28.35
64.85
63.37
9.80
20.89
16.01
2.92
55.28
28.47
24.00
15.01
19.63
77.81
76.24
26.38
15.04
31.15
63.86
32.08
2.29
19.80
94.59
12.63
26.59
18.02
22.53
49.38
27.55
9.07
59.11
1.05
1.47
71.89
34.99
52.10
7.94
3.58
20.15
89.56
24.88
100.07
88.86
53.01
78.09
8.17
81.35
41.94
27.79
30.41
48.94
91.34
70.46
92.24
12.98
78.29
27.80
78.14
5.67
8.72
87.29
50.48
24.84
64.19
4.61
6.87
98.48
85.41
47.51
91.72
67.77
10.89
95.08
49.69
63.17
15.15
96.01
53.93
37.56
35.56
56.93
52.02
30.94
6.26
87.78
68.74
47.69
64.90
11.74
2.40
36.21
27.75
13.08
9.25
32.12
100.47
35.21
18.82
80.68
75.40
46.52
47.15
27.59
14.96
9.81
27.49
78.37
72.05
26.42
93.24
13.76
10.20
58.53
20.40
90.88
4.93
68.90
31.93
77.36
73.82
45.52
88.32
9.77
56.95
18.45
65.12
51.25
74.61
8.71
98.69
45.99
21.49
88.57
56.36
32.81
39.48
31.70
61.39
66.54
26.37
60.28
35.14
43.29
20.02
7.40
37.71
21.18
13.50
66.37
89.09
89.75
85.31
42.66
49.59
77.94
6.48
71.80
94.83
34.01
2.53
31.60
15.21
59.45
10.49
95.17
92.06
8.80
34.92
80.52
23.16
15.76
95.77
43.45
41.00
51.69
87.34
52.41
22.25
31.82
79.43
87.64
61.43
20.15
58.47
18.45
5.32
9.91
56.89
24.08
16.69
51.99
23.67
67.48
25.57
86.74
71.92
15.05
51.61
100.74
85.99
39.39
79.27
42.43
68.34
87.35
69.13
84.31
68.72
61.17
42.44
99.54
3.58
78.07
22.46
95.98
75.96
6.89
7.75
69.30
65.39
91.86
45.99
96.62
28.66
70.98
64.73
77.23
67.30
17.88
1.66
35.28
73.26
20.86
84.69
63.60
8.79
58.30
64.09
23.30
16.55
3.03
99.79
18.65
18.84
48.61
31.94
26.14
16.24
88.37
31.53
9.62
14.94
46.57
67.28
96.16
59.35
98.51
28.45
80.90
100.87
45.19
78.12
14.27
56.17
100.85
27.48
7.65
79.94
60.55
22.77
15.32
17.48
93.76
1.27
94.83
73.13
9.74
1.96
50.05
64.36
72.74
22.81
23.43
20.50
25.26
34.40
71.00
36.46
97.50
62.58
3.76
36.54
59.45
86.19
4.02
17.68
12.41
45.82
75.95
4.25
36.26
55.96
9.88
43.27
95.52
69.99
34.40
46.37
92.92
3.15
16.29
56.55
88.56
77.83
3.93
56.71
47.52
42.80
6.02
4.23
44.84
29.11
7.82
53.28
78.03
100.36
63.00
91.95
7.30
94.03
25.87
63.89
10.14
99.10
10.26
82.96
44.54
23.79
99.68
16.56
29.08
13.83
10.21
52.59
83.10
70.59
17.28
96.29
15.52
84.87
61.30
2.74
91.48
40.12
100.34
45.09
56.21
64.38
14.19
64.33
11.35
76.49
15.39
11.42
89.47
1.55
39.58
66.07
23.47
96.67
53.63
93.69
70.17
70.89
92.36
35.74
5.40
63.58
41.00
16.27
69.33
49.97
78.36
6.31
51.75
40.82
99.98
93.33
31.82
18.97
45.02
99.07
96.81
58.42
86.21
31.40
19.47
9.64
68.48
28.67
16.70
72.72
15.21
75.13
67.61
63.52
60.12
95.85
6.27
24.71
8.61
8.74
86.96
69.06
18.56
12.77
69.41
64.88
53.68
39.04
8.30
18.78
90.44
28.57
82.32
10.46
8.32
51.11
27.87
94.32
49.04
75.01
27.36
96.81
59.38
28.64
93.80
22.52
3.00
18.60
99.87
27.35
71.23
36.18
1.29
42.39
7.74
15.81
62.29
40.70
36.74
65.97
88.63
43.08
94.55
19.47
88.27
8.67
52.35
85.18
35.74
12.80
36.22
15.89
4.96
74.63
61.74
53.98
20.67
20.30
2.68
68.55
2.11
77.96
19.02
93.07
55.43
67.15
46.94
87.99
66.95
68.21
25.07
45.25
96.70
68.11
48.94
34.25
26.10
62.27
72.64
80.26
63.62
19.22
38.74
40.99
100.79
34.24
26.21
38.27
41.09
26.20
5.32
6.10
58.36
16.16
70.46
33.57
58.11
82.15
18.64
53.07
94.04
14.35
78.27
35.36
11.34
28.67
9.69
14.26
36.70
68.93
68.78
8.75
25.35
64.73
68.21
35.83
84.85
19.91
12.72
11.34
47.48
34.24
76.92
25.88
49.66
59.31
17.00
82.23
72.92
95.45
97.49
13.68
28.28
17.63
84.26
9.82
21.57
67.25
97.36
69.03
79.67
21.06
7.09
92.01
61.98
97.38
45.33
9.44
1.21
53.61
37.17
18.09
97.81
96.98
20.28
90.70
14.16
40.92
6.06
23.30
1.39
12.11
5.63
40.64
45.43
38.90
3.91
74.15
54.35
12.56
24.68
70.01
88.68
54.89
43.81
77.16
7.83
23.83
10.67
77.44
95.71
90.48
88.46
80.02
88.03
46.97
85.72
14.56
8.74
89.23
96.46
83.74
55.27
34.13
2.03
11.29
78.35
72.18
9.48
31.94
19.21
90.29
24.19
29.09
71.50
29.06
1.90
43.31
79.77
86.07
69.28
51.25
5.24
63.39
39.13
72.10
68.91
30.69
5.00
45.70
9.01
76.32
36.90
22.51
28.89
77.41
37.82
54.20
78.67
72.26
73.85
18.81
35.91
95.38
92.94
20.14
54.60
18.37
21.92
56.95
49.57
29.30
18.34
48.88
68.44
21.38
90.08
45.92
1.52
63.90
12.77
72.84
47.69
96.68
42.84
13.61
54.49
27.17
56.26
21.45
16.69
99.39
98.20
85.38
34.44
64.41
37.09
29.79
66.23
20.03
83.47
27.28
82.26
6.41
19.55
56.48
70.34
63.57
70.49
23.50
12.48
59.33
52.77
91.25
48.53
5.57
2.66
46.07
74.54
20.93
92.81
88.63
19.85
91.55
12.06
69.66
82.72
86.26
93.37
6.59
53.35
19.71
11.43
23.18
97.77
56.51
82.10
94.47
42.39
94.53
10.22
14.18
83.31
26.65
88.61
92.06
81.70
19.10
33.10
96.31
86.40
54.75
47.38
10.24
23.61
2.92
28.63
97.00
3.57
63.71
52.24
94.95
36.99
36.22
42.04
100.89
53.93
43.36
24.30
79.07
90.11
7.30
22.78
31.65
33.46
34.10
48.38
100.63
46.79
31.08
6.87
55.75
80.72
4.73
12.04
19.62
3.54
10.06
34.07
35.50
13.05
41.18
51.72
90.47
39.95
66.10
12.19
59.36
63.47
44.64
12.01
50.05
20.77
100.34
50.01
43.03
64.93
85.29
52.30
10.48
34.45
40.81
52.69
3.20
75.34
33.18
43.37
18.30
43.27
78.00
98.23
85.22
26.76
15.39
21.95
12.27
3.76
39.05
31.70
84.93
32.39
90.36
20.18
26.05
5.01
22.23
34.39
92.08
17.63
14.69
85.11
66.33
37.07
8.36
72.24
77.13
81.38
54.75
45.44
14.36
83.49
77.22
91.57
88.98
53.59
96.96
29.91
58.35
16.34
17.87
49.47
95.90
21.56
24.43
98.97
4.59
42.92
65.36
2.08
65.28
41.73
9.10
51.36
19.45
65.78
26.94
50.88
58.76
64.82
70.31
31.45
67.08
55.99
83.64
12.91
4.59
12.65
65.83
90.07
77.90
12.00
98.46
15.00
81.00
29.78
60.06
79.98
6.71
80.98
16.86
79.88
8.78
69.94
96.93
20.08
16.98
33.46
67.50
74.61
16.63
1.93
33.06
34.44
31.57
94.27
78.63
44.71
94.24
50.27
26.56
26.02
43.65
82.19
54.52
50.79
16.31
10.75
7.40
97.69
21.60
12.06
79.99
95.23
66.83
45.23
3.53
52.49
29.54
99.38
6.44
13.11
6.67
79.17
82.44
7.29
41.85
78.25
32.02
42.43
45.84
6.05
97.61
8.90
79.52
81.71
20.53
18.34
37.58
83.72
18.21
68.02
28.08
30.81
8.14
14.61
32.63
48.47
68.18
74.26
89.70
69.23
36.32
9.02
72.16
20.94
10.22
84.32
83.10
61.94
91.41
17.50
23.94
2.14
94.44
74.30
88.31
39.43
8.71
24.47
23.31
50.56
68.89
54.41
17.73
22.90
70.80
22.10
25.14
43.11
54.80
30.91
15.13
95.08
99.79
60.98
71.42
61.90
49.75
2.73
64.05
45.74
9.84
65.03
91.20
70.95
29.44
22.30
96.34
85.99
47.48
31.97
11.64
51.01
77.45
57.10
16.39
75.78
87.59
85.46
67.64
30.51
96.60
4.76
13.13
58.46
44.92
51.32
77.81
63.86
3.68
81.17
72.30
76.44
1.16
53.12
14.56
27.43
28.94
72.82
25.76
43.08
15.31
59.64
28.10
7.39
3.48
23.86
73.44
50.97
83.54
56.14
53.80
94.58
96.05
25.65
31.44
4.24
8.27
35.30
96.68
9.64
16.23
13.46
46.64
74.93
84.64
5.84
31.39
52.15
16.21
10.26
32.99
61.82
68.45
82.28
68.61
52.27
31.23
11.55
89.43
1.02
44.49
30.84
37.00
57.17
97.24
32.54
52.08
6.75
76.49
24.21
3.80
36.92
56.31
30.25
21.73
8.48
85.01
47.91
38.72
80.55
39.17
83.50
97.93
39.72
79.29
47.65
33.40
28.45
86.52
96.90
88.43
35.61
89.41
17.66
57.94
94.99
41.20
11.91
52.87
59.02
97.01
85.34
62.29
93.62
62.05
54.35
11.07
46.14
87.78
15.41
20.97
13.66
31.98
61.26
96.35
65.35
25.67
59.51
93.13
16.64
64.49
76.48
45.73
27.80
42.69
97.62
72.38
50.37
38.25
14.72
62.85
55.87
78.07
31.23
39.59
37.89
85.55
73.02
79.39
75.67
28.55
17.38
32.92
79.72
53.45
76.75
10.56
84.38
7.83
77.62
50.42
24.77
57.22
83.63
15.49
80.04
34.17
35.46
23.46
48.18
95.67
56.42
34.60
10.79
50.32
41.18
28.90
38.13
3.52
93.40
14.93
31.22
59.08
91.18
6.02
72.59
3.97
55.31
18.74
33.54
25.22
90.06
50.64
9.39
98.37
43.89
47.71
41.24
26.82
68.84
69.33
51.23
34.67
44.59
54.90
39.08
60.55
39.74
55.41
72.99
34.28
59.39
12.48
48.71
81.22
57.85
69.79
24.00
8.58
14.47
5.59
51.31
16.63
13.23
26.51
98.91
90.92
2.61
98.94
78.97
44.39
46.82
27.82
77.19
73.40
6.69
51.05
47.06
33.32
7.47
31.70
59.03
20.79
62.45
62.70
10.47
57.60
39.08
13.43
20.62
6.25
63.92
24.00
94.88
37.03
64.17
25.79
15.00
62.46
14.26
49.28
34.94
33.04
19.07
87.18
9.36
54.66
6.94
84.55
42.80
98.64
80.92
85.35
40.00
19.94
30.81
79.73
17.54
56.31
12.53
13.49
59.30
5.21
22.44
88.77
95.53
74.49
71.29
55.91
34.23
82.20
80.86
74.63
80.25
82.77
35.91
12.29
13.55
7.50
29.44
85.09
36.15
74.98
69.63
31.33
80.63
57.89
12.55
84.30
100.39
78.53
28.85
61.59
74.87
66.02
11.73
27.50
86.31
22.53
8.25
11.68
98.76
33.25
68.88
85.16
49.38
33.67
3.66
93.79
38.18
57.91
95.05
16.58
27.99
3.22
94.47
99.63
72.83
85.42
64.87
20.65
80.55
3.24
77.73
36.67
12.35
7.81
7.22
29.71
63.62
52.43
87.78
58.31
5.62
78.73
36.96
86.87
78.58
31.26
12.32
26.64
24.93
84.21
72.19
83.44
93.27
40.40
76.96
7.63
46.45
94.95
47.84
56.54
8.98
25.56
66.43
5.06
99.34
29.69
14.90
53.07
8.65
23.96
12.53
65.30
17.46
40.33
35.90
9.27
50.49
9.52
24.85
48.51
14.99
95.61
93.73
24.29
81.03
21.33
39.26
60.03
41.56
48.15
3.00
10.92
27.66
35.31
41.29
48.12
1.37
17.02
22.23
34.15
38.29
74.63
79.53
72.57
24.11
19.71
80.98
16.14
49.50
52.55
60.21
12.13
42.85
8.98
1.66
28.98
14.40
13.92
87.21
76.60
8.49
75.99
19.39
9.32
52.70
66.19
21.57
34.56
66.52
79.81
81.12
60.71
26.54
75.08
3.41
79.74
36.38
32.50
79.64
11.70
51.06
32.90
65.68
74.54
25.55
27.44
68.56
55.51
35.22
91.54
54.97
64.46
7.80
78.69
22.83
73.11
29.60
1.96
82.57
48.16
53.10
69.64
46.37
44.03
66.11
1.39
10.19
1.43
92.26
63.55
3.80
6.76
60.05
28.57
44.54
90.86
90.36
23.39
20.74
68.44
87.08
60.66
77.35
18.09
54.92
53.48
59.01
47.15
67.25
59.48
27.88
60.02
57.36
35.10
26.54
1.95
96.12
18.13
71.14
11.97
67.68
67.04
45.22
63.32
72.37
67.65
73.03
75.89
74.80
21.56
4.36
55.85
32.31
33.20
72.81
19.33
86.26
66.81
38.09
82.88
3.96
16.45
61.74
100.95
85.77
66.32
5.39
92.78
2.10
39.94
96.57
28.40
21.11
94.08
87.82
94.57
13.41
94.37
66.44
31.78
98.96
32.90
13.10
84.69
34.99
81.88
32.80
20.41
65.41
99.10
62.39
27.60
69.10
72.94
99.75
16.79
99.70
50.44
3.48
9.10
99.01
42.24
42.10
55.12
21.28
37.39
24.65
81.89
99.55
3.06
57.63
75.74
20.84
65.34
49.76
17.77
77.90
84.87
60.13
50.22
66.22
83.06
26.40
79.77
21.46
100.56
30.47
23.78
26.11
71.53
61.21
94.65
20.52
78.25
47.00
83.89
30.19
14.34
23.93
68.54
48.96
4.18
18.54
12.33
8.67
51.43
9.30
24.45
17.95
25.76
2.86
35.72
28.12
65.33
16.74
44.44
66.25
37.94
98.46
42.47
2.19
99.92
83.46
89.04
19.04
61.96
6.55
66.14
9.35
56.20
63.04
93.65
26.19
30.63
66.35
5.79
40.94
9.97
6.53
97.61
86.08
93.59
20.45
91.23
17.76
89.52
29.19
22.50
99.70
67.56
76.60
8.47
20.02
58.23
11.91
83.06
48.72
12.82
61.31
51.41
85.89
91.21
66.84
92.18
69.89
76.08
1.96
18.44
6.36
56.72
20.71
25.97
59.66
65.89
100.64
35.39
95.06
68.50
90.05
66.00
47.50
21.98
66.09
72.42
9.61
10.72
63.45
74.09
37.81
11.05
63.21
65.84
97.16
16.90
24.71
33.33
65.09
67.34
82.23
89.24
76.22
59.77
23.29
4.80
90.12
70.25
76.49
12.59
74.81
12.11
51.74
50.57
9.41
94.57
24.13
100.00
66.56
18.59
91.74
27.63
60.95
86.99
92.47
6.00
63.09
100.06
90.47
82.13
70.92
36.64
37.02
27.54
59.72
18.07
22.52
52.91
47.63
22.75
20.07
43.89
82.05
44.12
41.85
58.35
76.22
56.44
8.56
16.57
13.66
29.26
42.63
88.09
39.17
59.44
29.98
83.48
13.83
76.77
10.14
54.84
37.53
49.34
79.84
30.07
76.29
38.26
29.50
67.98
4.10
89.55
4.10
48.39
79.76
85.24
80.13
67.36
12.82
67.19
60.91
62.53
83.96
97.87
26.45
78.75
39.91
52.63
12.62
14.22
45.15
80.08
21.87
18.88
99.89
3.93
24.85
80.91
27.93
13.23
9.13
43.53
77.86
97.62
1.93
77.22
41.11
80.83
95.48
34.46
13.52
36.51
95.64
65.63
3.78
38.10
45.67
18.73
32.38
68.56
33.28
12.20
80.01
84.62
28.30
20.58
28.64
48.96
42.21
51.50
26.90
60.49
46.11
79.64
61.30
34.71
70.62
24.22
21.89
34.81
91.97
67.74
63.69
34.87
38.60
68.68
26.63
15.93
22.60
33.71
32.18
70.03
57.78
51.11
6.96
34.31
79.59
2.10
23.85
49.15
58.08
28.31
51.01
83.80
100.38
44.54
37.87
10.99
95.52
15.22
88.08
58.79
10.48
43.43
22.76
65.88
60.92
74.16
71.63
55.94
16.38
17.52
73.62
52.97
63.34
36.63
24.81
97.71
7.34
56.79
59.68
74.66
43.90
85.20
33.01
66.93
57.93
40.73
75.81
80.45
34.95
46.47
43.60
22.92
56.37
27.39
24.26
38.56
45.06
27.27
12.79
18.04
78.28
98.25
92.79
18.73
72.42
100.20
87.23
29.63
46.03
84.59
73.67
45.74
37.83
11.03
15.84
7.55
35.32
38.83
51.35
19.49
58.60
73.90
74.94
22.01
54.84
70.56
20.43
39.73
46.48
60.57
62.03
65.36
7.09
72.14
72.17
74.11
18.88
49.89
41.19
37.18
83.90
53.56
88.11
71.10
95.63
54.37
80.38
72.62
58.22
16.05
53.22
37.63
9.09
13.09
78.82
47.81
23.25
13.51
65.26
72.34
4.29
66.29
41.50
68.69
83.07
14.31
40.63
86.71
37.19
64.20
60.84
41.41
12.07
10.67
88.71
64.91
56.74
78.82
90.08
26.06
44.49
73.10
5.81
32.88
40.43
77.72
89.87
78.32
15.76
37.28
59.15
89.44
85.92
51.72
11.29
85.07
61.65
51.08
56.49
1.90
17.82
81.27
58.27
60.31
30.78
9.44
62.89
74.43
88.93
63.02
18.62
73.40
4.12
61.92
35.29
80.99
79.58
85.81
25.29
43.86
34.05
29.47
76.60
4.86
31.79
66.86
58.67
68.51
7.39
87.64
13.76
98.16
51.91
81.99
11.15
8.84
87.79
43.87
44.49
52.40
15.94
72.96
5.27
17.11
39.27
30.25
69.57
35.49
81.83
98.06
12.54
16.36
16.61
28.88
10.78
82.52
21.33
21.39
91.89
69.95
60.05
97.37
91.24
14.75
86.57
51.56
24.37
15.88
12.31
14.51
69.12
56.98
89.86
34.33
16.51
28.96
16.58
87.79
27.62
93.72
58.44
34.89
89.28
37.01
66.38
70.14
84.36
30.19
51.58
56.99
18.71
81.98
13.15
87.85
3.40
96.41
97.24
100.94
13.05
7.28
36.40
73.13
35.74
7.12
35.74
43.21
56.76
49.98
22.54
84.68
57.83
20.10
76.71
59.40
31.11
43.97
33.86
94.46
83.32
50.33
58.62
41.09
12.48
66.41
90.78
7.17
77.21
65.61
87.68
17.72
13.26
33.51
1.28
95.02
100.42
27.21
17.64
27.68
68.31
62.81
52.73
49.96
99.66
22.87
4.54
94.39
96.20
17.01
33.99
11.20
50.78
89.29
51.49
73.15
56.80
9.74
98.44
93.00
19.94
5.64
17.65
59.91
32.93
31.29
67.97
6.63
37.97
74.80
17.26
3.18
76.07
74.73
5.64
63.89
94.28
15.69
65.87
5.40
25.26
77.48
46.23
91.64
93.23
88.08
95.23
12.27
73.20
57.00
61.50
95.84
79.04
5.20
75.23
72.87
45.57
61.99
62.01
13.35
69.58
57.46
82.99
83.22
15.14
34.63
33.51
85.57
1.63
34.66
85.24
62.26
24.62
26.74
42.16
47.54
74.27
3.92
83.20
60.30
10.40
60.91
97.49
72.71
9.95
13.84
76.83
61.64
90.31
28.56
73.38
16.37
18.22
26.65
53.14
85.66
30.88
60.66
63.79
69.98
11.07
59.69
43.23
60.56
83.16
24.72
85.56
97.21
48.53
99.44
9.41
6.44
82.71
60.44
88.39
59.54
97.54
31.13
39.47
73.98
5.78
58.60
39.62
95.76
97.88
56.21
5.09
15.68
6.58
40.26
88.38
50.94
2.99
48.47
76.39
100.23
72.31
55.97
4.66
82.50
44.73
15.04
6.88
54.92
14.70
91.50
8.38
60.41
100.77
72.85
63.88
17.32
96.23
65.95
35.04
55.13
52.01
8.44
44.51
21.21
8.08
85.52
63.70
85.82
87.24
64.11
49.60
68.55
56.80
74.33
47.53
96.46
65.69
79.61
26.26
97.35
13.48
59.29
51.44
85.96
97.33
77.15
79.11
14.16
3.82
44.46
26.12
4.64
70.45
95.76
50.04
65.21
11.45
67.07
38.30
83.17
9.34
75.17
100.70
50.88
100.86
2.93
26.75
55.62
60.59
72.10
74.20
85.02
24.10
38.30
20.71
70.35
66.66
70.67
14.82
74.32
53.26
46.53
71.50
22.61
34.07
19.04
84.00
70.31
75.34
63.23
80.57
30.45
27.28
38.70
6.57
9.21
62.02
61.83
19.35
83.13
25.03
32.27
68.68
11.91
1.84
72.28
39.14
98.93
6.91
13.18
12.07
22.69
79.52
76.86
21.98
93.92
80.88
84.61
9.35
18.85
23.98
10.89
68.05
10.92
62.42
89.48
61.69
75.96
52.68
57.38
94.53
97.94
84.06
33.01
100.68
31.70
84.53
74.27
49.52
8.27
90.33
86.83
1.80
99.19
72.43
9.47
37.48
26.96
39.91
4.21
100.41
91.21
36.50
26.92
53.45
14.43
10.21
95.46
99.58
70.87
50.83
75.87
41.33
70.20
26.07
80.31
89.47
68.49
20.26
54.27
59.15
86.13
63.24
17.62
37.07
75.73
42.80
4.59
8.48
25.98
41.97
95.07
21.42
44.44
57.61
59.08
70.93
26.66
67.85
2.29
26.72
73.39
89.35
89.88
13.27
48.96
41.24
2.57
82.64
22.98
95.02
63.89
12.10
71.47
90.67
9.32
33.14
39.28
28.62
2.46
79.22
57.14
36.57
62.84
31.02
61.34
14.60
62.81
57.52
84.49
95.89
44.15
5.59
5.67
11.37
96.60
28.36
6.78
93.78
99.72
39.17
21.67
77.38
51.69
27.65
99.09
67.10
43.43
44.35
47.21
78.14
84.93
13.78
27.08
47.32
35.62
33.14
1.34
17.31
7.48
4.04
3.68
39.70
60.63
99.32
77.25
53.29
62.51
96.74
67.42
94.35
94.07
35.61
67.66
73.81
35.49
6.52
10.34
78.06
62.30
53.33
61.18
5.19
47.75
23.76
49.00
99.57
85.32
60.00
21.98
41.17
4.04
31.84
23.50
7.99
69.09
82.37
57.31
51.02
95.70
48.42
78.15
27.67
13.38
15.24
62.16
73.36
47.07
96.95
97.80
10.83
41.34
15.68
85.60
78.51
11.33
2.21
59.61
9.73
6.26
27.53
12.76
16.51
88.10
16.05
34.44
83.57
75.38
74.51
85.47
6.09
1.20
50.21
65.15
69.49
1.57
11.26
38.36
2.98
98.18
39.34
22.17
71.40
61.45
43.00
12.22
4.71
93.01
89.67
46.85
23.64
25.89
52.30
50.57
11.56
64.53
51.61
78.18
78.68
35.41
6.87
5.63
30.25
25.65
88.73
78.08
52.70
24.97
95.91
72.20
16.84
59.14
10.89
6.10
67.54
8.94
58.25
20.18
100.69
96.41
18.87
49.82
50.49
60.12
79.17
55.01
77.13
79.81
8.69
19.92
68.91
93.58
83.51
4.44
17.83
12.66
87.43
73.19
1.22
66.05
69.75
99.26
17.74
80.28
36.33
12.70
25.72
58.62
1.99
3.62
38.21
77.45
59.34
31.17
84.29
74.95
9.04
33.04
29.61
49.70
83.53
31.42
59.31
99.74
64.53
11.25
28.75
2.78
17.28
47.20
68.40
29.70
6.30
70.19
7.99
70.47
49.48
11.67
1.87
7.67
53.82
71.75
82.30
33.63
28.11
60.09
54.71
24.87
43.42
78.97
40.29
86.93
2.94
52.59
1.31
53.80
38.32
59.76
50.12
78.17
86.03
31.06
43.28
36.95
35.08
22.99
27.84
18.60
31.71
96.19
42.95
14.12
38.62
65.77
80.57
31.77
79.01
1.64
20.88
86.75
95.18
74.50
18.37
73.49
2.82
29.92
37.40
99.52
76.95
81.71
34.67
62.60
21.27
6.95
27.40
58.92
96.97
83.02
27.76
99.77
28.87
38.35
42.31
24.42
64.96
69.59
35.50
7.95
30.38
44.36
16.00
53.63
22.50
16.33
55.60
60.66
11.27
33.41
67.17
3.07
25.48
85.51
17.67
4.46
87.42
97.49
57.93
27.53
50.46
18.35
96.16
13.76
51.26
6.07
50.43
35.15
97.38
82.19
15.16
67.51
48.05
11.07
64.30
23.99
94.89
88.55
81.66
41.33
20.83
84.26
8.95
19.07
84.94
5.32
100.01
93.75
68.71
14.93
73.85
80.15
65.37
56.76
76.31
1.93
1.38
73.83
53.48
75.98
45.73
34.51
97.87
12.79
62.34
65.03
19.46
74.08
27.15
62.60
36.48
33.01
71.60
27.19
27.45
79.95
84.69
79.62
9.76
17.44
41.54
11.99
15.88
59.57
12.19
13.35
77.10
2.58
1.53
11.95
94.74
82.03
58.90
27.92
44.52
87.70
40.36
3.76
81.57
40.93
17.76
24.95
42.54
94.82
40.44
13.47
61.48
23.52
10.09
61.92
68.29
76.40
46.79
20.27
15.78
97.07
17.41
18.29
89.97
23.33
38.53
41.94
8.52
49.23
58.71
23.46
53.91
5.45
24.45
48.32
41.75
94.71
48.88
49.46
32.55
55.17
24.09
90.24
96.24
76.12
19.46
48.48
96.47
51.51
17.50
77.92
34.74
74.02
35.81
89.10
88.91
13.37
35.97
91.89
58.59
6.61
23.02
69.53
7.39
31.55
10.68
15.57
20.55
55.65
47.95
24.99
4.84
11.72
28.38
28.12
18.68
41.82
10.16
67.52
36.15
82.21
51.19
35.92
97.32
32.57
22.85
58.33
13.53
46.55
64.97
58.04
27.43
33.29
30.30
29.57
68.89
62.40
25.70
56.65
12.62
32.47
26.09
100.11
12.61
59.14
6.67
32.00
79.13
57.83
52.51
90.01
11.73
32.59
65.22
34.81
85.21
20.32
17.64
73.60
85.98
10.62
33.45
15.51
16.23
96.88
70.38
54.37
23.28
2.08
77.57
90.82
75.95
67.01
22.74
38.42
91.61
33.64
4.48
74.91
12.70
94.45
17.48
74.27
74.80
36.00
41.43
83.32
98.81
90.32
87.62
86.81
10.99
90.30
24.53
90.62
27.95
70.41
78.40
82.10
27.29
13.24
94.22
16.24
53.35
51.20
5.67
46.23
70.88
68.44
4.13
8.79
17.88
72.10
32.01
65.97
97.93
22.77
26.14
41.37
84.91
84.08
100.86
75.65
31.19
39.59
47.41
88.56
95.00
32.36
73.15
93.64
3.24
38.51
68.05
9.97
50.98
65.43
70.94
34.20
6.67
38.33
35.46
9.06
22.58
55.02
34.43
25.85
8.55
9.44
13.20
47.75
36.72
65.52
81.46
94.44
99.47
9.46
69.53
82.71
57.78
94.33
1.75
29.55
66.72
6.77
38.99
17.20
76.75
95.54
98.32
83.35
48.50
42.76
65.11
57.74
18.09
29.83
8.35
74.29
16.67
92.59
77.87
37.12
4.55
14.72
9.49
67.90
6.62
20.14
12.09
52.97
41.48
73.37
39.64
17.75
77.49
43.87
56.06
17.36
84.98
32.82
12.86
34.41
73.08
95.07
24.20
4.97
80.48
43.99
65.67
46.74
25.56
82.70
98.32
50.66
46.73
61.85
10.31
8.10
70.65
78.12
43.81
2.79
90.03
47.31
90.58
73.51
43.96
72.60
88.15
58.06
4.08
1.66
23.26
43.14
95.06
5.61
19.05
35.15
21.52
78.06
29.69
21.36
65.71
59.51
61.84
53.10
6.38
25.54
3.68
14.50
75.16
69.87
25.57
14.48
66.06
99.44
14.33
82.52
29.41
57.36
68.63
21.14
81.17
31.90
21.94
80.34
94.67
53.95
9.74
73.18
10.09
18.02
96.63
80.62
5.52
72.08
47.85
5.00
45.33
2.20
71.60
1.56
41.66
23.47
27.38
93.90
61.66
90.79
71.29
62.47
7.35
59.52
50.69
28.92
92.80
14.19
18.89
48.80
51.68
88.99
59.24
78.16
33.78
55.33
91.07
5.10
23.62
66.41
27.97
1.15
44.14
93.65
35.12
15.77
46.56
8.60
22.10
42.71
87.63
70.88
5.54
18.37
33.87
82.03
52.00
65.63
6.58
16.92
90.82
21.74
66.81
56.56
39.61
5.07
26.60
14.55
48.92
79.66
36.57
57.76
93.63
32.21
12.82
62.56
15.90
46.32
76.49
91.91
36.38
24.52
1.16
66.99
61.80
25.69
30.65
24.81
54.74
56.01
64.19
41.61
32.07
32.02
67.97
44.10
70.47
15.41
96.62
81.02
23.69
59.59
43.50
30.71
45.39
40.00
52.41
76.98
91.63
25.15
56.02
9.31
99.75
43.41
88.89
67.21
85.44
64.18
1.92
29.39
60.90
59.00
36.74
50.59
48.31
27.57
21.01
36.02
80.52
38.87
98.33
17.88
35.64
59.85
26.09
11.41
31.32
17.57
93.38
38.13
68.32
16.16
19.94
66.00
50.84
10.02
100.83
37.37
33.16
56.31
34.48
61.92
9.27
1.73
31.03
83.93
45.86
88.30
29.68
30.63
46.02
11.68
87.97
93.68
22.60
10.44
3.94
22.99
64.00
9.16
84.94
52.64
24.91
26.00
13.30
36.47
20.44
86.19
16.42
76.43
62.34
39.61
80.74
30.16
86.19
45.56
38.67
14.83
59.36
19.91
80.30
78.57
7.67
21.30
12.81
65.47
6.09
1.03
6.87
57.84
20.46
10.21
95.00
87.95
7.09
65.63
36.02
64.47
86.89
1.91
6.13
16.48
30.96
11.28
75.66
11.15
14.77
20.00
14.62
49.61
7.13
77.02
41.77
44.41
70.69
23.31
49.57
40.36
35.95
36.36
74.99
77.64
25.26
39.67
48.61
33.91
22.79
71.77
81.29
63.04
9.94
21.43
25.25
50.39
80.72
11.24
36.75
23.54
37.97
5.79
15.59
72.36
80.45
12.37
20.87
89.65
60.11
79.88
21.38
13.95
18.02
91.53
86.28
41.03
84.40
67.71
61.85
51.87
2.00
85.46
69.51
42.18
96.86
32.51
37.06
93.44
53.92
11.40
19.46
10.60
35.55
17.87
72.39
83.31
54.28
66.02
90.00
45.12
37.77
32.05
14.72
31.92
86.47
90.63
45.94
48.26
6.76
71.06
97.19
70.23
36.95
62.77
14.38
53.50
47.11
46.43
61.95
77.08
48.90
54.10
17.14
84.90
7.12
39.37
34.53
77.43
76.54
37.74
93.41
10.87
13.03
16.70
28.54
56.12
76.08
11.18
24.79
96.52
54.98
66.90
46.56
61.23
58.94
2.52
56.75
45.55
24.60
53.35
66.72
82.82
92.29
13.64
50.36
100.59
44.42
4.61
53.30
93.50
6.52
42.32
23.98
83.96
4.37
49.59
25.17
43.10
5.34
79.65
31.52
96.94
22.27
6.67
92.91
74.88
27.56
63.17
3.13
36.18
85.41
66.94
36.90
8.34
39.05
79.39
32.96
81.11
76.02
99.10
98.70
20.42
48.76
81.94
1.78
47.66
5.47
14.63
41.00
20.94
38.01
48.30
29.75
85.26
55.57
65.35
20.97
38.94
75.37
90.56
42.54
57.14
50.10
52.10
59.77
46.04
72.46
83.43
33.65
46.86
78.00
87.26
14.80
80.19
46.87
46.10
84.81
65.26
19.13
85.35
58.84
84.77
4.58
1.35
21.00
66.55
77.05
41.40
61.85
69.63
18.61
45.59
1.94
20.19
59.07
24.89
69.00
32.17
31.80
89.83
59.07
87.53
35.57
56.99
19.77
27.91
17.42
94.73
41.33
13.94
40.31
20.39
63.25
73.54
80.79
10.41
89.35
15.10
18.00
12.20
65.40
60.97
29.52
76.49
18.54
95.65
89.53
52.60
17.00
25.36
84.67
5.41
98.43
34.39
9.11
19.74
5.84
51.84
77.59
92.07
22.11
40.20
83.81
67.99
57.50
3.97
70.74
89.80
56.79
74.53
84.88
78.61
38.57
67.75
53.30
18.85
56.74
6.17
38.50
53.70
13.28
100.42
26.99
96.63
6.53
43.36
95.84
93.51
56.29
17.98
55.96
17.40
43.58
87.48
28.92
16.87
46.64
70.55
34.50
13.52
55.56
57.71
65.63
92.71
24.01
22.54
91.15
51.00
74.21
43.66
22.87
42.53
30.73
82.22
55.32
45.02
65.36
11.97
29.74
92.14
83.86
53.11
81.72
20.39
77.00
68.49
47.06
62.30
54.42
83.91
15.82
42.92
100.47
19.12
23.35
57.80
49.16
46.36
27.95
10.94
38.88
86.28
13.29
67.63
43.99
28.76
77.58
47.14
50.21
79.33
20.03
80.67
19.97
17.17
84.70
27.37
3.89
37.55
1.84
23.09
51.00
4.77
3.76
82.09
16.56
37.88
30.30
28.34
4.81
82.67
93.86
24.03
1.22
92.20
38.62
45.73
74.09
58.84
74.65
86.91
91.24
9.20
12.70
3.01
97.82
20.16
6.12
90.43
43.70
45.94
65.99
96.92
36.00
26.98
98.71
94.79
94.46
34.72
33.91
10.03
83.53
91.07
30.41
2.98
21.96
33.49
81.52
72.43
16.15
41.35
83.42
35.60
1.16
6.95
18.23
98.93
41.66
15.90
4.77
38.27
53.79
41.91
15.09
77.31
27.72
5.17
74.03
59.82
79.70
99.64
63.06
4.37
24.27
81.22
7.42
30.93
44.37
51.51
44.45
22.21
39.38
61.32
69.07
24.19
13.65
47.20
94.61
14.75
5.17
25.29
33.85
97.69
18.71
59.93
61.56
36.66
63.20
44.06
86.76
15.66
100.35
19.58
94.15
74.81
12.40
51.30
40.02
22.98
5.02
12.27
49.75
65.39
4.02
53.87
25.13
81.70
61.92
1.58
8.98
92.63
33.06
40.72
8.80
27.51
60.95
14.48
26.91
98.56
8.93
36.85
94.58
98.87
77.78
50.80
68.06
97.58
62.71
49.55
10.06
81.62
39.99
40.32
84.21
23.48
99.74
14.93
28.81
13.82
17.09
10.94
48.29
81.28
27.17
77.00
39.46
1.55
96.26
6.28
63.21
10.15
50.11
82.19
83.49
94.96
88.22
91.13
17.83
83.18
53.37
40.35
16.97
79.73
6.31
95.58
71.42
24.57
34.95
18.17
2.57
24.30
15.87
85.46
19.34
97.60
52.72
9.71
25.59
8.71
12.25
88.38
48.64
97.41
18.33
56.47
23.17
15.22
18.16
7.70
68.66
65.59
64.30
10.52
71.54
94.50
60.54
41.18
82.52
37.22
19.81
98.07
80.27
76.60
22.19
49.21
65.73
37.33
76.64
19.92
5.99
97.53
17.47
72.38
91.91
82.19
74.63
24.58
56.26
75.25
92.00
92.25
10.23
2.34
77.17
7.66
85.23
45.87
80.21
47.91
25.42
91.91
10.87
94.56
68.70
66.14
37.88
78.60
95.55
2.80
12.32
21.76
20.10
31.61
47.69
49.86
83.18
65.20
71.11
29.14
36.76
61.05
16.69
50.49
24.38
29.83
64.70
12.47
25.47
68.78
42.36
72.81
83.24
87.28
55.73
8.35
86.02
14.14
2.71
63.93
92.06
64.49
47.18
90.21
8.01
17.29
31.95
26.36
4.77
26.06
33.91
73.61
63.95
18.29
9.44
85.03
57.43
35.66
73.71
66.49
60.33
85.56
17.31
69.88
92.86
100.84
31.44
62.56
23.34
18.42
39.00
47.86
19.99
71.76
42.74
22.62
21.14
65.20
26.48
32.03
14.20
67.87
35.59
11.51
20.80
80.03
97.68
95.49
3.22
3.27
52.73
5.95
41.59
78.21
30.24
90.09
38.68
61.33
16.80
24.15
27.80
47.22
6.98
31.59
63.90
97.48
51.57
60.19
28.54
56.37
53.13
83.28
50.43
89.61
78.16
12.51
18.57
94.33
19.10
23.06
92.40
50.33
41.39
38.62
93.96
71.44
44.30
25.99
52.62
93.29
26.28
10.17
47.15
56.16
21.77
96.30
55.88
93.42
55.67
38.85
93.66
31.53
43.97
48.81
72.26
96.78
26.97
96.37
24.56
24.32
49.29
50.54
20.07
35.01
36.39
22.33
98.16
49.67
60.51
39.43
20.36
55.53
3.81
98.45
40.51
60.50
36.43
9.45
9.43
62.55
83.43
10.67
42.16
74.12
85.97
11.28
58.33
18.42
76.83
15.97
78.99
65.12
46.42
13.06
28.89
22.03
70.13
92.68
18.59
12.32
7.12
89.19
30.47
75.00
95.06
16.92
12.28
18.26
41.89
35.44
13.29
3.64
9.66
33.17
66.46
99.57
4.00
77.97
96.41
34.79
41.26
85.00
33.48
9.93
78.89
59.65
70.60
54.99
59.82
73.75
92.61
73.88
5.64
3.38
80.61
85.24
9.08
81.97
78.23
19.42
11.70
90.97
65.28
49.76
55.55
69.32
31.91
38.38
88.55
97.75
21.76
4.99
7.85
94.88
12.58
28.58
25.33
8.63
16.82
73.33
58.34
22.75
13.59
36.19
60.15
51.65
60.63
15.59
12.03
15.44
27.06
52.07
29.59
23.66
10.78
74.42
16.39
87.51
32.18
91.41
29.62
88.78
34.16
84.00
65.97
70.20
24.52
89.00
74.62
47.61
58.98
67.68
3.36
46.95
30.87
60.77
29.63
100.66
7.90
74.30
61.10
72.29
31.18
8.60
89.59
61.11
4.26
57.69
61.53
16.94
44.65
36.20
38.16
66.18
25.51
77.96
68.33
96.29
22.84
91.12
25.90
16.50
25.31
79.89
95.92
42.12
94.46
24.18
38.61
58.64
68.88
93.13
59.89
85.25
63.63
96.47
95.92
44.82
3.07
30.86
79.06
64.57
19.63
48.32
52.33
59.00
79.91
99.60
97.10
8.61
27.77
77.55
88.50
13.78
36.23
3.01
11.16
81.76
82.69
73.37
49.60
86.15
9.91
82.72
69.13
75.51
25.78
93.50
35.38
40.97
90.67
76.41
86.50
98.17
91.12
63.08
48.22
48.59
90.54
2.11
80.84
31.07
4.83
50.64
54.37
62.57
4.29
81.25
53.61
27.89
29.86
4.27
52.26
2.32
89.45
77.23
85.22
42.03
74.97
54.18
88.06
29.63
81.05
100.34
92.40
90.93
93.76
75.43
39.83
2.55
53.50
100.63
22.18
65.36
75.54
55.42
8.69
82.96
34.21
10.08
91.22
37.23
26.31
66.24
29.55
6.25
30.48
62.01
61.67
16.90
24.58
31.07
5.88
87.85
97.33
32.17
79.41
49.18
18.19
23.04
96.03
68.48
73.98
6.10
42.48
73.95
62.06
68.92
36.18
36.62
95.19
36.13
21.33
38.00
62.98
12.96
91.64
83.33
20.43
73.63
43.05
9.95
88.59
36.41
17.07
89.62
54.79
35.65
4.24
12.35
55.69
30.96
23.63
52.55
21.65
25.33
64.87
97.08
97.91
38.59
14.85
26.84
48.59
1.87
60.02
8.54
59.17
85.47
14.29
43.53
94.26
99.85
3.36
47.18
81.66
42.12
21.72
50.54
88.55
15.03
97.70
69.96
8.90
39.27
67.35
13.24
41.41
27.04
58.87
8.11
61.89
16.19
77.58
9.21
75.61
84.03
25.14
4.93
17.82
95.20
83.49
38.47
23.73
24.27
79.95
4.68
57.46
18.19
57.82
55.49
42.85
81.11
9.30
100.01
25.74
20.05
26.78
22.93
87.25
92.75
12.71
68.89
44.16
79.24
95.16
25.57
66.57
27.49
25.57
71.71
14.87
85.60
67.81
16.70
45.08
92.41
94.98
91.64
87.26
83.59
56.66
86.32
9.46
23.57
62.65
13.63
65.50
43.46
67.12
51.00
5.33
93.58
16.40
35.97
35.53
54.22
48.63
14.72
87.00
28.33
99.62
58.90
82.23
15.15
46.04
68.39
42.07
62.58
6.30
50.38
53.72
10.72
49.04
38.78
72.28
72.57
83.10
99.69
32.72
83.97
80.78
63.76
61.65
13.44
61.69
9.75
27.42
93.36
29.29
67.79
83.84
16.86
4.34
21.93
7.82
29.69
7.23
80.65
62.94
55.04
1.19
56.34
40.11
48.62
59.03
88.63
52.04
20.18
87.06
7.87
43.33
58.80
53.44
96.82
86.69
70.50
76.03
40.72
22.64
53.23
10.96
34.45
79.26
36.22
98.52
77.05
80.20
17.78
6.02
9.88
92.73
30.49
13.32
62.73
13.39
16.73
65.60
70.20
89.31
26.66
92.69
37.94
13.90
44.81
53.33
72.00
47.73
6.44
71.66
12.47
24.64
33.11
5.40
89.02
32.23
19.11
4.33
18.25
71.61
27.65
24.24
9.44
64.00
83.90
22.78
11.23
58.12
94.16
57.94
42.44
89.11
58.79
64.54
5.81
16.97
89.29
31.26
18.84
87.26
86.46
51.85
69.40
9.81
47.32
34.62
47.43
21.53
38.74
56.41
72.65
27.25
94.92
9.33
18.94
46.11
33.74
83.72
93.58
53.26
47.40
90.85
61.28
48.66
51.54
13.58
5.16
25.76
71.51
75.95
25.42
56.86
82.32
21.65
33.68
65.90
42.18
3.17
77.91
35.10
47.19
97.39
100.49
76.00
42.53
63.63
2.61
28.27
94.35
24.39
62.36
67.69
85.65
46.35
96.54
57.30
1.78
80.20
35.12
69.46
85.81
86.34
4.45
55.66
6.25
49.45
60.58
81.33
34.40
25.86
7.26
36.04
75.42
99.35
95.14
47.38
63.85
55.03
77.01
36.46
14.27
91.75
3.24
9.34
5.47
99.70
15.04
68.89
19.21
68.17
27.92
5.58
13.85
43.98
37.93
19.59
60.10
16.13
10.82
28.17
72.72
83.09
42.29
51.97
50.22
8.46
27.71
26.91
84.23
34.04
61.91
71.89
10.23
34.51
7.34
31.39
35.42
81.06
80.53
57.10
47.73
83.00
76.60
47.66
24.68
95.97
49.46
49.03
58.51
10.59
33.61
23.77
48.56
10.13
76.03
19.60
49.60
89.60
30.12
28.44
16.41
61.35
12.42
89.53
77.83
20.11
98.91
26.09
74.46
30.84
98.38
32.40
82.48
76.62
24.29
37.53
57.74
16.64
14.97
19.60
50.36
6.49
28.22
96.87
40.73
24.83
26.16
50.85
58.12
9.40
67.42
94.11
15.81
7.95
42.22
47.21
91.55
90.08
79.94
3.29
8.90
27.35
15.54
25.13
14.40
2.71
2.58
89.99
84.47
73.58
41.24
88.32
8.05
40.87
54.73
76.82
87.70
65.98
24.29
22.11
56.18
53.23
82.40
22.10
25.25
82.70
89.64
39.56
21.71
60.02
13.23
11.85
57.07
31.49
58.97
30.08
41.01
61.34
20.83
58.88
35.99
61.60
70.46
59.77
27.49
80.22
50.98
48.98
98.37
71.91
54.32
46.60
75.38
8.21
50.98
83.51
19.51
49.36
34.59
25.72
89.82
91.92
22.39
45.94
35.37
42.03
14.20
61.89
28.01
43.64
21.52
15.64
41.49
68.77
3.32
2.98
55.82
82.06
43.30
71.67
13.60
18.86
41.80
57.35
70.83
52.49
82.21
88.52
71.47
37.30
81.63
84.64
96.29
21.87
53.41
11.09
92.20
40.35
91.37
72.00
47.62
70.16
80.26
98.43
34.50
10.38
9.84
79.15
19.02
33.34
8.08
42.25
61.64
20.98
26.14
79.56
31.91
21.35
45.92
92.55
13.71
3.08
49.25
59.75
65.04
4.67
40.77
13.45
90.99
18.05
42.26
4.01
23.30
7.87
5.76
63.01
18.94
94.98
40.01
13.95
66.62
39.74
10.21
75.68
68.81
74.99
99.12
30.60
88.44
13.44
34.35
7.06
10.77
24.21
52.88
58.99
71.19
24.54
79.76
59.81
54.88
4.65
43.27
21.36
74.31
97.80
12.19
48.82
30.73
58.34
2.40
80.60
99.34
53.36
20.00
25.97
10.39
15.54
94.09
64.61
76.83
29.16
83.59
71.80
25.31
5.42
4.92
37.79
41.06
84.47
60.37
68.35
49.69
12.21
12.39
24.30
26.50
72.04
91.45
23.63
48.51
29.50
2.52
6.05
69.09
28.02
57.85
20.06
15.10
32.15
86.01
55.60
84.68
70.66
52.11
10.21
24.27
17.02
31.69
88.39
79.84
6.12
44.12
2.50
28.63
90.76
9.22
60.57
29.22
19.79
23.96
11.18
38.27
64.69
98.21
75.50
79.00
63.96
60.32
13.24
60.61
79.93
74.49
42.05
23.10
3.47
59.19
46.36
72.70
28.86
56.48
95.19
33.23
12.94
87.26
64.74
59.94
17.48
90.32
14.74
55.37
93.60
23.24
35.88
53.39
58.07
78.19
100.23
55.72
80.15
41.74
44.48
50.37
96.57
100.72
9.97
54.43
50.22
29.56
4.99
12.27
87.10
27.20
7.07
36.49
30.12
34.49
75.15
43.85
90.54
36.90
35.86
56.69
75.47
25.19
5.82
62.25
69.42
11.19
39.05
77.07
24.98
49.54
53.36
64.46
57.66
75.18
26.78
92.17
24.60
76.40
94.49
10.44
9.73
78.02
20.44
65.39
46.23
63.68
65.17
51.02
62.97
16.39
20.47
8.47
93.81
9.59
74.34
65.26
85.67
35.20
98.26
99.77
10.22
36.60
7.82
8.72
93.69
5.32
35.14
1.05
42.04
35.34
51.58
38.95
80.35
40.04
13.12
74.56
6.94
30.40
66.88
11.75
98.05
93.19
1.95
37.19
23.42
6.28
6.18
60.89
31.73
2.15
65.63
4.08
32.43
16.61
4.08
37.95
73.06
12.49
86.79
69.31
36.71
30.43
13.63
84.61
92.81
96.72
65.84
97.54
48.98
51.07
96.04
43.73
41.64
28.67
5.80
20.53
85.49
50.52
94.37
79.64
98.06
60.90
48.76
93.75
51.52
81.00
22.08
60.38
2.08
98.05
8.71
64.06
44.53
91.21
73.98
21.58
23.51
62.38
68.45
63.67
83.14
19.84
41.37
7.36
5.16
81.14
49.72
15.04
75.31
38.41
4.90
67.01
74.66
57.31
75.10
79.09
29.18
54.33
42.37
60.91
41.96
94.25
9.28
75.96
20.13
52.63
54.32
94.42
14.44
31.32
2.93
53.52
22.00
91.67
75.28
95.04
10.29
67.48
43.54
100.82
34.56
26.82
42.83
55.89
44.82
51.14
8.87
38.59
45.80
94.28
73.83
67.12
19.49
13.32
44.44
74.51
19.92
10.45
60.01
52.00
62.49
67.16
43.46
54.21
41.45
26.97
43.11
41.88
5.92
12.26
61.57
26.09
34.35
95.04
58.47
66.52
74.38
54.45
34.17
12.65
83.55
91.66
81.33
21.66
44.04
9.10
34.58
25.08
19.01
10.52
41.70
13.62
74.78
19.74
56.34
48.70
2.23
19.25
1.59
70.37
34.21
26.27
97.99
28.70
81.48
10.82
85.82
61.86
39.41
93.26
99.54
26.78
43.31
15.02
2.73
26.84
7.52
4.72
19.94
71.91
66.61
14.83
61.37
2.86
96.34
91.20
100.07
71.15
100.74
95.15
80.41
18.04
19.87
17.27
56.07
14.65
67.56
75.04
31.84
36.87
53.92
90.53
18.04
23.80
55.39
93.73
14.90
100.04
67.46
64.89
5.24
38.12
13.67
35.46
81.68
41.41
54.77
25.32
97.60
79.23
18.17
31.40
92.91
54.39
97.86
62.30
41.97
13.45
19.87
38.67
14.85
56.90
86.78
83.12
50.22
86.97
41.15
90.26
40.00
73.64
8.57
6.65
4.32
14.98
74.52
45.30
93.57
82.95
15.60
62.82
36.36
64.87
71.41
20.87
25.43
47.02
13.40
35.37
15.61
33.52
50.48
68.81
26.13
19.32
44.80
87.93
93.44
50.78
23.72
44.85
56.20
12.06
36.54
5.60
33.90
100.35
48.28
22.66
16.34
23.87
54.59
58.32
51.33
60.47
6.78
6.52
20.28
40.19
66.54
24.39
12.11
62.12
62.52
55.00
40.64
36.53
45.01
8.07
9.54
28.59
17.26
30.86
25.32
77.75
84.25
17.35
47.50
15.57
69.74
51.30
25.25
92.59
30.05
18.80
14.26
4.99
44.66
19.80
31.13
3.88
78.35
41.93
31.07
82.38
77.82
2.92
33.98
35.97
42.38
15.95
7.87
84.96
20.72
82.46
82.17
9.86
22.49
83.73
63.12
60.89
3.15
75.79
51.60
87.89
10.55
37.45
89.07
88.59
24.20
42.22
29.28
84.74
97.05
42.13
36.57
56.30
75.35
96.00
10.08
32.44
19.07
36.28
6.93
7.97
41.07
11.56
17.55
73.26
4.63
98.91
90.92
4.70
86.82
46.12
27.30
68.26
2.56
32.12
4.16
97.26
30.90
16.10
25.04
27.49
8.80
76.13
12.54
41.71
25.11
23.12
84.20
55.77
50.51
80.02
100.39
64.57
42.38
63.21
50.59
37.14
21.94
43.27
33.23
77.34
77.79
90.05
84.91
79.54
95.13
17.60
35.45
51.26
79.73
44.57
46.33
81.17
82.33
64.33
52.00
3.03
98.85
6.28
61.56
95.49
94.71
